Metric,Value
AUC,0.8214672715797998
Pseudo_R2,0.20298585263112923
Log_Likelihood,-683.8346894018341
Recall,0.503968253968254
Precision,0.28159645232815966
F1_Score,0.3613086770981508
Accuracy,0.8461274845784784
