Variavel,Coeficiente,StdErr,Z_stat,Odds Ratio,P-valor,Significancia,Interpretacao
const,-15.120531260255198,1.5560959016124851,-9.716966187358205,2.7116692121099846e-07,2.552739374679168e-22,***,Intercepto
RWA_Credito_lag4,-48.42275013510261,6.076314462065545,-7.969098774825765,9.338278409314665e-22,1.5983567224493208e-15,***,Maior RWA Credito REDUZ risco (protetor forte)
RWA_Mercado_lag4,-0.39106599926078944,0.9831496928841758,-0.39776852100065774,0.6763355169220685,0.690800823321295,,RWA Mercado nao significativo
RWA_Operacional_lag4,2.0205563626484055,2.0997473224972962,0.9622854812098504,7.5425201430072315,0.335906220052127,,Maior RWA Operacional AUMENTA risco (direto)
Capital_Principal_lag4,-0.371481473493866,0.09745488010364263,-3.8118303885736444,0.6897117836603542,0.00013794152094751927,***,Maior Capital REDUZ risco (protetor moderado)
Alavancagem_lag4,-0.3409504858748935,0.10993813116966766,-3.1012941756186865,0.7110941165377964,0.0019267676928323755,***,"Maior Alavancagem REDUZ risco (direto, contra-intuitivo)"
PIB_lag4,-0.15131010329338349,0.08060215348984141,-1.8772464102023485,0.8595810983949895,0.06048432934362138,*,Crescimento PIB REDUZ risco (protetor fraco)
Spread_lag4,0.14114226538469393,0.07306800073462964,1.931656319669923,1.1515884675078831,0.05340193948217652,*,Maior Spread AUMENTA risco (custo de funding)
RWA_Operacional_lag4_x_Alavancagem_lag4,1.8890541686739732,0.31851931892056007,5.930736556501022,6.613110834686106,3.015787513206031e-09,***,INTERACAO: Risco Operacional x Alavancagem AMPLIFICA risco
