Metric,Value
AUC,0.8188684075780849
Pseudo_R2,0.2662216746613081
Log_Likelihood,-2711.9425241075805
Recall,0.7182539682539683
Precision,0.22318125770653513
F1_Score,0.3405456255879586
Accuracy,0.7597669636737492
