Variavel,Coeficiente,StdErr,Z_stat,Odds Ratio,P-valor,Significancia,Interpretacao
const,-16.4430288740552,0.8865330789422285,-18.547563835603615,7.225756033921331e-08,8.533283243417729e-77,***,Intercepto
RWA_Credito_lag4,-63.81067077059915,3.6882474912580023,-17.301081590062804,1.9381072126711026e-28,4.6164009949724824e-67,***,Maior RWA Credito REDUZ risco (protetor forte)
RWA_Mercado_lag4,0.3513687757159488,0.3016392750357629,1.1648641433523201,1.4210112637446415,0.24407398966847782,,RWA Mercado nao significativo
RWA_Operacional_lag4,3.5700239920376147,1.5338794589256446,2.327447552194304,35.51744527728939,0.01994145736955835,**,Maior RWA Operacional AUMENTA risco (direto)
Capital_Principal_lag4,-0.1901750027721632,0.05104702006826497,-3.725486865204726,0.8268144264649308,0.0001949386037488109,***,Maior Capital REDUZ risco (protetor moderado)
Alavancagem_lag4,-0.6786674343323988,0.06957061234623046,-9.755087837302485,0.5072925427839201,1.7544872889915182e-22,***,"Maior Alavancagem REDUZ risco (direto, contra-intuitivo)"
PIB_lag4,0.14621423721520663,0.059390472959104434,2.4619140062394855,1.1574441290977233,0.013819779719012914,**,Crescimento PIB REDUZ risco (protetor fraco)
Spread_lag4,0.37758579009465953,0.05603584697254269,6.738290049933123,1.4587585854634249,1.6026141143430046e-11,***,Maior Spread AUMENTA risco (custo de funding)
RWA_Operacional_lag4_x_Alavancagem_lag4,2.4756467671347147,0.3463559321575772,7.1476955850388055,11.88939429640525,8.82467364811578e-13,***,INTERACAO: Risco Operacional x Alavancagem AMPLIFICA risco
