Metric,Value
AUC_Train,0.8117242907801419
AUC_Test,0.6831446068269762
PR2_Train,0.28106460707830105
Recall_Test,0.3385416666666667
Precision_Test,0.23381294964028776
F1_Test,0.2765957446808511
Acc_Test,0.869431643625192
