Instituicao,Data,RWA_Credito,RWA_Mercado,RWA_Operacional,Capital_Principal,Alavancagem,PIB,IPCA,Spread,NPL,Estresse_Alto_P90,RWA_Credito_lag4,RWA_Mercado_lag4,RWA_Operacional_lag4,Capital_Principal_lag4,Alavancagem_lag4,PIB_lag4,Spread_lag4,RWA_Operacional_lag4_x_Alavancagem_lag4,Prob_Estresse,Score_Robustez,Alerta_Estresse
ABC-BRASIL - PRUDENCIAL,2017-03-01,19061607.0,232584.0,1094143.0,0.1433,0.0822,164.34,0.9630321349999972,41.17333333333333,0.0402954791988372,0,17277065.0,414769.0,867026.0,0.1368,0.0796,163.26,35.07,69015.2696,0.0003232819319527087,8.036662427015905,0
ABC-BRASIL - PRUDENCIAL,2017-06-01,19236390.0,237293.0,1094143.0,0.1442999999999999,0.0834999999999999,165.65,0.2193980018000196,36.63666666666666,0.0402673295452507,0,17075030.0,307589.0,867026.0,0.1427999999999999,0.0823,163.72,38.303333333333335,71356.2398,0.00043914940204593946,7.730231633462632,0
ABC-BRASIL - PRUDENCIAL,2017-09-01,19270424.0,283568.0,1273324.0,0.1467999999999999,0.0861,166.12,0.5911447296000016,36.16333333333333,0.0329056124348538,0,17249366.0,90803.0,944699.0,0.1472,0.0874,162.92,39.71333333333333,82566.69260000001,0.00039043567962944404,7.847856803288478,0
ABC-BRASIL - PRUDENCIAL,2017-12-01,20665491.0,583935.0,1273324.0,0.1399,0.088,167.13,1.144261174399985,33.526666666666664,0.026577292133229,0,18639509.0,20804.0,944699.0,0.1429,0.0827,162.73,40.38,78126.60729999999,0.00018284517676934596,8.606687929994855,0
ABC-BRASIL - PRUDENCIAL,2018-03-01,21911933.0,315525.0,1557492.0,0.1386,0.0914,167.98,0.7014778351999817,33.15,0.0222141839009887,0,19061607.0,232584.0,1094143.0,0.1433,0.0822,164.34,41.17333333333333,89938.55459999999,0.00018467455135800655,8.59673077240629,0
ABC-BRASIL - PRUDENCIAL,2018-06-01,23253971.0,186681.0,1557492.0,0.1308,0.0862,167.89,1.8887030879999989,30.82333333333333,0.0223962718550248,0,19236390.0,237293.0,1094143.0,0.1442999999999999,0.0834999999999999,165.65,36.63666666666666,91360.94049999988,0.00012188445894212228,9.012315128037663,0
ABC-BRASIL - PRUDENCIAL,2018-09-01,23016180.0,167142.0,1617034.0,0.1323,0.0878999999999999,169.35,0.7208535743999933,28.546666666666667,0.0284112324548673,0,19270424.0,283568.0,1273324.0,0.1467999999999999,0.0861,166.12,36.16333333333333,109633.1964,0.00012422244098678797,8.993312490455457,0
ABC-BRASIL - PRUDENCIAL,2018-12-01,23316278.0,185387.0,1617034.0,0.1343,0.0883,169.09,0.3894135824999978,28.71666666666667,0.0287347274496591,0,20665491.0,583935.0,1273324.0,0.1399,0.088,167.13,33.526666666666664,112052.51199999999,5.548727089080235e-05,9.799301428125895,0
ABC-BRASIL - PRUDENCIAL,2019-03-01,23265454.0,466120.0,1938594.0,0.1331,0.0896,169.51,1.507011320000018,30.386666666666667,0.0335030498396898,0,21911933.0,315525.0,1557492.0,0.1386,0.0914,167.98,33.15,142354.7688,2.5460089435543542e-05,10.578372991741166,0
ABC-BRASIL - PRUDENCIAL,2019-06-01,24302115.0,317540.0,1938594.0,0.1336,0.1003999999999999,170.58,0.710811074100004,30.69666666666667,0.0314216119284321,0,23253971.0,186681.0,1557492.0,0.1308,0.0862,167.89,30.82333333333333,134255.8104,9.427001093795095e-06,11.571923102576832,0
ABC-BRASIL - PRUDENCIAL,2019-09-01,25941906.0,283260.0,2098979.0,0.1277,0.1008,170.5,0.2600889164000142,30.59,0.0272878183189421,0,23016180.0,167142.0,1617034.0,0.1323,0.0878999999999999,169.35,28.546666666666667,142137.28859999983,9.398059493648435e-06,11.574997928841592,0
ABC-BRASIL - PRUDENCIAL,2019-12-01,27084242.0,352435.0,2098979.0,0.1253,0.1015,171.91,1.767530865000011,29.096666666666664,0.0258231018113451,0,23316278.0,185387.0,1617034.0,0.1343,0.0883,169.09,28.71666666666667,142784.1022,8.056604251803606e-06,11.729010342393712,0
ABC-BRASIL - PRUDENCIAL,2020-03-01,29620951.0,796605.0,2195289.0,0.1075,0.0825999999999999,168.09,0.5308473674999981,28.24,0.0258531577038829,0,23265454.0,466120.0,1938594.0,0.1331,0.0896,169.51,30.386666666666667,173698.0224,1.1985963898476847e-05,11.33176228197132,0
ABC-BRASIL - PRUDENCIAL,2020-06-01,30171365.0,163787.0,2195289.0,0.1182,0.0814,153.27,-0.4306129372000034,24.44333333333333,0.0261101426306096,0,24302115.0,317540.0,1938594.0,0.1336,0.1003999999999999,170.58,30.69666666666667,194634.83759999982,6.48848647026425e-06,11.945474775550764,0
ABC-BRASIL - PRUDENCIAL,2020-09-01,30359438.0,387407.0,1805855.0,0.1211999999999999,0.0902999999999999,165.34,1.2447095295999857,21.71666666666667,0.025601780006129,0,25941906.0,283260.0,2098979.0,0.1277,0.1008,170.5,30.59,211577.0832,2.633978710049036e-06,12.847012403538912,0
ABC-BRASIL - PRUDENCIAL,2020-12-01,28854946.0,275892.0,1805855.0,0.1319,0.0909,171.47,3.131382328999988,20.72,0.0345147437723706,0,27084242.0,352435.0,2098979.0,0.1253,0.1015,171.91,29.096666666666664,213046.3685,1.3260707047933107e-06,13.533289019785338,0
ABC-BRASIL - PRUDENCIAL,2021-03-01,30293081.0,197679.0,1983809.0,0.1255,0.0843999999999999,173.12,2.052492994999988,22.403333333333336,0.0325213797235161,0,29620951.0,796605.0,2195289.0,0.1075,0.0825999999999999,168.09,28.24,181330.87139999977,3.5307216287262084e-07,14.85659302053213,0
ABC-BRASIL - PRUDENCIAL,2021-06-01,30550477.0,163088.0,1983809.0,0.1264,0.0833,172.06,1.6786286369000036,21.46333333333333,0.03284628027131,0,30171365.0,163787.0,2195289.0,0.1182,0.0814,153.27,24.44333333333333,178696.5246,9.711029223495196e-08,16.147418374015544,0
ABC-BRASIL - PRUDENCIAL,2021-09-01,32439839.0,531430.0,2253756.0,0.1186,0.0797,172.27,3.0196768831999954,21.08666666666667,0.0320681693821317,0,30359438.0,387407.0,1805855.0,0.1211999999999999,0.0902999999999999,165.34,21.71666666666667,163068.7064999998,9.602145442067754e-08,16.15869409097712,0
ABC-BRASIL - PRUDENCIAL,2021-12-01,32929842.0,261620.0,2253756.0,0.1231,0.0864,174.3,2.958021687500012,22.62,0.0275292581781562,0,28854946.0,275892.0,1805855.0,0.1319,0.0909,171.47,20.72,164152.21949999998,2.25225446721989e-07,15.306163725837788,0
ABC-BRASIL - PRUDENCIAL,2022-03-01,32222417.0,246005.0,2325952.0,0.1214,0.0923,175.72,3.2006523548000043,24.72,0.024127603370839,0,30293081.0,197679.0,1983809.0,0.1255,0.0843999999999999,173.12,22.403333333333336,167433.47959999982,1.1987793129826748e-07,15.936791731306446,0
ABC-BRASIL - PRUDENCIAL,2022-06-01,35036807.0,242027.0,2325952.0,0.1183,0.0878999999999999,177.81,2.215266379399994,25.546666666666667,0.0179704827073759,0,30550477.0,163088.0,1983809.0,0.1264,0.0833,172.06,21.46333333333333,165251.2897,9.23687136660126e-08,16.19747742005503,0
ABC-BRASIL - PRUDENCIAL,2022-09-01,36150483.0,264371.0,2505389.0,0.119,0.0911,179.54,-1.3245430992000151,27.44,0.0174678180600925,0,32439839.0,531430.0,2253756.0,0.1186,0.0797,172.27,21.08666666666667,179624.35319999998,4.0451544159475384e-08,17.0231609792955,0
ABC-BRASIL - PRUDENCIAL,2022-12-01,37220790.0,308919.0,2505389.0,0.1192,0.0911,180.33,1.6286339977999995,29.036666666666665,0.0347867786999986,0,32929842.0,261620.0,2253756.0,0.1231,0.0864,174.3,22.62,194724.5184,3.152511556709168e-08,17.272481257789906,0
ABC-BRASIL - PRUDENCIAL,2023-03-01,38675229.0,305701.0,2708656.0,0.1158,0.0933,182.74,2.094210609200031,30.19,0.0362212577619481,0,32222417.0,246005.0,2325952.0,0.1214,0.0923,175.72,24.72,214685.36959999998,5.793242076073617e-08,16.663988607191047,0
ABC-BRASIL - PRUDENCIAL,2023-06-01,38110357.0,242894.0,2708656.0,0.1167,0.0888,184.28,0.760729877599986,32.02333333333333,0.0374514798174226,0,35036807.0,242027.0,2325952.0,0.1183,0.0878999999999999,177.81,25.546666666666667,204451.18079999977,1.3261415927107078e-08,18.138407062894938,0
ABC-BRASIL - PRUDENCIAL,2023-09-01,37696520.0,168011.0,3375428.0,0.1162,0.0909,184.44,0.6111867176000096,31.51333333333333,0.0404477898021852,0,36150483.0,264371.0,2505389.0,0.119,0.0911,179.54,27.44,228240.9379,9.077736641639459e-09,18.517440934969947,0
ABC-BRASIL - PRUDENCIAL,2023-12-01,40051360.0,275820.0,3375428.0,0.1167,0.0909,185.03,1.083587763199989,30.41333333333333,0.0429738352220979,0,37220790.0,308919.0,2505389.0,0.1192,0.0911,180.33,29.036666666666665,228240.9379,5.857564476219746e-09,18.955531932385725,0
ABC-BRASIL - PRUDENCIAL,2024-03-01,40801635.0,256905.0,3364420.0,0.1172,0.0935999999999999,186.65,1.415491577599992,29.896666666666665,0.0468672348455819,0,38675229.0,305701.0,2708656.0,0.1158,0.0933,182.74,30.19,252717.60479999997,3.1671583534853565e-09,19.570431066472242,0
ABC-BRASIL - PRUDENCIAL,2024-06-01,43324249.0,292162.0,3364420.0,0.1169999999999999,0.0876,189.49,1.053515670799987,29.07333333333333,0.0423469353827092,0,38110357.0,242894.0,2708656.0,0.1167,0.0888,184.28,32.02333333333333,240528.6528,4.9915529572613495e-09,19.115518756828397,0
ABC-BRASIL - PRUDENCIAL,2024-09-01,43959412.0,294153.0,3468896.0,0.1164,0.0846,190.99,0.8015076655999875,28.473333333333333,0.0269329718961553,0,37696520.0,168011.0,3375428.0,0.1162,0.0909,184.44,31.51333333333333,306826.4052,7.011361688518426e-09,18.775733898420512,0
ABC-BRASIL - PRUDENCIAL,2024-12-01,45887484.0,532008.0,3468896.0,0.1125,0.0967,191.11,1.47713535680003,27.96,0.0254598254132802,0,40051360.0,275820.0,3375428.0,0.1167,0.0909,185.03,30.41333333333333,306826.4052,1.8363660576407617e-09,20.11547718508488,0
ABC-BRASIL - PRUDENCIAL,2025-03-01,45269056.0,337342.0,3402820.0,0.1164,0.1099,193.61,2.040339737600028,29.313333333333333,0.0215784734124491,0,40801635.0,256905.0,3364420.0,0.1172,0.0935999999999999,186.65,29.896666666666665,314909.7119999997,1.1968545594471448e-09,20.543568920877224,0
ABC-BRASIL - PRUDENCIAL,2025-06-01,45660308.0,226434.0,3402820.0,0.118,0.1089,194.33,0.9327766831999762,31.666666666666668,0.0192834855609396,0,43324249.0,292162.0,3364420.0,0.1169999999999999,0.0876,189.49,29.07333333333333,294723.192,2.907475704385917e-10,21.958565680561072,0
ABC-BRASIL - PRUDENCIAL,2025-09-01,46916320.0,269152.0,3331457.0,0.1188,0.1108,,0.6304326271999727,31.94666666666667,0.017812048194808,0,43959412.0,294153.0,3468896.0,0.1164,0.0846,190.99,28.473333333333333,293468.6016,2.0506648100550858e-10,22.307686891670322,0
AF DO ESTADO DE SC S.A. - PRUDENCIAL,2020-06-01,679892.0,0.0,216573.0,0.3467,0.0,153.27,-0.4306129372000034,24.44333333333333,0.0807340334544402,0,602191.0,0.0,226852.0,0.3679,0.0,170.58,30.69666666666667,0.0,0.733469402760311,-1.0122968338880483,1
AF DO ESTADO DE SC S.A. - PRUDENCIAL,2020-09-01,709756.0,0.0,202975.0,0.352,0.0,165.34,1.2447095295999857,21.71666666666667,0.074944685716396,0,606203.0,0.0,220772.0,0.3767,0.0,170.5,30.59,0.0,0.7300385984226548,-0.9948184152676979,1
AF DO ESTADO DE SC S.A. - PRUDENCIAL,2020-12-01,780606.0,0.0,202975.0,0.3944,0.0,171.47,3.131382328999988,20.72,0.0714045150444045,0,672716.0,0.0,220772.0,0.3682999999999999,0.0,171.91,29.096666666666664,0.0,0.7070542522322566,-0.8811199677714264,1
AF DO ESTADO DE SC S.A. - PRUDENCIAL,2021-03-01,764115.0,0.0,190482.0,0.4226,0.0,173.12,2.052492994999988,22.403333333333336,0.0744004082687223,0,630480.0,0.0,216573.0,0.3675,0.0,168.09,28.24,0.0,0.6787943118401326,-0.7482364622785974,1
AF DO ESTADO DE SC S.A. - PRUDENCIAL,2021-06-01,751271.0,0.0,190482.0,0.4697,0.0,172.06,1.6786286369000036,21.46333333333333,0.0547110147052596,0,679892.0,0.0,216573.0,0.3467,0.0,153.27,24.44333333333333,0.0,0.5217300997535781,-0.08697518566994314,0
AF DO ESTADO DE SC S.A. - PRUDENCIAL,2021-09-01,721655.0,0.0,201077.0,0.5519,0.0,172.27,3.0196768831999954,21.08666666666667,0.0521030855732551,0,709756.0,0.0,202975.0,0.352,0.0,165.34,21.71666666666667,0.0,0.5363225773923562,-0.14554670276672949,0
AF DO ESTADO DE SC S.A. - PRUDENCIAL,2021-12-01,749456.0,0.0,201077.0,0.5819,0.0,174.3,2.958021687500012,22.62,0.0483310453158626,0,780606.0,0.0,202975.0,0.3944,0.0,171.47,20.72,0.0,0.5380898350862836,-0.15265510178449318,0
AF DO ESTADO DE SC S.A. - PRUDENCIAL,2022-03-01,750335.0,0.0,167376.0,0.5962,0.0,175.72,3.2006523548000043,24.72,0.0417729600940532,0,764115.0,0.0,190482.0,0.4226,0.0,173.12,22.403333333333336,0.0,0.5779371595999472,-0.3143109282591536,0
AF DO ESTADO DE SC S.A. - PRUDENCIAL,2022-06-01,743760.0,0.0,167376.0,0.6413,0.0,177.81,2.215266379399994,25.546666666666667,0.0287630436386139,0,751271.0,0.0,190482.0,0.4697,0.0,172.06,21.46333333333333,0.0,0.5495190979402326,-0.19872784475532618,0
AF DO ESTADO DE SC S.A. - PRUDENCIAL,2022-09-01,727014.0,0.0,187963.0,0.6808,0.0,179.54,-1.3245430992000151,27.44,0.0461139568274586,0,721655.0,0.0,201077.0,0.5519,0.0,172.27,21.08666666666667,0.0,0.5368702134210629,-0.1477490454626445,0
AF DO ESTADO DE SC S.A. - PRUDENCIAL,2022-12-01,730302.0,0.0,187963.0,0.6607,0.0,180.33,1.6286339977999995,29.036666666666665,0.0511997245360052,0,749456.0,0.0,201077.0,0.5819,0.0,174.3,22.62,0.0,0.569999314216251,-0.28184835393366603,0
AF DO ESTADO DE SC S.A. - PRUDENCIAL,2023-03-01,709971.0,0.0,214026.0,0.6714,0.0,182.74,2.094210609200031,30.19,0.0609057286074499,0,750335.0,0.0,167376.0,0.5962,0.0,175.72,24.72,0.0,0.6145251212077939,-0.46637378301991705,1
AF DO ESTADO DE SC S.A. - PRUDENCIAL,2023-06-01,688374.0,0.0,214026.0,0.7088,0.0,184.28,0.760729877599986,32.02333333333333,0.0490097677393147,0,743760.0,0.0,167376.0,0.6413,0.0,177.81,25.546666666666667,0.0,0.6362043912460593,-0.5589276858045109,1
AF DO ESTADO DE SC S.A. - PRUDENCIAL,2023-09-01,672391.0,0.0,247613.0,0.6618999999999999,0.0,184.44,0.6111867176000096,31.51333333333333,0.0662144313120011,0,727014.0,0.0,187963.0,0.6808,0.0,179.54,27.44,0.0,0.6758297768591249,-0.7346724767522135,1
AF DO ESTADO DE SC S.A. - PRUDENCIAL,2023-12-01,673609.0,0.0,247613.0,0.7,0.0,185.03,1.083587763199989,30.41333333333333,0.0757532217541502,0,730302.0,0.0,187963.0,0.6607,0.0,180.33,29.036666666666665,0.0,0.7078406732154248,-0.8849197370610219,1
AF DO ESTADO DE SC S.A. - PRUDENCIAL,2024-03-01,796894.0,0.0,279638.0,0.6153,0.0,186.65,1.415491577599992,29.896666666666665,0.0681205649022371,0,709971.0,0.0,214026.0,0.6714,0.0,182.74,30.19,0.0,0.7384848438058317,-1.0381083379314697,1
AF DO ESTADO DE SC S.A. - PRUDENCIAL,2024-06-01,1008123.0,0.0,279638.0,0.5202,0.0,189.49,1.053515670799987,29.07333333333333,0.0491803509407973,0,688374.0,0.0,214026.0,0.7088,0.0,184.28,32.02333333333333,0.0,0.7698225106689578,-1.2073092781529406,1
AF DO ESTADO DE SC S.A. - PRUDENCIAL,2024-09-01,1141940.0,0.0,311314.0,0.4997999999999999,0.0,190.99,0.8015076655999875,28.473333333333333,0.0406623358707392,0,672391.0,0.0,247613.0,0.6618999999999999,0.0,184.44,31.51333333333333,0.0,0.7700297841332197,-1.2084793900508601,1
AF DO ESTADO DE SC S.A. - PRUDENCIAL,2024-12-01,1175129.0,0.0,311314.0,0.5174,0.0,191.11,1.47713535680003,27.96,0.0381551788199799,0,673609.0,0.0,247613.0,0.7,0.0,185.03,30.41333333333333,0.0,0.7534253296402093,-1.1169650447650514,1
AF PARANÁ - PRUDENCIAL,2021-09-01,476920.0,0.0,295408.0,0.5096,0.0,172.27,3.0196768831999954,21.08666666666667,0.0374327982129575,0,414161.0,0.0,305888.0,0.4454,0.0,165.34,21.71666666666667,0.0,0.5665540102753469,-0.26780521870342927,0
AF PARANÁ - PRUDENCIAL,2021-12-01,487288.0,0.0,295408.0,0.5047999999999999,0.0,174.3,2.958021687500012,22.62,0.0350887655475548,0,463836.0,0.0,305888.0,0.45,0.0,171.47,20.72,0.0,0.576219327189541,-0.3072723240652048,0
AF PARANÁ - PRUDENCIAL,2022-03-01,495524.0,0.0,306509.0,0.5221,0.0,175.72,3.2006523548000043,24.72,0.0404967583411662,0,459456.0,0.0,296936.0,0.55,0.0,173.12,22.403333333333336,0.0,0.6043218475089142,-0.4235057813140794,1
AF PARANÁ - PRUDENCIAL,2022-06-01,499487.0,0.0,306509.0,0.6652,0.0,177.81,2.215266379399994,25.546666666666667,0.0468011315705519,0,456672.0,0.0,296936.0,0.5838,0.0,172.06,21.46333333333333,0.0,0.5767515029125696,-0.30945203252362835,0
AF PARANÁ - PRUDENCIAL,2022-09-01,537975.0,0.0,338670.0,0.5023,0.0,179.54,-1.3245430992000151,27.44,0.0496556193437684,0,476920.0,0.0,295408.0,0.5096,0.0,172.27,21.08666666666667,0.0,0.5779164322739329,-0.3142259549237068,0
AF PARANÁ - PRUDENCIAL,2022-12-01,496873.0,0.0,338670.0,0.6554000000000001,0.0,180.33,1.6286339977999995,29.036666666666665,0.0494027587323929,0,487288.0,0.0,295408.0,0.5047999999999999,0.0,174.3,22.62,0.0,0.6170287010232796,-0.47695549064284326,1
AF PARANÁ - PRUDENCIAL,2023-03-01,514954.0,0.0,385836.0,0.5776,0.0,182.74,2.094210609200031,30.19,0.0514262937375964,0,495524.0,0.0,306509.0,0.5221,0.0,175.72,24.72,0.0,0.6589224089110107,-0.6584957953757145,1
AF PARANÁ - PRUDENCIAL,2023-06-01,526312.0,0.0,385836.0,0.6223,0.0,184.28,0.760729877599986,32.02333333333333,0.0501596542437331,0,499487.0,0.0,306509.0,0.6652,0.0,177.81,25.546666666666667,0.0,0.6664396563135365,-0.692125807478904,1
AF PARANÁ - PRUDENCIAL,2023-09-01,597158.0,0.0,450875.0,0.5685,0.0,184.44,0.6111867176000096,31.51333333333333,0.0484274894697574,0,537975.0,0.0,338670.0,0.5023,0.0,179.54,27.44,0.0,0.7205001957251076,-0.9469440944073506,1
AF PARANÁ - PRUDENCIAL,2023-12-01,627709.0,0.0,450875.0,0.5173,0.0,185.03,1.083587763199989,30.41333333333333,0.0458469638798591,0,496873.0,0.0,338670.0,0.6554000000000001,0.0,180.33,29.036666666666665,0.0,0.7366291255162897,-1.0285213353652305,1
AF PARANÁ - PRUDENCIAL,2024-03-01,633603.0,0.0,514676.0,0.564,0.0,186.65,1.415491577599992,29.896666666666665,0.0426855992952073,0,514954.0,0.0,385836.0,0.5776,0.0,182.74,30.19,0.0,0.7701667219562481,-1.2092528449948117,1
AF PARANÁ - PRUDENCIAL,2024-06-01,680072.0,0.0,514676.0,0.6043,0.0,189.49,1.053515670799987,29.07333333333333,0.040754471402432,0,526312.0,0.0,385836.0,0.6223,0.0,184.28,32.02333333333333,0.0,0.7951018143327334,-1.3559569738265993,1
AF PARANÁ - PRUDENCIAL,2024-09-01,727554.0,0.0,487678.0,0.6254,0.0,190.99,0.8015076655999875,28.473333333333333,0.0375829182680166,0,597158.0,0.0,450875.0,0.5685,0.0,184.44,31.51333333333333,0.0,0.7881708696822243,-1.3139349449566307,1
AF PARANÁ - PRUDENCIAL,2024-12-01,748672.0,0.0,487678.0,0.5485,0.0,191.11,1.47713535680003,27.96,0.0333993274063769,0,627709.0,0.0,450875.0,0.5173,0.0,185.03,30.41333333333333,0.0,0.7780256793854564,-1.2541978278311616,1
AFINZ IP - PRUDENCIAL,2024-09-01,970857.0,294.0,199987.0,0.1112,0.0,190.99,0.8015076655999875,28.473333333333333,0.2352209270932352,1,807988.0,0.0,204430.0,0.0622,0.0,184.44,31.51333333333333,0.0,0.8105762363272896,-1.453758756026255,1
AFINZ IP - PRUDENCIAL,2024-12-01,973407.0,0.0,199987.0,0.1295,0.0,191.11,1.47713535680003,27.96,0.2203949528217012,1,839770.0,0.0,204430.0,0.0837,0.0,185.03,30.41333333333333,0.0,0.7947855941152137,-1.3540170699072052,1
AGENCIA FOMENTO EST RJ S.A. - PRUDENCIAL,2020-06-01,322194.0,0.0,109414.0,0.9784,0.0,153.27,-0.4306129372000034,24.44333333333333,0.0883459551418096,0,217797.0,0.0,123476.0,1.2437,0.0,170.58,30.69666666666667,0.0,0.6788893310820657,-0.7486722991690354,1
AGENCIA FOMENTO EST RJ S.A. - PRUDENCIAL,2020-09-01,340733.0,0.0,100127.0,0.9732,0.0,165.34,1.2447095295999857,21.71666666666667,0.0626309414482287,0,277908.0,0.0,143267.0,1.0087000000000002,0.0,170.5,30.59,0.0,0.6970002108935884,-0.8330536035130592,1
AGENCIA FOMENTO EST RJ S.A. - PRUDENCIAL,2020-12-01,333373.0,0.0,100127.0,0.9854,0.0,171.47,3.131382328999988,20.72,0.0726578167030477,0,302707.0,0.0,143267.0,0.9468,0.0,171.91,29.096666666666664,0.0,0.6839024163689323,-0.771764266126806,1
AGENCIA FOMENTO EST RJ S.A. - PRUDENCIAL,2021-03-01,343442.0,0.0,93416.0,0.9837,0.0,173.12,2.052492994999988,22.403333333333336,0.0755118543784508,0,313030.0,0.0,109414.0,1.0014,0.0,168.09,28.24,0.0,0.6404922046711682,-0.5775010895580116,1
AGENCIA FOMENTO EST RJ S.A. - PRUDENCIAL,2021-06-01,384116.0,0.0,93416.0,0.919,0.0,172.06,1.6786286369000036,21.46333333333333,0.0765046735744492,0,322194.0,0.0,109414.0,0.9784,0.0,153.27,24.44333333333333,0.0,0.4850254493320795,0.05991612104762611,0
AGENCIA FOMENTO EST RJ S.A. - PRUDENCIAL,2021-09-01,362498.0,0.0,104127.0,0.9491,0.0,172.27,3.0196768831999954,21.08666666666667,0.0798400073656993,0,340733.0,0.0,100127.0,0.9732,0.0,165.34,21.71666666666667,0.0,0.502743719138001,-0.010974986511307488,0
AGENCIA FOMENTO EST RJ S.A. - PRUDENCIAL,2021-12-01,366444.0,0.0,104127.0,0.9519,0.0,174.3,2.958021687500012,22.62,0.0813308235795075,0,333373.0,0.0,100127.0,0.9854,0.0,171.47,20.72,0.0,0.519598913596853,-0.07843584208232052,0
AGENCIA FOMENTO EST RJ S.A. - PRUDENCIAL,2022-03-01,369155.0,0.0,118353.0,0.9257,0.0,175.72,3.2006523548000043,24.72,0.0788942742216854,0,343442.0,0.0,93416.0,0.9837,0.0,173.12,22.403333333333336,0.0,0.5601247642808681,-0.24166842052665277,0
AGENCIA FOMENTO EST RJ S.A. - PRUDENCIAL,2022-06-01,395780.0,0.0,118353.0,0.8993000000000001,0.0,177.81,2.215266379399994,25.546666666666667,0.0773451427518069,0,384116.0,0.0,93416.0,0.919,0.0,172.06,21.46333333333333,0.0,0.5390245019923247,-0.15641613597447665,0
AGENCIA FOMENTO EST RJ S.A. - PRUDENCIAL,2022-09-01,409500.0,0.0,134612.0,0.8325,0.0,179.54,-1.3245430992000151,27.44,0.0745207211721522,0,362498.0,0.0,104127.0,0.9491,0.0,172.27,21.08666666666667,0.0,0.532234019886827,-0.12911515104976448,0
AGENCIA FOMENTO EST RJ S.A. - PRUDENCIAL,2022-12-01,401646.0,0.0,134612.0,0.8262999999999999,0.0,180.33,1.6286339977999995,29.036666666666665,0.0771973232120887,0,366444.0,0.0,104127.0,0.9519,0.0,174.3,22.62,0.0,0.5723265627345036,-0.29134983479998966,0
AGENCIA FOMENTO EST RJ S.A. - PRUDENCIAL,2023-03-01,405849.0,0.0,148866.0,0.8029999999999999,0.0,182.74,2.094210609200031,30.19,0.0892446373503616,0,369155.0,0.0,118353.0,0.9257,0.0,175.72,24.72,0.0,0.6223925638881415,-0.4997158978772074,1
AGENCIA FOMENTO EST RJ S.A. - PRUDENCIAL,2023-06-01,388487.0,0.0,148866.0,0.8165,0.0,184.28,0.760729877599986,32.02333333333333,0.1011630888923884,0,395780.0,0.0,118353.0,0.8993000000000001,0.0,177.81,25.546666666666667,0.0,0.6484528069244221,-0.6122452639665712,1
AGENCIA FOMENTO EST RJ S.A. - PRUDENCIAL,2023-09-01,463674.0,0.0,162520.0,0.6867,0.0,184.44,0.6111867176000096,31.51333333333333,0.1195136093994804,0,409500.0,0.0,134612.0,0.8325,0.0,179.54,27.44,0.0,0.6959432431723819,-0.828053725443487,1
AGENCIA FOMENTO EST RJ S.A. - PRUDENCIAL,2023-12-01,525217.0,0.0,162520.0,0.6397999999999999,0.0,185.03,1.083587763199989,30.41333333333333,0.1182638502842474,0,401646.0,0.0,134612.0,0.8262999999999999,0.0,180.33,29.036666666666665,0.0,0.726523718695539,-0.977056234740714,1
AGENCIA FOMENTO EST RJ S.A. - PRUDENCIAL,2024-03-01,510009.0,0.0,181426.0,0.6277,0.0,186.65,1.415491577599992,29.896666666666665,0.146067380136216,0,405849.0,0.0,148866.0,0.8029999999999999,0.0,182.74,30.19,0.0,0.7565925705769136,-1.1340881886532268,1
AGENCIA FOMENTO EST RJ S.A. - PRUDENCIAL,2024-06-01,454563.0,0.0,181426.0,0.6851,0.0,189.49,1.053515670799987,29.07333333333333,0.1497507027395474,0,388487.0,0.0,148866.0,0.8165,0.0,184.28,32.02333333333333,0.0,0.7881531832626287,-1.313829014558616,1
AGENCIA FOMENTO EST RJ S.A. - PRUDENCIAL,2024-09-01,435399.0,0.0,242803.0,0.6459999999999999,0.0,190.99,0.8015076655999875,28.473333333333333,0.1468953029389056,0,463674.0,0.0,162520.0,0.6867,0.0,184.44,31.51333333333333,0.0,0.7870565280344589,-1.3072733319498246,1
AGENCIA FOMENTO EST RJ S.A. - PRUDENCIAL,2024-12-01,476543.0,0.0,242803.0,0.6495000000000001,0.0,191.11,1.47713535680003,27.96,0.1368113169338577,0,525217.0,0.0,162520.0,0.6397999999999999,0.0,185.03,30.41333333333333,0.0,0.773427426614384,-1.227766534595037,1
AGENCIA FOMENTO EST RJ S.A. - PRUDENCIAL,2025-03-01,491173.0,0.0,64389.0,0.8475,0.0,193.61,2.040339737600028,29.313333333333333,0.0,0,510009.0,0.0,181426.0,0.6277,0.0,186.65,29.896666666666665,0.0,0.7761043527475527,-1.2431069030575623,1
AGENCIA FOMENTO EST RJ S.A. - PRUDENCIAL,2025-06-01,460919.0,0.0,64389.0,0.8981,0.0,194.33,0.9327766831999762,31.666666666666668,0.0,0,454563.0,0.0,181426.0,0.6851,0.0,189.49,29.07333333333333,0.0,0.7769458055102727,-1.2479558325567361,1
AGENCIA FOMENTO EST RJ S.A. - PRUDENCIAL,2025-09-01,439907.0,0.0,58901.0,0.9603,0.0,,0.6304326271999727,31.94666666666667,0.0,0,435399.0,0.0,242803.0,0.6459999999999999,0.0,190.99,28.473333333333333,0.0,0.7813422342770615,-1.2735054595872515,1
AGIBANK - PRUDENCIAL,2019-03-01,1214582.0,1452.0,1895204.0,0.1276,0.1724,169.51,1.507011320000018,30.386666666666667,0.3434195422250176,1,1042177.0,4362.0,1013314.0,0.1696,0.213,167.98,33.15,215835.88199999998,0.6390926046114306,-0.5714279617890219,1
AGIBANK - PRUDENCIAL,2019-06-01,1238177.0,1716.0,1895204.0,0.1305,0.1641,170.58,0.710811074100004,30.69666666666667,0.3555545081430912,1,1158456.0,5509.0,1013314.0,0.1805999999999999,0.2113,167.89,30.82333333333333,214113.2482,0.5802905868889872,-0.32396639143797223,0
AGIBANK - PRUDENCIAL,2019-09-01,1196091.0,1835.0,2236443.0,0.1243,0.1752,170.5,0.2600889164000142,30.59,0.3298274912089521,1,1224692.0,6962.0,1375682.0,0.161,0.2032999999999999,169.35,28.546666666666667,279676.1505999999,0.5901088282249439,-0.3644152844953407,0
AGIBANK - PRUDENCIAL,2019-12-01,1221133.0,1971.0,2236443.0,0.1347,0.1772,171.91,1.767530865000011,29.096666666666664,0.2890585615674637,1,1211596.0,2568.0,1375682.0,0.1577,0.1795,169.09,28.71666666666667,246934.919,0.601582978656875,-0.41206522947575713,1
AGIBANK - PRUDENCIAL,2020-03-01,1362480.0,2137.0,2515054.0,0.1182,0.1726,168.09,0.5308473674999981,28.24,0.2534906064924563,1,1214582.0,1452.0,1895204.0,0.1276,0.1724,169.51,30.386666666666667,326733.1696,0.6916403839855992,-0.8077994575541616,1
AGIBANK - PRUDENCIAL,2020-06-01,1235490.0,98.0,2515054.0,0.1281,0.1717,153.27,-0.4306129372000034,24.44333333333333,0.1643197202096196,0,1238177.0,1716.0,1895204.0,0.1305,0.1641,170.58,30.69666666666667,311002.9764,0.6994194367823766,-0.8445347992893091,1
AGIBANK - PRUDENCIAL,2020-09-01,1411916.0,127.0,2696710.0,0.1202,0.174,165.34,1.2447095295999857,21.71666666666667,0.148043990984689,0,1196091.0,1835.0,2236443.0,0.1243,0.1752,170.5,30.59,391824.8136,0.733849777264455,-1.014243447666822,1
AGIBANK - PRUDENCIAL,2020-12-01,1684565.0,22.0,2696710.0,0.1139,0.1299,171.47,3.131382328999988,20.72,0.0937607754318022,0,1221133.0,1971.0,2236443.0,0.1347,0.1772,171.91,29.096666666666664,396297.6996,0.7139832581584749,-0.914809166743722,1
AGIBANK - PRUDENCIAL,2021-03-01,1964689.0,43.0,2741191.0,0.1465,0.1721,173.12,2.052492994999988,22.403333333333336,0.0872975842863504,0,1362480.0,2137.0,2515054.0,0.1182,0.1726,168.09,28.24,434098.3204,0.6922109972257,-0.810476325815132,1
AGIBANK - PRUDENCIAL,2021-06-01,2510497.0,104.0,2741191.0,0.1268,0.1478,172.06,1.6786286369000036,21.46333333333333,0.0708130790681024,0,1235490.0,98.0,2515054.0,0.1281,0.1717,153.27,24.44333333333333,431834.7718,0.5572038272521161,-0.229821552878948,0
AGIBANK - PRUDENCIAL,2021-09-01,3530231.0,75.0,2724843.0,0.0905,0.0723,172.27,3.0196768831999954,21.08666666666667,0.0566754578898676,0,1411916.0,127.0,2696710.0,0.1202,0.174,165.34,21.71666666666667,469227.54,0.5741556331804787,-0.29882655386510654,0
AGIBANK - PRUDENCIAL,2021-12-01,4197148.0,103.0,2724843.0,0.0991,0.0881,174.3,2.958021687500012,22.62,0.0403872052659126,0,1684565.0,22.0,2696710.0,0.1139,0.1299,171.47,20.72,350302.62899999996,0.5375755530216865,-0.15058612794528387,0
AGIBANK - PRUDENCIAL,2022-03-01,4624826.0,45.0,2740319.0,0.1094999999999999,0.0987,175.72,3.2006523548000043,24.72,0.0553654201635436,0,1964689.0,43.0,2741191.0,0.1465,0.1721,173.12,22.403333333333336,471758.9711,0.5569443778163301,-0.22877005428129174,0
AGIBANK - PRUDENCIAL,2022-06-01,5248738.0,44.0,2740319.0,0.1015,0.0806,177.81,2.215266379399994,25.546666666666667,0.0585707745551471,0,2510497.0,104.0,2741191.0,0.1268,0.1478,172.06,21.46333333333333,405148.02979999996,0.4489210386162744,0.20503109292955152,0
AGIBANK - PRUDENCIAL,2022-09-01,5855520.0,87.0,638019.0,0.1268999999999999,0.0719,179.54,-1.3245430992000151,27.44,0.0610877065243658,0,3530231.0,75.0,2724843.0,0.0905,0.0723,172.27,21.08666666666667,197006.1489,0.2868030171230036,0.9109620270930184,0
AGIBANK - PRUDENCIAL,2022-12-01,6349522.0,73.0,638019.0,0.1186999999999999,0.0665,180.33,1.6286339977999995,29.036666666666665,0.0639243938798635,0,4197148.0,103.0,2724843.0,0.0991,0.0881,174.3,22.62,240058.6683,0.24980745209733604,1.0996394747492428,0
AGIBANK - PRUDENCIAL,2023-03-01,7147550.0,0.0,911859.0,0.1113,0.0644,182.74,2.094210609200031,30.19,0.0621220060537627,0,4624826.0,45.0,2740319.0,0.1094999999999999,0.0987,175.72,24.72,270469.4853,0.24420541064854906,1.129759914126563,0
AGIBANK - PRUDENCIAL,2023-06-01,7825869.0,73.0,911859.0,0.1113,0.0623,184.28,0.760729877599986,32.02333333333333,0.0572119078921935,0,5248738.0,44.0,2740319.0,0.1015,0.0806,177.81,25.546666666666667,220869.7114,0.1989169817391398,1.3930770246029556,0
AGIBANK - PRUDENCIAL,2023-09-01,8820410.0,394.0,1263212.0,0.1077999999999999,0.0634,184.44,0.6111867176000096,31.51333333333333,0.0547402304858532,0,5855520.0,87.0,638019.0,0.1268999999999999,0.0719,179.54,27.44,45873.566100000004,0.11441836820199085,2.046383013060086,0
AGIBANK - PRUDENCIAL,2023-12-01,9758966.0,77.0,1263212.0,0.1144999999999999,0.0653,185.03,1.083587763199989,30.41333333333333,0.0547342079883758,0,6349522.0,73.0,638019.0,0.1186999999999999,0.0665,180.33,29.036666666666665,42428.2635,0.10320352939016118,2.16212588434433,0
AGIBANK - PRUDENCIAL,2024-03-01,11184440.0,6.0,1735510.0,0.1137,0.0684999999999999,186.65,1.415491577599992,29.896666666666665,0.0492112261708053,0,7147550.0,0.0,911859.0,0.1113,0.0644,182.74,30.19,58723.7196,0.08330023444197543,2.3983286457328883,0
AGIBANK - PRUDENCIAL,2024-06-01,12079451.0,118.0,1735510.0,0.1206,0.0699,189.49,1.053515670799987,29.07333333333333,0.0463934740733696,0,7825869.0,73.0,911859.0,0.1113,0.0623,184.28,32.02333333333333,56808.8157,0.06929031554665782,2.597642247174633,0
AGIBANK - PRUDENCIAL,2024-09-01,13906005.0,117.0,2279834.0,0.1157,0.0716,190.99,0.8015076655999875,28.473333333333333,0.0429020603179715,0,8820410.0,394.0,1263212.0,0.1077999999999999,0.0634,184.44,31.51333333333333,80087.6408,0.042229019327501074,3.121501043155035,0
AGIBANK - PRUDENCIAL,2024-12-01,15192006.0,7388.0,2279834.0,0.1189,0.0692,191.11,1.47713535680003,27.96,0.0418026653069393,0,9758966.0,77.0,1263212.0,0.1144999999999999,0.0653,185.03,30.41333333333333,82487.7436,0.023499553854963644,3.7269937712260597,0
AGIBANK - PRUDENCIAL,2025-03-01,17969013.0,2843.0,1995332.0,0.1344999999999999,0.0789,193.61,2.040339737600028,29.313333333333333,0.0323401018041448,0,11184440.0,6.0,1735510.0,0.1137,0.0684999999999999,186.65,29.896666666666665,118882.43499999982,0.011736477156971438,4.43324768824882,0
AGIBANK - PRUDENCIAL,2025-06-01,19874604.0,48.0,1995332.0,0.1336999999999999,0.0741,194.33,0.9327766831999762,31.666666666666668,0.0316009703354126,0,12079451.0,118.0,1735510.0,0.1206,0.0699,189.49,29.07333333333333,121312.149,0.007125791257216082,4.936883204485238,0
AGIBANK - PRUDENCIAL,2025-09-01,22511706.0,24.0,2297625.0,0.1246,0.0677,,0.6304326271999727,31.94666666666667,0.0299258890886961,0,13906005.0,117.0,2279834.0,0.1157,0.0716,190.99,28.473333333333333,163236.1144,0.0028652947432222732,5.852214649433397,0
ALFA - PRUDENCIAL,2017-03-01,7697330.0,34471.0,1045314.0,0.2514,0.1591,164.34,0.9630321349999972,41.17333333333333,0.0193907150963531,0,7622597.0,71108.0,986399.0,0.2437,0.1524,163.26,35.07,150327.2076,0.04841570221769581,2.9783040904451585,0
ALFA - PRUDENCIAL,2017-06-01,7756551.0,46513.0,1045314.0,0.2491,0.1664999999999999,165.65,0.2193980018000196,36.63666666666666,0.0171193508190834,0,7426088.0,86181.0,986399.0,0.2481,0.1592,163.72,38.303333333333335,157034.7208,0.06792087673421937,2.619074257140975,0
ALFA - PRUDENCIAL,2017-09-01,8459130.0,54753.0,1078357.0,0.2322,0.1689999999999999,166.12,0.5911447296000016,36.16333333333333,0.0114162970564594,0,7727044.0,170048.0,990986.0,0.2407,0.1571,162.92,39.71333333333333,155683.9006,0.06629660241851844,2.645020176120847,0
ALFA - PRUDENCIAL,2017-12-01,9659730.0,201918.0,1078357.0,0.2035,0.1536,167.13,1.144261174399985,33.526666666666664,0.0094896914963571,0,7494528.0,13603.0,990986.0,0.2483,0.1612,162.73,40.38,159746.9432,0.07157930128102395,2.562679025384917,0
ALFA - PRUDENCIAL,2018-03-01,9596040.0,184108.0,1165310.0,0.1964,0.1632,167.98,0.7014778351999817,33.15,0.0073631086773949,0,7697330.0,34471.0,1045314.0,0.2514,0.1591,164.34,41.17333333333333,166309.45739999998,0.07304831002273161,2.540780446542727,0
ALFA - PRUDENCIAL,2018-06-01,10007077.0,148112.0,1165310.0,0.1921,0.1583,167.89,1.8887030879999989,30.82333333333333,0.0093603454652262,0,7756551.0,46513.0,1045314.0,0.2491,0.1664999999999999,165.65,36.63666666666666,174044.7809999999,0.05219870555129279,2.89908717866525,0
ALFA - PRUDENCIAL,2018-09-01,9425195.0,189126.0,1199209.0,0.2047,0.1646,169.35,0.7208535743999933,28.546666666666667,0.0103174338442544,0,8459130.0,54753.0,1078357.0,0.2322,0.1689999999999999,166.12,36.16333333333333,182242.3329999999,0.03567444009427601,3.296994486829591,0
ALFA - PRUDENCIAL,2018-12-01,9884410.0,201610.0,1199209.0,0.2042,0.1557,169.09,0.3894135824999978,28.71666666666667,0.0067497124559651,0,9659730.0,201918.0,1078357.0,0.2035,0.1536,167.13,33.526666666666664,165635.6352,0.01752894769417999,4.026217211832381,0
ALFA - PRUDENCIAL,2019-03-01,10374158.0,199983.0,1209496.0,0.2004,0.1447,169.51,1.507011320000018,30.386666666666667,0.0062045345279986,0,9596040.0,184108.0,1165310.0,0.1964,0.1632,167.98,33.15,190178.592,0.018213323205889177,3.9872206809018533,0
ALFA - PRUDENCIAL,2019-06-01,10464382.0,181964.0,1209496.0,0.2011,0.1424,170.58,0.710811074100004,30.69666666666667,0.0066284041418908,0,10007077.0,148112.0,1165310.0,0.1921,0.1583,167.89,30.82333333333333,184468.573,0.012054469214664658,4.406192085187196,0
ALFA - PRUDENCIAL,2019-09-01,10144700.0,219500.0,1215508.0,0.2085,0.1489,170.5,0.2600889164000142,30.59,0.0063452788902879,0,9425195.0,189126.0,1199209.0,0.2047,0.1646,169.35,28.546666666666667,197389.8014,0.014758600848640955,4.201060665301481,0
ALFA - PRUDENCIAL,2019-12-01,10757297.0,219270.0,1215508.0,0.2006,0.1588,171.91,1.767530865000011,29.096666666666664,0.006471184707695,0,9884410.0,201610.0,1199209.0,0.2042,0.1557,169.09,28.71666666666667,186716.8413,0.011777656471115023,4.429703499487523,0
ALFA - PRUDENCIAL,2020-03-01,11253704.0,208900.0,1197360.0,0.1942,0.1516,168.09,0.5308473674999981,28.24,0.0049258008341773,0,10374158.0,199983.0,1209496.0,0.2004,0.1447,169.51,30.386666666666667,175014.0712,0.010538784408489092,4.54209836321021,0
ALFA - PRUDENCIAL,2020-06-01,11675661.0,109730.0,1197360.0,0.1873,0.1406,153.27,-0.4306129372000034,24.44333333333333,0.0049724153972916,0,10464382.0,181964.0,1209496.0,0.2011,0.1424,170.58,30.69666666666667,172232.2304,0.01046477509920093,4.549220498289626,0
ALFA - PRUDENCIAL,2020-09-01,12875511.0,99718.0,1208095.0,0.1609,0.1264,165.34,1.2447095295999857,21.71666666666667,0.004181053052622,0,10144700.0,219500.0,1215508.0,0.2085,0.1489,170.5,30.59,180989.1412,0.012454886510479926,4.37310914367143,0
ALFA - PRUDENCIAL,2020-12-01,13799737.0,229307.0,1208095.0,0.1543999999999999,0.1172,171.47,3.131382328999988,20.72,0.0039838276395067,0,10757297.0,219270.0,1215508.0,0.2006,0.1588,171.91,29.096666666666664,193022.6704,0.008063873267810218,4.812264721529682,0
ALFA - PRUDENCIAL,2021-03-01,14980777.0,73219.0,1284596.0,0.1406,0.1166,173.12,2.052492994999988,22.403333333333336,0.0034880237979306,0,11253704.0,208900.0,1197360.0,0.1942,0.1516,168.09,28.24,181519.776,0.0052466850818203995,5.2448983176235515,0
ALFA - PRUDENCIAL,2021-06-01,16224467.0,16937.0,1284596.0,0.135,0.1105,172.06,1.6786286369000036,21.46333333333333,0.0032727302395563,0,11675661.0,109730.0,1197360.0,0.1873,0.1406,153.27,24.44333333333333,168348.816,0.002118377266729762,6.1549842995175315,0
ALFA - PRUDENCIAL,2021-09-01,16328459.0,18818.0,1336783.0,0.1414,0.1081,172.27,3.0196768831999954,21.08666666666667,0.0033292231735561,0,12875511.0,99718.0,1208095.0,0.1609,0.1264,165.34,21.71666666666667,152703.208,0.0012141095350254442,6.712529516807167,0
ALFA - PRUDENCIAL,2021-12-01,16133663.0,28548.0,1336783.0,0.1452999999999999,0.1036,174.3,2.958021687500012,22.62,0.0065860646493701,0,13799737.0,229307.0,1208095.0,0.1543999999999999,0.1172,171.47,20.72,141588.734,0.0008451581379292261,7.075141287252915,0
ALFA - PRUDENCIAL,2022-03-01,16574334.0,37866.0,1467660.0,0.1462,0.1058,175.72,3.2006523548000043,24.72,0.0067549213650661,0,14980777.0,73219.0,1284596.0,0.1406,0.1166,173.12,22.403333333333336,149783.89359999998,0.0004905069579077528,7.619580466526811,0
ALFA - PRUDENCIAL,2022-06-01,17557911.0,46529.0,1467660.0,0.1386,0.1001,177.81,2.215266379399994,25.546666666666667,0.0065286669923586,0,16224467.0,16937.0,1284596.0,0.135,0.1105,172.06,21.46333333333333,141947.858,0.00021744816936583168,8.433332565885578,0
ALFA - PRUDENCIAL,2022-09-01,17646690.0,139724.0,1415887.0,0.141,0.0977,179.54,-1.3245430992000151,27.44,0.0072625656863962,0,16328459.0,18818.0,1336783.0,0.1414,0.1081,172.27,21.08666666666667,144506.2423,0.00020375904853425875,8.498368617135094,0
ALFA - PRUDENCIAL,2022-12-01,17207313.0,25080.0,1415887.0,0.1448,0.1016,180.33,1.6286339977999995,29.036666666666665,0.0082936842814152,0,16133663.0,28548.0,1336783.0,0.1452999999999999,0.1036,174.3,22.62,138490.7188,0.0002710399462863047,8.212973268092647,0
ALFA - PRUDENCIAL,2023-03-01,15858155.0,24189.0,1438133.0,0.1566,0.1119,182.74,2.094210609200031,30.19,0.0099284566858324,0,16574334.0,37866.0,1467660.0,0.1462,0.1058,175.72,24.72,155278.428,0.0002675636230803623,8.225885577292784,0
ALFA - PRUDENCIAL,2023-06-01,15378199.0,14464.0,1438133.0,0.1582,0.1101999999999999,184.28,0.760729877599986,32.02333333333333,0.0121849864910455,0,17557911.0,46529.0,1467660.0,0.1386,0.1001,177.81,25.546666666666667,146912.766,0.00017497546345795356,8.650689812009196,0
ALFA - PRUDENCIAL,2023-09-01,13839138.0,159935.0,1222279.0,0.1762999999999999,0.1163,184.44,0.6111867176000096,31.51333333333333,0.0140298782868214,0,17646690.0,139724.0,1415887.0,0.141,0.0977,179.54,27.44,138332.1599,0.0002078248845508634,8.478606887675467,0
AME DIGITAL BRASIL IP - PRUDENCIAL,2024-09-01,508360.0,0.0,75616.0,0.0,0.0,190.99,0.8015076655999875,28.473333333333333,0.0065954393434941,0,545048.0,0.0,54505.0,0.0,0.0,184.44,31.51333333333333,0.0,0.8356343091421975,-1.6260973197568829,1
AME DIGITAL BRASIL IP - PRUDENCIAL,2024-12-01,440479.0,0.0,75616.0,0.0,0.0,191.11,1.47713535680003,27.96,0.0063801564153597,0,564055.0,0.0,56405.0,0.0,0.0,185.03,30.41333333333333,0.0,0.8242324208836542,-1.5452900046367457,1
ANDBANK - PRUDENCIAL,2017-03-01,49612.0,0.0,28576.0,0.687,0.5152,164.34,0.9630321349999972,41.17333333333333,0.0196049716314084,0,105707.0,0.0,11248.0,0.5146999999999999,0.4682,163.26,35.07,5266.3136,0.32195854677539276,0.7447856261334089,0
ANDBANK - PRUDENCIAL,2017-06-01,61769.0,4750.0,28576.0,0.2848,0.5422,165.65,0.2193980018000196,36.63666666666666,0.0186728129588837,0,102444.0,0.0,11248.0,0.5177,0.3718999999999999,163.72,38.303333333333335,4183.131199999999,0.4867610138499332,0.05296832550794193,0
ANDBANK - PRUDENCIAL,2017-09-01,61628.0,10527.0,33298.0,0.3552,0.6454000000000001,166.12,0.5911447296000016,36.16333333333333,0.0175762040137257,0,108186.0,0.0,23333.0,0.546,0.5314,162.92,39.71333333333333,12399.1562,0.33532516597339507,0.6841972440814319,0
ANDBANK - PRUDENCIAL,2017-12-01,74438.0,10661.0,33298.0,0.2791,0.6834,167.13,1.144261174399985,33.526666666666664,0.0,0,102513.0,0.0,23333.0,0.3802,0.5954999999999999,162.73,40.38,13894.801499999998,0.303404632665527,0.8311373716920976,0
ANDBANK - PRUDENCIAL,2018-06-01,48024.0,3576.0,46030.0,0.3821,0.8779,167.89,1.8887030879999989,30.82333333333333,0.0,0,49612.0,0.0,28576.0,0.687,0.5152,164.34,41.17333333333333,14722.3552,0.3768560106725613,0.5029144348222971,0
ANDBANK - PRUDENCIAL,2018-09-01,75959.0,0.0,52783.0,0.223,0.7004,169.35,0.7208535743999933,28.546666666666667,0.0,0,61769.0,4750.0,28576.0,0.2848,0.5422,165.65,36.63666666666666,15493.9072,0.32595598651564917,0.7265330492704022,0
ANDBANK - PRUDENCIAL,2018-12-01,73496.0,5832.0,52783.0,0.8079999999999999,0.8382999999999999,169.09,0.3894135824999978,28.71666666666667,0.0,0,61628.0,10527.0,33298.0,0.3552,0.6454000000000001,166.12,36.16333333333333,21490.529200000004,0.22457075246150826,1.2392259306840354,0
ANDBANK - PRUDENCIAL,2019-03-01,77029.0,0.0,62229.0,0.7902,0.8567,169.51,1.507011320000018,30.386666666666667,0.0,0,74438.0,10661.0,33298.0,0.2791,0.6834,167.13,33.526666666666664,22755.8532,0.1747835068017226,1.5520976639401862,0
ANDBANK - PRUDENCIAL,2019-06-01,66668.0,7103.0,62229.0,0.8001,0.8606,170.58,0.710811074100004,30.69666666666667,0.0,0,48024.0,3576.0,46030.0,0.3821,0.8779,167.89,30.82333333333333,40409.737,0.06759237908489345,2.624274839411842,0
ANDBANK - PRUDENCIAL,2019-09-01,82931.0,7644.0,64760.0,0.614,0.7842,170.5,0.2600889164000142,30.59,2.5483151709825342e-05,0,75959.0,0.0,52783.0,0.223,0.7004,169.35,28.546666666666667,36969.2132,0.13004597225309136,1.9005523480388296,0
ANDBANK - PRUDENCIAL,2019-12-01,101230.0,12983.0,64760.0,0.3671999999999999,0.5726,171.91,1.767530865000011,29.096666666666664,4.986633159258493e-05,0,73496.0,5832.0,52783.0,0.8079999999999999,0.8382999999999999,169.09,28.71666666666667,44247.9889,0.05665072016411512,2.812531906441277,0
ANDBANK - PRUDENCIAL,2020-03-01,134131.0,11073.0,75309.0,0.3187,0.3339,168.09,0.5308473674999981,28.24,0.0,0,77029.0,0.0,62229.0,0.7902,0.8567,169.51,30.386666666666667,53311.5843,0.06110453235472287,2.7321181073383243,0
ANDBANK - PRUDENCIAL,2020-06-01,124137.0,50957.0,75309.0,0.2618,0.4115999999999999,153.27,-0.4306129372000034,24.44333333333333,0.0138041479287833,0,66668.0,7103.0,62229.0,0.8001,0.8606,170.58,30.69666666666667,53554.2774,0.06322642716664013,2.69571923682832,0
ANDBANK - PRUDENCIAL,2020-09-01,111851.0,2226.0,92804.0,0.2781,0.3253999999999999,165.34,1.2447095295999857,21.71666666666667,0.0020950214227925,0,82931.0,7644.0,64760.0,0.614,0.7842,170.5,30.59,50784.792,0.09323075544640232,2.2748103403923645,0
ANDBANK - PRUDENCIAL,2020-12-01,105686.0,14295.0,92804.0,0.0088,0.0059,171.47,3.131382328999988,20.72,0.0005012010200906,0,101230.0,12983.0,64760.0,0.3671999999999999,0.5726,171.91,29.096666666666664,37081.576,0.21347289087045473,1.3041173403308697,0
ANDBANK - PRUDENCIAL,2021-03-01,112019.0,15408.0,110262.0,0.0966,0.0889,173.12,2.052492994999988,22.403333333333336,0.0,0,134131.0,11073.0,75309.0,0.3187,0.3339,168.09,28.24,25145.675099999997,0.4009355243149914,0.40156860422836055,0
ANDBANK - PRUDENCIAL,2021-06-01,147092.0,6915.0,110262.0,0.2104,0.2255,172.06,1.6786286369000036,21.46333333333333,0.0,0,124137.0,50957.0,75309.0,0.2618,0.4115999999999999,153.27,24.44333333333333,30997.184399999995,0.20964037548625347,1.3270944978768693,0
ANDBANK - PRUDENCIAL,2021-09-01,107460.0,4503.0,124525.0,0.2582,0.2735,172.27,3.0196768831999954,21.08666666666667,0.0,0,111851.0,2226.0,92804.0,0.2781,0.3253999999999999,165.34,21.71666666666667,30198.42159999999,0.29184662216430657,0.8864323080271486,0
ANDBANK - PRUDENCIAL,2021-12-01,85334.0,525.0,124525.0,0.4393999999999999,0.3013,174.3,2.958021687500012,22.62,0.0,0,105686.0,14295.0,92804.0,0.0088,0.0059,171.47,20.72,547.5436,0.6717796821377853,-0.7162453488074214,1
ANDBANK - PRUDENCIAL,2022-03-01,93750.0,485.0,140116.0,0.2955,0.2935999999999999,175.72,3.2006523548000043,24.72,0.0,0,112019.0,15408.0,110262.0,0.0966,0.0889,173.12,22.403333333333336,9802.2918,0.6179690418550429,-0.48093671426837603,1
ANDBANK - PRUDENCIAL,2022-06-01,81608.0,1396.0,140116.0,0.2992,0.3167,177.81,2.215266379399994,25.546666666666667,0.0,0,147092.0,6915.0,110262.0,0.2104,0.2255,172.06,21.46333333333333,24864.081000000002,0.42907139104038344,0.28564085615825124,0
ANDBANK - PRUDENCIAL,2022-09-01,113619.0,83.0,143415.0,0.2523999999999999,0.1742,179.54,-1.3245430992000151,27.44,0.0,0,107460.0,4503.0,124525.0,0.2582,0.2735,172.27,21.08666666666667,34057.5875,0.37526684862842447,0.5096872316703097,0
ANDBANK - PRUDENCIAL,2022-12-01,739016.0,435.0,143415.0,0.3162999999999999,0.1793,180.33,1.6286339977999995,29.036666666666665,0.0002980928048617,0,85334.0,525.0,124525.0,0.4393999999999999,0.3013,174.3,22.62,37519.3825,0.3660537173752419,0.5491841318674744,0
ANDBANK - PRUDENCIAL,2023-03-01,1286925.0,854.0,159524.0,0.1934,0.107,182.74,2.094210609200031,30.19,0.0191956505595969,0,93750.0,485.0,140116.0,0.2955,0.2935999999999999,175.72,24.72,41138.057599999986,0.44093117016506594,0.2373838095067071,0
ANDBANK - PRUDENCIAL,2023-06-01,1594542.0,1891.0,159524.0,0.1553,0.072,184.28,0.760729877599986,32.02333333333333,0.0552836084699089,0,81608.0,1396.0,140116.0,0.2992,0.3167,177.81,25.546666666666667,44374.737199999996,0.4462181820679446,0.21596274904497414,0
ANDBANK - PRUDENCIAL,2023-09-01,1375583.0,413.0,214056.0,0.1575,0.1007,184.44,0.6111867176000096,31.51333333333333,0.0911933493361104,0,113619.0,83.0,143415.0,0.2523999999999999,0.1742,179.54,27.44,24982.893,0.6405392521779202,-0.577705417105091,1
ANDBANK - PRUDENCIAL,2023-12-01,1408656.0,6249.0,214056.0,0.1558,0.0993,185.03,1.083587763199989,30.41333333333333,0.0627813159686313,0,739016.0,435.0,143415.0,0.3162999999999999,0.1793,180.33,29.036666666666665,25714.3095,0.5771637290745161,-0.3111409475007565,0
ANDBANK - PRUDENCIAL,2024-03-01,1384713.0,6421.0,275630.0,0.1353,0.0866,186.65,1.415491577599992,29.896666666666665,0.0999293918903755,0,1286925.0,854.0,159524.0,0.1934,0.107,182.74,30.19,17069.068,0.6280042295320037,-0.5236644166014484,1
ANDBANK - PRUDENCIAL,2024-06-01,1464753.0,10618.0,275630.0,0.1263,0.0809,189.49,1.053515670799987,29.07333333333333,0.0691246456526152,0,1594542.0,1891.0,159524.0,0.1553,0.072,184.28,32.02333333333333,11485.728,0.6669813062334367,-0.6945633927441359,1
ANDBANK - PRUDENCIAL,2024-09-01,1513210.0,8.0,343337.0,0.1192,0.0816,190.99,0.8015076655999875,28.473333333333333,0.0604169207608565,0,1375583.0,413.0,214056.0,0.1575,0.1007,184.44,31.51333333333333,21555.4392,0.6630428656519473,-0.6768839173926603,1
ANDBANK - PRUDENCIAL,2024-12-01,0.0,0.0,0.0,0.0,0.0,191.11,1.47713535680003,27.96,0.0606615381359548,0,1408656.0,6249.0,214056.0,0.1558,0.0993,185.03,30.41333333333333,21255.7608,0.6451203479025679,-0.5976581611815517,1
ASAAS GESTAO FINANCEIRA IP - PRUDENCIAL,2024-09-01,35942.0,114.0,71741.0,0.1861,0.0,190.99,0.8015076655999875,28.473333333333333,0.039325205930571,0,16490.0,222.0,41982.0,0.0138,0.0,184.44,31.51333333333333,0.0,0.8716340465574745,-1.9154844676744716,1
ASAAS GESTAO FINANCEIRA IP - PRUDENCIAL,2024-12-01,42515.0,331.0,71741.0,0.1653,0.0,191.11,1.47713535680003,27.96,0.0565157132594196,0,14254.0,1622.0,41982.0,0.0956,0.0,185.03,30.41333333333333,0.0,0.858515450404134,-1.80301415545868,1
AVISTA S.A. CFI - PRUDENCIAL,2017-09-01,0.0,0.0,0.0,0.0,0.0,166.12,0.5911447296000016,36.16333333333333,0.1367033332977967,0,347399.0,0.0,30808.0,0.3048,0.0,162.92,39.71333333333333,0.0,0.8436877579935625,-1.6859269123841785,1
AVISTA S.A. CFI - PRUDENCIAL,2017-12-01,388906.0,0.0,46443.0,0.0659,0.0,167.13,1.144261174399985,33.526666666666664,0.0639117563882318,0,75692.0,0.0,25705.0,0.2181,0.0,162.73,40.38,0.0,0.8734694793787147,-1.9319896387649305,1
AVISTA S.A. CFI - PRUDENCIAL,2018-03-01,438200.0,0.0,44059.0,0.0696,0.0,167.98,0.7014778351999817,33.15,0.0846283493963763,0,0.0,0.0,0.0,0.0,0.0,164.34,41.17333333333333,0.0,0.8993628459338625,-2.190165048458914,1
AVISTA S.A. CFI - PRUDENCIAL,2018-06-01,585433.0,0.0,44059.0,0.0603,0.0,167.89,1.8887030879999989,30.82333333333333,0.1178572328928485,0,0.0,0.0,0.0,0.0,0.0,165.65,36.63666666666666,0.0,0.8668885584144009,-1.8737237467275105,1
AVISTA S.A. CFI - PRUDENCIAL,2018-09-01,594987.0,0.0,49576.0,0.0575,0.0,169.35,0.7208535743999933,28.546666666666667,0.1093254531625225,0,0.0,0.0,0.0,0.0,0.0,166.12,36.16333333333333,0.0,0.8639700624761175,-1.8486631271933718,1
AVISTA S.A. CFI - PRUDENCIAL,2018-12-01,718206.0,0.0,49576.0,0.0506,0.0,169.09,0.3894135824999978,28.71666666666667,0.0605083790739955,0,388906.0,0.0,46443.0,0.0659,0.0,167.13,33.526666666666664,0.0,0.8051856781395984,-1.4190259970324062,1
AVISTA S.A. CFI - PRUDENCIAL,2019-03-01,750465.0,0.0,84461.0,0.0458,0.0,169.51,1.507011320000018,30.386666666666667,0.058346483212944,0,438200.0,0.0,44059.0,0.0696,0.0,167.98,33.15,0.0,0.7990791420386076,-1.3805489026888333,1
AVISTA S.A. CFI - PRUDENCIAL,2019-06-01,850347.0,0.0,84461.0,0.0434,0.0,170.58,0.710811074100004,30.69666666666667,0.0677091047560121,0,585433.0,0.0,44059.0,0.0603,0.0,167.89,30.82333333333333,0.0,0.754402544829645,-1.1222322696873774,1
AVISTA S.A. CFI - PRUDENCIAL,2019-09-01,966647.0,0.0,94663.0,0.0227999999999999,0.0,170.5,0.2600889164000142,30.59,0.0649170306672922,0,594987.0,0.0,49576.0,0.0575,0.0,169.35,28.546666666666667,0.0,0.7269224885942019,-0.9790641738690468,1
BANCO BARI DE INVESTIMENTO E FINANCI. - PRUDENCIAL,2022-03-01,739215.0,0.0,42906.0,0.1288,0.0765,175.72,3.2006523548000043,24.72,0.0299666193322986,0,616942.0,0.0,35036.0,0.1718,0.0981,173.12,22.403333333333336,3437.0316000000003,0.521854863682359,-0.08747519122269348,0
BANCO BARI DE INVESTIMENTO E FINANCI. - PRUDENCIAL,2022-06-01,786664.0,0.0,42906.0,0.1182,0.0733999999999999,177.81,2.215266379399994,25.546666666666667,0.0331390183815724,0,627583.0,0.0,35036.0,0.1791,0.1035,172.06,21.46333333333333,3626.2259999999997,0.4890551353331246,0.043786453333001796,0
BANCO BARI DE INVESTIMENTO E FINANCI. - PRUDENCIAL,2022-09-01,693860.0,0.0,47999.0,0.0999,0.0559999999999999,179.54,-1.3245430992000151,27.44,0.033790126331069,0,665892.0,0.0,38460.0,0.1561,0.0856,172.27,21.08666666666667,3292.176,0.5008984802701563,-0.003593924748609939,0
BANCO BARI DE INVESTIMENTO E FINANCI. - PRUDENCIAL,2022-12-01,654558.0,0.0,47999.0,0.1159999999999999,0.062,180.33,1.6286339977999995,29.036666666666665,0.0371143795037679,0,704104.0,0.0,38460.0,0.1503,0.0876,174.3,22.62,3369.096,0.5355213556296045,-0.1423251869954049,0
BANCO BARI DE INVESTIMENTO E FINANCI. - PRUDENCIAL,2023-03-01,668178.0,0.0,52250.0,0.1259,0.0667,182.74,2.094210609200031,30.19,0.0341608132856879,0,739215.0,0.0,42906.0,0.1288,0.0765,175.72,24.72,3282.3089999999997,0.5936993377964946,-0.3792795928146881,0
BANCO BARI DE INVESTIMENTO E FINANCI. - PRUDENCIAL,2023-06-01,679602.0,0.0,52250.0,0.1239,0.0598,184.28,0.760729877599986,32.02333333333333,0.0333076628403341,0,786664.0,0.0,42906.0,0.1182,0.0733999999999999,177.81,25.546666666666667,3149.3003999999955,0.6189882408131273,-0.4852560365128565,1
BANCO BARI DE INVESTIMENTO E FINANCI. - PRUDENCIAL,2023-09-01,569354.0,0.0,56724.0,0.1646,0.0724,184.44,0.6111867176000096,31.51333333333333,0.0302274948960107,0,693860.0,0.0,47999.0,0.0999,0.0559999999999999,179.54,27.44,2687.943999999995,0.6924739366341732,-0.8117107578306928,1
BANCO BARI DE INVESTIMENTO E FINANCI. - PRUDENCIAL,2023-12-01,572584.0,340.0,56724.0,0.1632,0.0686,185.03,1.083587763199989,30.41333333333333,0.0200674981341371,0,654558.0,0.0,47999.0,0.1159999999999999,0.062,180.33,29.036666666666665,2975.938,0.7190765027194315,-0.9398853726658049,1
BANCO BARI DE INVESTIMENTO E FINANCI. - PRUDENCIAL,2024-03-01,590226.0,849.0,60568.0,0.1699,0.0723,186.65,1.415491577599992,29.896666666666665,0.0174320808996492,0,668178.0,0.0,52250.0,0.1259,0.0667,182.74,30.19,3485.075,0.7413402319259872,-1.0529461105855136,1
BANCO BARI DE INVESTIMENTO E FINANCI. - PRUDENCIAL,2024-06-01,611628.0,850.0,60568.0,0.1767,0.0732,189.49,1.053515670799987,29.07333333333333,0.014462937449809,0,679602.0,0.0,52250.0,0.1239,0.0598,184.28,32.02333333333333,3124.5499999999997,0.7782057541357437,-1.2552408225554201,1
BANCO BARI DE INVESTIMENTO E FINANCI. - PRUDENCIAL,2024-09-01,638778.0,397.0,64669.0,0.1722,0.0707,190.99,0.8015076655999875,28.473333333333333,0.0132656982779627,0,569354.0,0.0,56724.0,0.1646,0.0724,184.44,31.51333333333333,4106.8176,0.7695117608644887,-1.2055563986410889,1
BANCO BARI DE INVESTIMENTO E FINANCI. - PRUDENCIAL,2024-12-01,676588.0,0.0,64669.0,0.1752,0.0723,191.11,1.47713535680003,27.96,0.0137614549004639,0,572584.0,340.0,56724.0,0.1632,0.0686,185.03,30.41333333333333,3891.2663999999995,0.7597183908151678,-1.151136218713762,1
BANCO C6,2020-03-01,774729.0,5382.0,314042.0,-0.0202,-0.0104,168.09,0.5308473674999981,28.24,0.0154646837241028,0,59615.0,0.0,860581.0,0.1689999999999999,0.7326999999999999,169.51,30.386666666666667,630547.6987,0.38254452020432383,0.4787619293835275,0
BANCO C6,2020-06-01,1069752.0,13533.0,314042.0,-0.0711,-0.0409999999999999,153.27,-0.4306129372000034,24.44333333333333,0.0435062954134308,0,176107.0,373.0,860581.0,0.1391,0.2537999999999999,170.58,30.69666666666667,218415.45779999992,0.6811958217437328,-0.7592727617564078,1
BANCO C6,2020-09-01,1809211.0,7135.0,299608.0,0.1069,0.0603,165.34,1.2447095295999857,21.71666666666667,0.0102104222870251,0,344110.0,328.0,816505.0,0.1853,0.155,170.5,30.59,126558.275,0.7041048791546268,-0.8669222507271215,1
BANCO C6 - PRUDENCIAL,2022-03-01,15337539.0,7835.0,970680.0,0.0683,0.0331,175.72,3.2006523548000043,24.72,0.0455371534046162,0,6186349.0,25436.0,354473.0,0.1417,0.0713999999999999,173.12,22.403333333333336,25309.37219999996,0.05581988549036897,2.8281867706228057,0
BANCO C6 - PRUDENCIAL,2022-06-01,18198801.0,11530.0,970680.0,0.208,0.1128,177.81,2.215266379399994,25.546666666666667,0.0494187086647723,0,8055297.0,6205.0,354473.0,0.0839,0.045,172.06,21.46333333333333,15951.285,0.02067372495156546,3.858001292924068,0
BANCO C6 - PRUDENCIAL,2022-09-01,20972295.0,131618.0,1549081.0,0.1684,0.0965,179.54,-1.3245430992000151,27.44,0.0587985115045922,0,10183145.0,14141.0,509730.0,0.1119999999999999,0.0581,172.27,21.08666666666667,29615.313,0.006002965708920803,5.109480591212456,0
BANCO C6 - PRUDENCIAL,2022-12-01,22311569.0,13115.0,1549081.0,0.1448,0.0736,180.33,1.6286339977999995,29.036666666666665,0.0600371711971635,0,12987543.0,16005.0,509730.0,0.1039,0.051,174.3,22.62,25996.23,0.0015121339949796574,6.492720105809846,0
BANCO C6 - PRUDENCIAL,2023-03-01,25296634.0,112251.0,2162765.0,0.1147,0.0592,182.74,2.094210609200031,30.19,0.0550611111659414,0,15337539.0,7835.0,970680.0,0.0683,0.0331,175.72,24.72,32129.507999999998,0.000562610841097612,7.4823596233915595,0
BANCO C6 - PRUDENCIAL,2023-06-01,29057642.0,41064.0,2162765.0,0.098,0.0507,184.28,0.760729877599986,32.02333333333333,0.0524727901211856,0,18198801.0,11530.0,970680.0,0.208,0.1128,177.81,25.546666666666667,109492.704,9.711175766014225e-05,9.239550985466266,0
BANCO C6 - PRUDENCIAL,2023-09-01,27999490.0,36784.0,2573437.0,0.0929,0.0457,184.44,0.6111867176000096,31.51333333333333,0.0494685376414688,0,20972295.0,131618.0,1549081.0,0.1684,0.0965,179.54,27.44,149486.31650000002,3.2612601854535406e-05,10.330779171297936,0
BANCO C6 - PRUDENCIAL,2023-12-01,29383634.0,8701.0,2573437.0,0.0819,0.0355,185.03,1.083587763199989,30.41333333333333,0.0438243212182546,0,22311569.0,13115.0,1549081.0,0.1448,0.0736,180.33,29.036666666666665,114012.3616,1.7232785235587094e-05,10.968679637301442,0
BANCO C6 - PRUDENCIAL,2024-03-01,30510717.0,39949.0,3197146.0,0.0895,0.04,186.65,1.415491577599992,29.896666666666665,0.043548388039071,0,25296634.0,112251.0,2162765.0,0.1147,0.0592,182.74,30.19,128035.68800000001,4.550221137879879e-06,12.30033017431911,0
BANCO C6 - PRUDENCIAL,2024-06-01,33164774.0,15788.0,3197146.0,0.0942,0.0404,189.49,1.053515670799987,29.07333333333333,0.0420595328142635,0,29057642.0,41064.0,2162765.0,0.098,0.0507,184.28,32.02333333333333,109652.1855,6.341167041870937e-07,14.27103218942731,0
BANCO C6 - PRUDENCIAL,2024-09-01,36217174.0,17713.0,4183492.0,0.0935999999999999,0.0423,190.99,0.8015076655999875,28.473333333333333,0.0369221642491438,0,27999490.0,36784.0,2573437.0,0.0929,0.0457,184.44,31.51333333333333,117606.07089999999,1.1868250715342764e-06,13.644227636703313,0
BANCO C6 - PRUDENCIAL,2024-12-01,39476312.0,28432.0,4183492.0,0.091,0.0384,191.11,1.47713535680003,27.96,0.0334842684292623,0,29383634.0,8701.0,2573437.0,0.0819,0.0355,185.03,30.41333333333333,91357.01349999999,4.96760296779799e-07,14.515157730775387,0
BANCO C6 - PRUDENCIAL,2025-03-01,44169838.0,21158.0,4739478.0,0.0874,0.0416,193.61,2.040339737600028,29.313333333333333,0.0234476031959752,0,30510717.0,39949.0,3197146.0,0.0895,0.04,186.65,29.896666666666665,127885.84,2.9454034607700554e-07,15.03784955023414,0
BANCO C6 - PRUDENCIAL,2025-06-01,46560680.0,68727.0,4739478.0,0.0892999999999999,0.0409,194.33,0.9327766831999762,31.666666666666668,0.028223869751057,0,33164774.0,15788.0,3197146.0,0.0942,0.0404,189.49,29.07333333333333,129164.6984,6.550505190341096e-08,16.541138503578033,0
BANCO C6 - PRUDENCIAL,2025-09-01,52581986.0,24587.0,5453297.0,0.091,0.044,,0.6304326271999727,31.94666666666667,0.0256161924505423,0,36217174.0,17713.0,4183492.0,0.0935999999999999,0.0423,190.99,28.473333333333333,176961.71159999998,1.3669821109964433e-08,18.108075259049368,0
BANCO DIGIMAIS - PRUDENCIAL,2022-03-01,2283091.0,9020.0,623127.0,0.1061,0.0463,175.72,3.2006523548000043,24.72,0.0848725946401777,0,1529199.0,11141.0,496458.0,0.1118,0.0645,173.12,22.403333333333336,32021.541,0.4643062787153327,0.1430181645185116,0
BANCO DIGIMAIS - PRUDENCIAL,2022-06-01,2595562.0,9948.0,623127.0,0.0993999999999999,0.0453,177.81,2.215266379399994,25.546666666666667,0.1316452684403146,0,1777295.0,9773.0,496458.0,0.1177999999999999,0.0735,172.06,21.46333333333333,36489.663,0.3978100900096352,0.414598130199308,0
BANCO DIGIMAIS - PRUDENCIAL,2022-09-01,2957491.0,10266.0,693635.0,0.0861,0.0548,179.54,-1.3245430992000151,27.44,0.3358125213006014,1,1925343.0,10370.0,545468.0,0.1249,0.0613,172.27,21.08666666666667,33437.1884,0.3836703307278425,0.47399832780511025,0
BANCO DIGIMAIS - PRUDENCIAL,2022-12-01,2654992.0,9917.0,693635.0,0.0478,0.0223,180.33,1.6286339977999995,29.036666666666665,0.3303657386414383,1,2147953.0,10639.0,545468.0,0.1168999999999999,0.0542,174.3,22.62,29564.365599999997,0.39999643188002887,0.40547997546347997,0
BANCO DIGIMAIS - PRUDENCIAL,2023-03-01,2740304.0,6991.0,692470.0,0.0744,0.0323,182.74,2.094210609200031,30.19,0.3394108099561094,1,2283091.0,9020.0,623127.0,0.1061,0.0463,175.72,24.72,28850.7801,0.4395988263008121,0.24279035643396962,0
BANCO DIGIMAIS - PRUDENCIAL,2023-06-01,2893880.0,6632.0,692470.0,0.0633,0.0292,184.28,0.760729877599986,32.02333333333333,0.327653658624783,1,2595562.0,9948.0,623127.0,0.0993999999999999,0.0453,177.81,25.546666666666667,28227.6531,0.42599628434132736,0.2982052457179037,0
BANCO DIGIMAIS - PRUDENCIAL,2023-09-01,3092583.0,6888.0,1098645.0,0.1116,0.0688,184.44,0.6111867176000096,31.51333333333333,0.254162531190822,1,2957491.0,10266.0,693635.0,0.0861,0.0548,179.54,27.44,38011.198000000004,0.4195220921481842,0.32473555591567876,0
BANCO DIGIMAIS - PRUDENCIAL,2023-12-01,3353917.0,6660.0,1098645.0,0.0877999999999999,0.0567999999999999,185.03,1.083587763199989,30.41333333333333,0.204426150545059,1,2654992.0,9917.0,693635.0,0.0478,0.0223,180.33,29.036666666666665,15468.0605,0.5258517649467042,-0.10349935213411479,0
BANCO DIGIMAIS - PRUDENCIAL,2024-03-01,3472130.0,6872.0,1409901.0,0.1149,0.0958,186.65,1.415491577599992,29.896666666666665,0.0754930881026773,0,2740304.0,6991.0,692470.0,0.0744,0.0323,182.74,30.19,22366.781000000003,0.5388527426874032,-0.15572490653450546,0
BANCO DIGIMAIS - PRUDENCIAL,2024-06-01,3912867.0,7646.0,1409901.0,0.123,0.1098,189.49,1.053515670799987,29.07333333333333,0.0422765923833293,0,2893880.0,6632.0,692470.0,0.0633,0.0292,184.28,32.02333333333333,20220.124,0.5650171817048578,-0.2615496084147388,0
BANCO DIGIMAIS - PRUDENCIAL,2024-09-01,4226698.0,7494.0,1304786.0,0.1142,0.0844999999999999,190.99,0.8015076655999875,28.473333333333333,0.0313615499349616,0,3092583.0,6888.0,1098645.0,0.1116,0.0688,184.44,31.51333333333333,75586.776,0.5147783464476459,-0.05913060839328497,0
BANCO DIGIMAIS - PRUDENCIAL,2024-12-01,4651015.0,8518.0,1304786.0,0.1067,0.0788,191.11,1.47713535680003,27.96,0.0332456699468613,0,3353917.0,6660.0,1098645.0,0.0877999999999999,0.0567999999999999,185.03,30.41333333333333,62403.03599999989,0.46982535348211146,0.1208454368741698,0
BANCO LETSBANK - PRUDENCIAL,2023-03-01,113741.0,0.0,10226.0,-0.0607,-0.0265,182.74,2.094210609200031,30.19,0.1323817173736891,0,77828.0,0.0,3860.0,0.8515999999999999,0.3338,175.72,24.72,1288.4679999999998,0.308080930404994,0.8091064879574273,0
BANCO LETSBANK - PRUDENCIAL,2023-06-01,99894.0,0.0,10226.0,0.0654,0.0282,184.28,0.760729877599986,32.02333333333333,0.2600878530424282,1,89670.0,0.0,3860.0,0.5739,0.3233,177.81,25.546666666666667,1247.9379999999999,0.3763656243831546,0.5050031841059276,0
BANCO LETSBANK - PRUDENCIAL,2023-09-01,79107.0,0.0,16168.0,-0.0294,-0.012,184.44,0.6111867176000096,31.51333333333333,0.4086812228061698,1,107423.0,0.0,9143.0,0.284,0.1636,179.54,27.44,1495.7948,0.6343310883857272,-0.5508427283659126,1
BANCO MASTER - PRUDENCIAL,2022-06-01,5077700.0,16392.0,796684.0,0.1146,0.0496,177.81,2.215266379399994,25.546666666666667,0.0139828345926187,0,2809174.0,10451.0,396699.0,0.1253999999999999,0.0629,172.06,21.46333333333333,24952.3671,0.272220854207965,0.9833839303115323,0
BANCO MASTER - PRUDENCIAL,2022-09-01,5811934.0,4997.0,1038541.0,0.1133,0.0487999999999999,179.54,-1.3245430992000151,27.44,0.0282657835509959,0,3292456.0,8136.0,493231.0,0.1079,0.0547,172.27,21.08666666666667,26979.7357,0.22733761673835542,1.2234059807253979,0
BANCO MASTER - PRUDENCIAL,2022-12-01,7344368.0,33057.0,1038541.0,0.1216,0.0579,180.33,1.6286339977999995,29.036666666666665,0.0131204182870988,0,5165452.0,7077.0,493231.0,0.0946,0.0554,174.3,22.62,27324.9974,0.10837581386168275,2.1074397831716642,0
BANCO MASTER - PRUDENCIAL,2023-03-01,8035049.0,114119.0,1331840.0,0.1141,0.0535,182.74,2.094210609200031,30.19,0.0128586753064915,0,5296203.0,10578.0,796684.0,0.1099,0.0572,175.72,24.72,45570.3248,0.12554447932846405,1.9409413179560346,0
BANCO MASTER - PRUDENCIAL,2023-06-01,10945466.0,68565.0,1331840.0,0.1221,0.0670999999999999,184.28,0.760729877599986,32.02333333333333,0.0143318329735825,0,5077700.0,16392.0,796684.0,0.1146,0.0496,177.81,25.546666666666667,39515.526399999995,0.15663472105682408,1.6834836955283967,0
BANCO MASTER - PRUDENCIAL,2023-09-01,12410525.0,378036.0,1965662.0,0.1149,0.0578,184.44,0.6111867176000096,31.51333333333333,0.0146185152611519,0,5811934.0,4997.0,1038541.0,0.1133,0.0487999999999999,179.54,27.44,50680.800799999895,0.13332351711865584,1.8718871276746676,0
BANCO MASTER - PRUDENCIAL,2023-12-01,14694276.0,27167.0,1965662.0,0.1143,0.0576999999999999,185.03,1.083587763199989,30.41333333333333,0.0262789540068424,0,7344368.0,33057.0,1038541.0,0.1216,0.0579,180.33,29.036666666666665,60131.5239,0.06894831410643494,2.6029576393957057,0
BANCO MASTER - PRUDENCIAL,2024-03-01,16650264.0,216135.0,2487925.0,0.1043,0.0521,186.65,1.415491577599992,29.896666666666665,0.0233857053632353,0,8035049.0,114119.0,1331840.0,0.1141,0.0535,182.74,30.19,71253.44,0.060859423585374224,2.7363985034845,0
BANCO MASTER - PRUDENCIAL,2024-06-01,29089064.0,213518.0,2595115.0,0.1091,0.0653,189.49,1.053515670799987,29.07333333333333,0.0428683729204055,0,10945466.0,68565.0,1331840.0,0.1221,0.0670999999999999,184.28,32.02333333333333,89366.46399999986,0.014117096026646802,4.246151041925809,0
BANCO MASTER - PRUDENCIAL,2024-09-01,39325159.0,273390.0,3884965.0,0.0949,0.0579999999999999,190.99,0.8015076655999875,28.473333333333333,0.0567436516587565,0,12410525.0,378036.0,1965662.0,0.1149,0.0578,184.44,31.51333333333333,113615.26359999999,0.008122845157797891,4.804918782179746,0
BANCO MASTER - PRUDENCIAL,2024-12-01,41773986.0,154049.0,3884965.0,0.0951,0.0565,191.11,1.47713535680003,27.96,0.0369567811744533,0,14694276.0,27167.0,1965662.0,0.1143,0.0576999999999999,185.03,30.41333333333333,113418.6973999998,0.0017554785330729948,6.34325676972292,0
BANCO MASTER - PRUDENCIAL,2025-03-01,42878042.0,40735.0,5935070.0,0.0847,0.0511,193.61,2.040339737600028,29.313333333333333,0.1194925849924327,0,16650264.0,216135.0,2487925.0,0.1043,0.0521,186.65,29.896666666666665,129620.8925,0.0007117429431352182,7.247081750411222,0
BANCO MASTER - PRUDENCIAL,2025-06-01,0.0,0.0,0.0,0.0,0.0,194.33,0.9327766831999762,31.666666666666668,0.1437352071363023,0,29089064.0,213518.0,2595115.0,0.1091,0.0653,189.49,29.07333333333333,169461.0095,6.731791188259784e-07,14.211253719818199,0
BANCO ORIGINAL - PRUDENCIAL,2022-03-01,14954957.0,13927.0,3124855.0,0.0916,0.0516,175.72,3.2006523548000043,24.72,0.1257092958512539,0,9985906.0,5007.0,1671707.0,0.1058,0.0681,173.12,22.403333333333336,113843.24669999999,0.009354876376440365,4.662458626093867,0
BANCO ORIGINAL - PRUDENCIAL,2022-06-01,15811135.0,4453.0,3124855.0,0.0851,0.0469,177.81,2.215266379399994,25.546666666666667,0.1826764793297393,1,10869214.0,28424.0,1671707.0,0.0984999999999999,0.0592,172.06,21.46333333333333,98965.05440000001,0.005303587330339714,5.234054131431635,0
BANCO ORIGINAL - PRUDENCIAL,2022-09-01,15573376.0,4741.0,4333631.0,0.0951999999999999,0.0548,179.54,-1.3245430992000151,27.44,0.2458274033814253,1,12073900.0,4629.0,2075261.0,0.1043,0.0599,172.27,21.08666666666667,124308.1339,0.0028073429394496066,5.87270552530542,0
BANCO PAULISTA - PRUDENCIAL,2021-09-01,999187.0,1988.0,495803.0,0.1027,0.1639,172.27,3.0196768831999954,21.08666666666667,0.0009457713270248,0,702586.0,3983.0,592465.0,0.1353,0.198,165.34,21.71666666666667,117308.07,0.4162511324723375,0.338182107211876,0
BANCO PAULISTA - PRUDENCIAL,2021-12-01,1116713.0,456.0,495803.0,0.0982,0.1730999999999999,174.3,2.958021687500012,22.62,0.0013594814715692,0,848080.0,17235.0,592465.0,0.1077999999999999,0.1914999999999999,171.47,20.72,113457.04749999994,0.4236861348688798,0.3076594840418537,0
BANCO PAULISTA - PRUDENCIAL,2022-03-01,1135029.0,1466.0,382728.0,0.1134999999999999,0.1705999999999999,175.72,3.2006523548000043,24.72,0.0020222593420387,0,813406.0,1696.0,483538.0,0.1202,0.1707999999999999,173.12,22.403333333333336,82588.29039999995,0.4707462314163121,0.11714886877339814,0
BANCO PAULISTA - PRUDENCIAL,2022-06-01,1178626.0,2351.0,382728.0,0.1076999999999999,0.1562,177.81,2.215266379399994,25.546666666666667,0.0025638044534065,0,956748.0,16635.0,483538.0,0.1097,0.1621,172.06,21.46333333333333,78381.5098,0.43736989103926344,0.25184314267089314,0
BANCO PAULISTA - PRUDENCIAL,2022-09-01,1331498.0,3704.0,273530.0,0.1049,0.1473,179.54,-1.3245430992000151,27.44,0.0022473676783586,0,999187.0,1988.0,495803.0,0.1027,0.1639,172.27,21.08666666666667,81262.1117,0.42449675992712005,0.30434048529178725,0
BANCO PAULISTA - PRUDENCIAL,2022-12-01,1632122.0,591.0,273530.0,0.0883999999999999,0.1389,180.33,1.6286339977999995,29.036666666666665,0.0071296761214371,0,1116713.0,456.0,495803.0,0.0982,0.1730999999999999,174.3,22.62,85823.49929999995,0.4417125297045934,0.23421472444006497,0
BANCO PAULISTA - PRUDENCIAL,2023-03-01,1299909.0,952.0,212939.0,0.0962,0.114,182.74,2.094210609200031,30.19,0.0107105623432041,0,1135029.0,1466.0,382728.0,0.1134999999999999,0.1705999999999999,175.72,24.72,65293.39679999996,0.4751965819528758,0.09929517568387214,0
BANCO PAULISTA - PRUDENCIAL,2023-06-01,1179676.0,1510.0,212939.0,0.1156,0.1292,184.28,0.760729877599986,32.02333333333333,0.0102578851260564,0,1178626.0,2351.0,382728.0,0.1076999999999999,0.1562,177.81,25.546666666666667,59782.113600000004,0.5114221928437231,-0.04569672146456415,0
BANCO PAULISTA - PRUDENCIAL,2023-09-01,1176818.0,1563.0,154973.0,0.1016,0.1242,184.44,0.6111867176000096,31.51333333333333,0.036900136762433,0,1331498.0,3704.0,273530.0,0.1049,0.1473,179.54,27.44,40290.969,0.5344219318725465,-0.13790587057566903,0
BANCO PAULISTA - PRUDENCIAL,2023-12-01,1198740.0,1522.0,154973.0,0.1099,0.1313,185.03,1.083587763199989,30.41333333333333,0.0348743128599325,0,1632122.0,591.0,273530.0,0.0883999999999999,0.1389,180.33,29.036666666666665,37993.316999999995,0.537435046768515,-0.15002092275091916,0
BANCO PAULISTA - PRUDENCIAL,2024-03-01,1228148.0,1666.0,157904.0,0.1056,0.1226,186.65,1.415491577599992,29.896666666666665,0.0416170239511437,0,1299909.0,952.0,212939.0,0.0962,0.114,182.74,30.19,24275.046000000002,0.6357213974866993,-0.5568414464315281,1
BANCO PAULISTA - PRUDENCIAL,2024-06-01,1225252.0,1814.0,157904.0,0.1089,0.1202,189.49,1.053515670799987,29.07333333333333,0.0441857050080166,0,1179676.0,1510.0,212939.0,0.1156,0.1292,184.28,32.02333333333333,27511.718800000002,0.6748411405290998,-0.7301634542234262,1
BANCO PAULISTA - PRUDENCIAL,2024-09-01,1226411.0,78.0,164098.0,0.1075,0.1181,190.99,0.8015076655999875,28.473333333333333,0.0562012139747942,0,1176818.0,1563.0,154973.0,0.1016,0.1242,184.44,31.51333333333333,19247.6466,0.6691904272477189,-0.7045257630198716,1
BANCO PAULISTA - PRUDENCIAL,2024-12-01,1200632.0,68.0,164098.0,0.1079,0.1108,191.11,1.47713535680003,27.96,0.0542944110519098,0,1198740.0,1522.0,154973.0,0.1099,0.1313,185.03,30.41333333333333,20347.9549,0.6428680775090766,-0.58783429143014,1
BANCO VOITER - PRUDENCIAL,2022-06-01,2233922.0,15777.0,57457.0,0.0733999999999999,0.0404,177.81,2.215266379399994,25.546666666666667,0.0609733183159812,0,2296099.0,95130.0,109607.0,0.0909,0.0521999999999999,172.06,21.46333333333333,5721.485399999989,0.34424217036265364,0.6444461654957406,0
BANCO VOITER - PRUDENCIAL,2022-09-01,2065625.0,17501.0,36738.0,0.104,0.0536,179.54,-1.3245430992000151,27.44,0.0583541188806351,0,2376146.0,38475.0,78950.0,0.1127,0.0575,172.27,21.08666666666667,4539.625,0.3136291240998235,0.7832069628235436,0
BANCO VOITER - PRUDENCIAL,2022-12-01,1979079.0,17573.0,36738.0,0.1132,0.0601,180.33,1.6286339977999995,29.036666666666665,0.0391681152117804,0,2672487.0,7549.0,78950.0,0.1038,0.0686,174.3,22.62,5415.969999999999,0.30078692086470277,0.8435534202040348,0
BANCO VOITER - PRUDENCIAL,2023-03-01,2106551.0,12407.0,17461.0,0.1127,0.0623,182.74,2.094210609200031,30.19,0.0307338357535504,0,2205811.0,11168.0,57457.0,0.0643,0.0326,175.72,24.72,1873.0982,0.44784660847915553,0.20937510904782314,0
BANCO VOITER - PRUDENCIAL,2023-06-01,1963684.0,12900.0,17461.0,0.1161,0.0584,184.28,0.760729877599986,32.02333333333333,0.0300550664521954,0,2233922.0,15777.0,57457.0,0.0733999999999999,0.0404,177.81,25.546666666666667,2321.2628,0.4628882293665514,0.14872059233187984,0
BANCO VOITER - PRUDENCIAL,2023-09-01,1752196.0,35545.0,35140.0,0.1137,0.0572,184.44,0.6111867176000096,31.51333333333333,0.0284565972168187,0,2065625.0,17501.0,36738.0,0.104,0.0536,179.54,27.44,1969.1568,0.5137532636022386,-0.05502693496330126,0
BANCO VOITER - PRUDENCIAL,2023-12-01,1742176.0,29215.0,35140.0,0.1085999999999999,0.0533,185.03,1.083587763199989,30.41333333333333,0.0258300702320813,0,1979079.0,17573.0,36738.0,0.1132,0.0601,180.33,29.036666666666665,2207.9538000000002,0.5526026406345295,-0.21119204395809285,0
BANCO VOITER - PRUDENCIAL,2024-03-01,2084644.0,39312.0,7262.0,0.0932,0.0498,186.65,1.415491577599992,29.896666666666665,0.0121439804710587,0,2106551.0,12407.0,17461.0,0.1127,0.0623,182.74,30.19,1087.8203,0.5669150699151501,-0.2692756516160791,0
BANCOOB - PRUDENCIAL,2017-03-01,6847247.0,6829.0,1037883.0,0.1722,0.035,164.34,0.9630321349999972,41.17333333333333,0.0016857152968846,0,5669318.0,78706.0,843097.0,0.1566,0.0368,163.26,35.07,31025.9696,0.17045372180852522,1.5824150651229156,0
BANCOOB - PRUDENCIAL,2017-06-01,7304212.0,8722.0,1037883.0,0.1701,0.034,165.65,0.2193980018000196,36.63666666666666,0.0014068183461258,0,6241452.0,11631.0,843097.0,0.1510999999999999,0.0343,163.72,38.303333333333335,28918.227099999996,0.15827673117863097,1.6711063368239043,0
BANCOOB - PRUDENCIAL,2017-09-01,7772243.0,14904.0,1180557.0,0.163,0.0321,166.12,0.5911447296000016,36.16333333333333,0.002909096962427,0,6736551.0,7177.0,928649.0,0.1457,0.0331,162.92,39.71333333333333,30738.281899999998,0.13641486902013722,1.8453917312433987,0
BANCOOB - PRUDENCIAL,2017-12-01,6841422.0,57454.0,1180557.0,0.1846999999999999,0.0332,167.13,1.144261174399985,33.526666666666664,0.0032674549518228,0,7546329.0,34739.0,928649.0,0.1543,0.0372,162.73,40.38,34545.7428,0.09492949636298148,2.2548783728191752,0
BANCOOB - PRUDENCIAL,2018-03-01,6604543.0,13759.0,1490311.0,0.1969999999999999,0.0345,167.98,0.7014778351999817,33.15,0.00427227892533,0,6847247.0,6829.0,1037883.0,0.1722,0.035,164.34,41.17333333333333,36325.905000000006,0.1460813875663789,1.7656719722881151,0
BANCOOB - PRUDENCIAL,2018-06-01,7004448.0,25331.0,1490311.0,0.1951999999999999,0.0342,167.89,1.8887030879999989,30.82333333333333,0.0057207794459884,0,7304212.0,8722.0,1037883.0,0.1701,0.034,165.65,36.63666666666666,35288.022000000004,0.08826412883777834,2.3350165501402556,0
BANCOOB - PRUDENCIAL,2018-09-01,7519556.0,93811.0,1703119.0,0.1851,0.0322,169.35,0.7208535743999933,28.546666666666667,0.006014321089102,0,7772243.0,14904.0,1180557.0,0.163,0.0321,166.12,36.16333333333333,37895.8797,0.06958007656194726,2.593157744856716,0
BANCOOB - PRUDENCIAL,2018-12-01,8279515.0,54568.0,1703119.0,0.1751,0.0338,169.09,0.3894135824999978,28.71666666666667,0.0087187097332968,0,6841422.0,57454.0,1180557.0,0.1846999999999999,0.0332,167.13,33.526666666666664,39194.4924,0.09632003584749171,2.2387989221358344,0
BANCOOB - PRUDENCIAL,2019-03-01,8349692.0,81892.0,2072735.0,0.1709,0.0341,169.51,1.507011320000018,30.386666666666667,0.0028561339806872,0,6604543.0,13759.0,1490311.0,0.1969999999999999,0.0345,167.98,33.15,51415.7295,0.10883649541525403,2.102681203599025,0
BANCOOB - PRUDENCIAL,2019-06-01,8548078.0,64277.0,2072735.0,0.1717,0.0348,170.58,0.710811074100004,30.69666666666667,0.0076888956435745,0,7004448.0,25331.0,1490311.0,0.1951999999999999,0.0342,167.89,30.82333333333333,50968.6362,0.07579586214858247,2.5008892736699675,0
BANCOOB - PRUDENCIAL,2019-09-01,8393713.0,55902.0,2314468.0,0.174,0.0335,170.5,0.2600889164000142,30.59,0.008894411909406,0,7519556.0,93811.0,1703119.0,0.1851,0.0322,169.35,28.546666666666667,54840.4318,0.05425078677895413,2.858359936555185,0
BANCOOB - PRUDENCIAL,2019-12-01,8785189.0,49726.0,2314468.0,0.1696,0.0336,171.91,1.767530865000011,29.096666666666664,0.009370434683461,0,8279515.0,54568.0,1703119.0,0.1751,0.0338,169.09,28.71666666666667,57565.42219999999,0.03572729319605775,3.295459233595257,0
BANCOOB - PRUDENCIAL,2020-03-01,8739768.0,64577.0,2562407.0,0.1716,0.033,168.09,0.5308473674999981,28.24,0.0113122280082137,0,8349692.0,81892.0,2072735.0,0.1709,0.0341,169.51,30.386666666666667,70680.2635,0.04191181827542979,3.1293719753319214,0
BANCOOB - PRUDENCIAL,2020-06-01,8831766.0,32111.0,2562407.0,0.1742,0.0287,153.27,-0.4306129372000034,24.44333333333333,0.0134742944653571,0,8548078.0,64277.0,2072735.0,0.1717,0.0348,170.58,30.69666666666667,72131.178,0.03911825905579938,3.2012620016586406,0
BANCOOB - PRUDENCIAL,2020-09-01,9803064.0,33161.0,2792278.0,0.1539,0.0237999999999999,165.34,1.2447095295999857,21.71666666666667,0.0132262752129262,0,8393713.0,55902.0,2314468.0,0.174,0.0335,170.5,30.59,77534.678,0.043228792323073265,3.0970575283322344,0
BANCOOB - PRUDENCIAL,2020-12-01,11330092.0,30128.0,2792278.0,0.1402,0.0249,171.47,3.131382328999988,20.72,0.0111601837201328,0,8785189.0,49726.0,2314468.0,0.1696,0.0336,171.91,29.096666666666664,77766.12479999999,0.03232723669331253,3.3989838596119495,0
BANCOOB - PRUDENCIAL,2021-03-01,11556404.0,37870.0,2982229.0,0.1392,0.0254,173.12,2.052492994999988,22.403333333333336,0.0104339710696841,0,8739768.0,64577.0,2562407.0,0.1716,0.033,168.09,28.24,84559.431,0.029591655199144078,3.4902245544017134,0
BANCOOB - PRUDENCIAL,2021-06-01,12317601.0,43579.0,2982229.0,0.1368,0.0285,172.06,1.6786286369000036,21.46333333333333,0.010099777613816,0,8831766.0,32111.0,2562407.0,0.1742,0.0287,153.27,24.44333333333333,73541.0809,0.014623736369167377,4.210377574589629,0
BANCOOB - PRUDENCIAL,2021-09-01,12573087.0,61073.0,3251030.0,0.1386,0.0268,172.27,3.0196768831999954,21.08666666666667,0.0124951792041706,0,9803064.0,33161.0,2792278.0,0.1539,0.0237999999999999,165.34,21.71666666666667,66456.21639999973,0.009508589299045623,4.646005667659246,0
BANCOOB - PRUDENCIAL,2021-12-01,13738468.0,52720.0,3251030.0,0.1449,0.0308,174.3,2.958021687500012,22.62,0.0086063997397589,0,11330092.0,30128.0,2792278.0,0.1402,0.0249,171.47,20.72,69527.72219999999,0.004373315922517542,5.42785085853277,0
BANCOOB - PRUDENCIAL,2022-03-01,13941881.0,20419.0,3563939.0,0.1367,0.0273,175.72,3.2006523548000043,24.72,0.0084079053491569,0,11556404.0,37870.0,2982229.0,0.1392,0.0254,173.12,22.403333333333336,75748.6166,0.004684709314459584,5.358755694366649,0
BANCOOB - PRUDENCIAL,2022-06-01,14471648.0,16387.0,3563939.0,0.153,0.0306,177.81,2.215266379399994,25.546666666666667,0.0084819368179628,0,12317601.0,43579.0,2982229.0,0.1368,0.0285,172.06,21.46333333333333,84993.5265,0.002805098831927339,5.873507466035224,0
BANCOOB - PRUDENCIAL,2022-09-01,15645144.0,48997.0,3900062.0,0.1461,0.026,179.54,-1.3245430992000151,27.44,0.0091603270303016,0,12573087.0,61073.0,3251030.0,0.1386,0.0268,172.27,21.08666666666667,87127.604,0.002463094314248601,6.003870735528424,0
BANCOOB - PRUDENCIAL,2022-12-01,17243627.0,40574.0,3900062.0,0.1509,0.0295,180.33,1.6286339977999995,29.036666666666665,0.0097459837719374,0,13738468.0,52720.0,3251030.0,0.1449,0.0308,174.3,22.62,100131.724,0.0015155395879892948,6.490467050663125,0
BANCOOB - PRUDENCIAL,2023-03-01,18573466.0,64635.0,4212995.0,0.1431,0.0281,182.74,2.094210609200031,30.19,0.011411532394595,0,13941881.0,20419.0,3563939.0,0.1367,0.0273,175.72,24.72,97295.5347,0.0016692908036553343,6.393685725698688,0
BANCOOB - PRUDENCIAL,2023-06-01,19457792.0,66284.0,4212995.0,0.1426,0.0273,184.28,0.760729877599986,32.02333333333333,0.0123512388487315,0,14471648.0,16387.0,3563939.0,0.153,0.0306,177.81,25.546666666666667,109056.5334,0.0013886584682458415,6.578027505188672,0
BANCOOB - PRUDENCIAL,2023-09-01,20589747.0,195856.0,4489887.0,0.1398,0.0260999999999999,184.44,0.6111867176000096,31.51333333333333,0.0127075503758967,0,15645144.0,48997.0,3900062.0,0.1461,0.026,179.54,27.44,101401.612,0.0009047099384045484,7.006991056353542,0
BANCOOB - PRUDENCIAL,2023-12-01,19695391.0,419429.0,4489887.0,0.1674,0.0306,185.03,1.083587763199989,30.41333333333333,0.0103771574098673,0,17243627.0,40574.0,3900062.0,0.1509,0.0295,180.33,29.036666666666665,115051.829,0.00042728933990089727,7.757621782647244,0
BANCOOB - PRUDENCIAL,2024-03-01,19691632.0,353582.0,4826344.0,0.1711,0.0302,186.65,1.415491577599992,29.896666666666665,0.011452817358198,0,18573466.0,64635.0,4212995.0,0.1431,0.0281,182.74,30.19,118385.1595,0.0002459237639892683,8.310243018636086,0
BANCOOB - PRUDENCIAL,2024-06-01,20152559.0,73928.0,4826344.0,0.1759,0.0337,189.49,1.053515670799987,29.07333333333333,0.0123678887943149,0,19457792.0,66284.0,4212995.0,0.1426,0.0273,184.28,32.02333333333333,115014.7635,0.00017799671425699308,8.633567454615404,0
BANCOOB - PRUDENCIAL,2024-09-01,21023818.0,138315.0,5149013.0,0.1735,0.0338,190.99,0.8015076655999875,28.473333333333333,0.0132506828984213,0,20589747.0,195856.0,4489887.0,0.1398,0.0260999999999999,184.44,31.51333333333333,117186.05069999956,0.00010008229781398685,9.209417645090769,0
BANESTES - PRUDENCIAL,2017-03-01,5283273.0,11043.0,1402328.0,0.1832,0.0657,164.34,0.9630321349999972,41.17333333333333,0.0969622340676279,0,4844005.0,7658.0,1203437.0,0.1893,0.0659,163.26,35.07,79306.4983,0.23626929964793125,1.1732429860406064,0
BANESTES - PRUDENCIAL,2017-06-01,5325005.0,12561.0,1402328.0,0.1830999999999999,0.0713,165.65,0.2193980018000196,36.63666666666666,0.0906196924506024,0,5022746.0,104353.0,1203437.0,0.1855,0.0674,163.72,38.303333333333335,81111.6538,0.27581925728287193,0.9652952197223524,0
BANESTES - PRUDENCIAL,2017-09-01,5492648.0,14788.0,1486039.0,0.152,0.0669,166.12,0.5911447296000016,36.16333333333333,0.0845648514688237,0,5205200.0,101841.0,1275557.0,0.181,0.0556,162.92,39.71333333333333,70920.96919999999,0.2802944200991618,0.9430016606312523,0
BANESTES - PRUDENCIAL,2017-12-01,5922882.0,13305.0,1486039.0,0.1422,0.0652,167.13,1.144261174399985,33.526666666666664,0.0928971743595527,0,5202793.0,23667.0,1275557.0,0.1876,0.0524,162.73,40.38,66839.1868,0.2820859624995371,0.9341379810451418,0
BANESTES - PRUDENCIAL,2018-03-01,6119075.0,5696.0,1701190.0,0.1662,0.0776,167.98,0.7014778351999817,33.15,0.089276298808097,0,5283273.0,11043.0,1402328.0,0.1832,0.0657,164.34,41.17333333333333,92132.94959999999,0.2932192433982111,0.8797999139439384,0
BANESTES - PRUDENCIAL,2018-06-01,6233449.0,9667.0,1701190.0,0.1684,0.0669,167.89,1.8887030879999989,30.82333333333333,0.0830228562311073,0,5325005.0,12561.0,1402328.0,0.1830999999999999,0.0713,165.65,36.63666666666666,99985.98640000001,0.22678745278883772,1.2265407274490334,0
BANESTES - PRUDENCIAL,2018-09-01,6487384.0,5700.0,1705515.0,0.1664999999999999,0.0565,169.35,0.7208535743999933,28.546666666666667,0.0828843316922399,0,5492648.0,14788.0,1486039.0,0.152,0.0669,166.12,36.16333333333333,99416.0091,0.21346097197745958,1.304188328884414,0
BANESTES - PRUDENCIAL,2018-12-01,6512237.0,5312.0,1705515.0,0.1712,0.0592,169.09,0.3894135824999978,28.71666666666667,0.0773028406829972,0,5922882.0,13305.0,1486039.0,0.1422,0.0652,167.13,33.526666666666664,96889.74279999999,0.1521543468636115,1.7178031610045272,0
BANESTES - PRUDENCIAL,2019-03-01,6355886.0,10144.0,1765409.0,0.177,0.0701,169.51,1.507011320000018,30.386666666666667,0.0800454733879042,0,6119075.0,5696.0,1701190.0,0.1662,0.0776,167.98,33.15,132012.344,0.13973347971857533,1.817505356713947,0
BANESTES - PRUDENCIAL,2019-06-01,6879890.0,8543.0,1765409.0,0.1669,0.0596999999999999,170.58,0.710811074100004,30.69666666666667,0.0908492008106715,0,6233449.0,9667.0,1701190.0,0.1684,0.0669,167.89,30.82333333333333,113809.611,0.11364522923819341,2.0540357172879853,0
BANESTES - PRUDENCIAL,2019-09-01,6753882.0,9899.0,1717898.0,0.1754,0.0713999999999999,170.5,0.2600889164000142,30.59,0.0865707541481164,0,6487384.0,5700.0,1705515.0,0.1664999999999999,0.0565,169.35,28.546666666666667,96361.5975,0.0887002525652647,2.3296091377420014,0
BANESTES - PRUDENCIAL,2019-12-01,7343328.0,27238.0,1717898.0,0.1402,0.0776,171.91,1.767530865000011,29.096666666666664,0.0806109829890894,0,6512237.0,5312.0,1705515.0,0.1712,0.0592,169.09,28.71666666666667,100966.488,0.087754286931943,2.3413686610421105,0
BANESTES - PRUDENCIAL,2020-03-01,7635912.0,10833.0,1600929.0,0.1265,0.0591,168.09,0.5308473674999981,28.24,0.0749222470497351,0,6355886.0,10144.0,1765409.0,0.177,0.0701,169.51,30.386666666666667,123755.1709,0.10810176440521195,2.11027899404348,0
BANESTES - PRUDENCIAL,2020-06-01,7893263.0,5189.0,1600929.0,0.1408,0.0605,153.27,-0.4306129372000034,24.44333333333333,0.07412187511038,0,6879890.0,8543.0,1765409.0,0.1669,0.0596999999999999,170.58,30.69666666666667,105394.91729999983,0.08741822258235912,2.345573943343693,0
BANESTES - PRUDENCIAL,2020-09-01,8296274.0,7311.0,1567140.0,0.1444,0.0466,165.34,1.2447095295999857,21.71666666666667,0.0655989424333447,0,6753882.0,9899.0,1717898.0,0.1754,0.0713999999999999,170.5,30.59,122657.91719999982,0.09065707982460589,2.3056382382558134,0
BANESTES - PRUDENCIAL,2020-12-01,8291029.0,1629.0,1567140.0,0.1542,0.0584999999999999,171.47,3.131382328999988,20.72,0.0600643178159041,0,7343328.0,27238.0,1717898.0,0.1402,0.0776,171.91,29.096666666666664,133308.8848,0.06331508890122861,2.6942232796064913,0
BANESTES - PRUDENCIAL,2021-03-01,8387725.0,4807.0,1474565.0,0.1589,0.0645,173.12,2.052492994999988,22.403333333333336,0.0550904572439545,0,7635912.0,10833.0,1600929.0,0.1265,0.0591,168.09,28.24,94614.9039,0.04619818402331921,3.0275154194452054,0
BANESTES - PRUDENCIAL,2021-06-01,8887599.0,21421.0,1474565.0,0.1551,0.0501,172.06,1.6786286369000036,21.46333333333333,0.0508574917324509,0,7893263.0,5189.0,1600929.0,0.1408,0.0605,153.27,24.44333333333333,96856.20449999999,0.02126846741471448,3.82903180609062,0
BANESTES - PRUDENCIAL,2021-09-01,9262458.0,1512.0,1513381.0,0.1523,0.0628,172.27,3.0196768831999954,21.08666666666667,0.0504687843182197,0,8296274.0,7311.0,1567140.0,0.1444,0.0466,165.34,21.71666666666667,73028.724,0.018515392530703733,3.9704639162085393,0
BANESTES - PRUDENCIAL,2021-12-01,9369157.0,5779.0,1513381.0,0.1558,0.0613999999999999,174.3,2.958021687500012,22.62,0.0466350626520975,0,8291029.0,1629.0,1567140.0,0.1542,0.0584999999999999,171.47,20.72,91677.68999999984,0.01949866714885414,3.9177178932032763,0
BANESTES - PRUDENCIAL,2022-03-01,9508196.0,3552.0,1621446.0,0.1578,0.0605,175.72,3.2006523548000043,24.72,0.0424580609381083,0,8387725.0,4807.0,1474565.0,0.1589,0.0645,173.12,22.403333333333336,95109.4425,0.021252984892740984,3.829775846656875,0
BANESTES - PRUDENCIAL,2022-06-01,9937491.0,5256.0,1621446.0,0.1509,0.0557,177.81,2.215266379399994,25.546666666666667,0.0404945450627358,0,8887599.0,21421.0,1474565.0,0.1551,0.0501,172.06,21.46333333333333,73875.7065,0.015061790460978303,4.18041780405721,0
BANESTES - PRUDENCIAL,2022-09-01,10680882.0,5524.0,1732855.0,0.1437,0.0561,179.54,-1.3245430992000151,27.44,0.0397571516152531,0,9262458.0,1512.0,1513381.0,0.1523,0.0628,172.27,21.08666666666667,95040.3268,0.011756145420786906,4.431553365369836,0
BANESTES - PRUDENCIAL,2022-12-01,10556620.0,1677.0,1732855.0,0.1496,0.0737,180.33,1.6286339977999995,29.036666666666665,0.0398517041139433,0,9369157.0,5779.0,1513381.0,0.1558,0.0613999999999999,174.3,22.62,92921.59339999985,0.013076907959401335,4.323744192025026,0
BANESTES - PRUDENCIAL,2023-03-01,10684323.0,2150.0,2007185.0,0.1483,0.0715,182.74,2.094210609200031,30.19,0.0447218230464555,0,9508196.0,3552.0,1621446.0,0.1578,0.0605,175.72,24.72,98097.483,0.014964442739619688,4.187000836331947,0
BANESTES - PRUDENCIAL,2023-06-01,10868773.0,2105.0,2007185.0,0.1467,0.0681,184.28,0.760729877599986,32.02333333333333,0.0434972277961997,0,9937491.0,5256.0,1621446.0,0.1509,0.0557,177.81,25.546666666666667,90314.5422,0.013300273327491055,4.306581178996966,0
BANESTES - PRUDENCIAL,2023-09-01,10843352.0,2958.0,2198795.0,0.1509,0.0716,184.44,0.6111867176000096,31.51333333333333,0.0416885967337381,0,10680882.0,5524.0,1732855.0,0.1437,0.0561,179.54,27.44,97213.16549999999,0.010836168922376297,4.513970458169559,0
BANESTES - PRUDENCIAL,2023-12-01,11299664.0,3098.0,2198795.0,0.146,0.0724,185.03,1.083587763199989,30.41333333333333,0.0368311848854534,0,10556620.0,1677.0,1732855.0,0.1496,0.0737,180.33,29.036666666666665,127711.41350000001,0.013138579808922137,4.31897669889974,0
BANESTES - PRUDENCIAL,2024-03-01,11602273.0,1639.0,2360683.0,0.1444,0.0725,186.65,1.415491577599992,29.896666666666665,0.0374974631053613,0,10684323.0,2150.0,2007185.0,0.1483,0.0715,182.74,30.19,143513.72749999998,0.015045554293987453,4.181512840381319,0
BANESTES - PRUDENCIAL,2024-06-01,11134581.0,3079.0,2360683.0,0.1467999999999999,0.0684,189.49,1.053515670799987,29.07333333333333,0.0368120949063862,0,10868773.0,2105.0,2007185.0,0.1467,0.0681,184.28,32.02333333333333,136689.29849999998,0.01618743895450179,4.107199823964438,0
BANESTES - PRUDENCIAL,2024-09-01,11168198.0,2323.0,2354758.0,0.141,0.06,190.99,0.8015076655999875,28.473333333333333,0.0354490146284034,0,10843352.0,2958.0,2198795.0,0.1509,0.0716,184.44,31.51333333333333,157433.72199999998,0.016507616831943586,4.087287992714311,0
BANESTES - PRUDENCIAL,2024-12-01,11733546.0,2565.0,2354758.0,0.1401,0.0678,191.11,1.47713535680003,27.96,0.0330008888686823,0,11299664.0,3098.0,2198795.0,0.146,0.0724,185.03,30.41333333333333,159192.758,0.011993812150595178,4.411298098159314,0
BANESTES - PRUDENCIAL,2025-03-01,12246940.0,1084.0,2067647.0,0.1357,0.0684,193.61,2.040339737600028,29.313333333333333,0.0159930369156892,0,11602273.0,1639.0,2360683.0,0.1444,0.0725,186.65,29.896666666666665,171149.5175,0.010498261547477525,4.545991845493249,0
BANESTES - PRUDENCIAL,2025-06-01,12375861.0,1163.0,2067647.0,0.14,0.0683,194.33,0.9327766831999762,31.666666666666668,0.0140843520246262,0,11134581.0,3079.0,2360683.0,0.1467999999999999,0.0684,189.49,29.07333333333333,161470.7172,0.013628922540186763,4.28183843823778,0
BANESTES - PRUDENCIAL,2025-09-01,12556626.0,2063.0,2061026.0,0.1446,0.072,,0.6304326271999727,31.94666666666667,0.0127310508823861,0,11168198.0,2323.0,2354758.0,0.141,0.06,190.99,28.473333333333333,141285.47999999998,0.013177417298352721,4.315985715521898,0
BANIF - PRUDENCIAL,2017-03-01,533101.0,4593.0,0.0,-0.39,-0.2865,164.34,0.9630321349999972,41.17333333333333,0.0,0,649641.0,12776.0,0.0,0.1267,0.1133,163.26,35.07,0.0,0.6807053289306192,-0.757015098548707,1
BANIF - PRUDENCIAL,2017-06-01,490229.0,7002.0,0.0,-0.5276,-0.4447,165.65,0.2193980018000196,36.63666666666666,0.0,0,569538.0,16748.0,0.0,0.0754,0.0687,163.72,38.303333333333335,0.0,0.784533686822068,-1.2922849333221154,1
BANIF - PRUDENCIAL,2017-09-01,263268.0,346.0,0.0,-1.013,-0.7431,166.12,0.5911447296000016,36.16333333333333,0.0,0,516639.0,11902.0,0.0,-0.1835999999999999,-0.1601,162.92,39.71333333333333,-0.0,0.9297372403412449,-2.582660083661591,1
BANIF - PRUDENCIAL,2017-12-01,236745.0,367.0,0.0,-1.2385,-0.8944,167.13,1.144261174399985,33.526666666666664,0.0,0,453826.0,8996.0,0.0,-0.363,-0.2855,162.73,40.38,-0.0,0.9653380905411543,-3.3268370160790437,1
BANIF - PRUDENCIAL,2018-03-01,207641.0,279.0,0.0,-1.5395,-1.0759999999999998,167.98,0.7014778351999817,33.15,0.0,0,533101.0,4593.0,0.0,-0.39,-0.2865,164.34,41.17333333333333,-0.0,0.9676503685383839,-3.398268200754292,1
BANQI IP - PRUDENCIAL,2024-09-01,221003.0,0.0,31239.0,0.0,0.0,190.99,0.8015076655999875,28.473333333333333,0.1172419580124081,0,332748.0,0.0,33532.0,0.0,0.0,184.44,31.51333333333333,0.0,0.8512317088219292,-1.7442943663577715,1
BANQI IP - PRUDENCIAL,2024-12-01,242272.0,0.0,31239.0,0.0,0.0,191.11,1.47713535680003,27.96,0.1071607554065713,0,284711.0,0.0,33532.0,0.0,0.0,185.03,30.41333333333333,0.0,0.8456791784897215,-1.7011063733881775,1
BANRISUL - PRUDENCIAL,2017-03-01,29194752.0,1224711.0,7810214.0,0.1346,0.0716,164.34,0.9630321349999972,41.17333333333333,0.0957130932260993,0,32391311.0,777404.0,6847121.0,0.156,0.0882,163.26,35.07,603916.0722,3.6229171362824e-07,14.830815748690538,0
BANRISUL - PRUDENCIAL,2017-06-01,29417996.0,2101722.0,7810214.0,0.1341999999999999,0.072,165.65,0.2193980018000196,36.63666666666666,0.0926363528305906,0,31780993.0,1031537.0,6847121.0,0.1409,0.0778,163.72,38.303333333333335,532706.0138,6.802026872129328e-07,14.200874333656424,0
BANRISUL - PRUDENCIAL,2017-09-01,28648851.0,1178370.0,8334820.0,0.1422,0.0733,166.12,0.5911447296000016,36.16333333333333,0.0959344204794414,0,30680366.0,966112.0,7255258.0,0.1436,0.078,162.92,39.71333333333333,565910.124,1.4719539313989353e-06,13.428918362896308,0
BANRISUL - PRUDENCIAL,2017-12-01,29563694.0,807765.0,8334820.0,0.1469,0.0746,167.13,1.144261174399985,33.526666666666664,0.0917925688824428,0,30172550.0,1021863.0,7255258.0,0.1418,0.0751,162.73,40.38,544869.8758,2.043861940412762e-06,13.100667387969347,0
BANRISUL - PRUDENCIAL,2018-03-01,29446112.0,659377.0,9285522.0,0.1383,0.0733999999999999,167.98,0.7014778351999817,33.15,0.0951122351260761,0,29194752.0,1224711.0,7810214.0,0.1346,0.0716,164.34,41.17333333333333,559211.3224,4.742665115447652e-06,12.258906577047252,0
BANRISUL - PRUDENCIAL,2018-06-01,29009868.0,1353200.0,9285522.0,0.1323,0.0673,167.89,1.8887030879999989,30.82333333333333,0.0920310955763804,0,29417996.0,2101722.0,7810214.0,0.1341999999999999,0.072,165.65,36.63666666666666,562335.4079999999,4.841952211828467e-06,12.238187727144027,0
BANRISUL - PRUDENCIAL,2018-09-01,28628369.0,681607.0,9563873.0,0.1408,0.0697,169.35,0.7208535743999933,28.546666666666667,0.0839506538989479,0,28648851.0,1178370.0,8334820.0,0.1422,0.0733,166.12,36.16333333333333,610942.306,5.130669423478233e-06,12.18026928480625,0
BANRISUL - PRUDENCIAL,2018-12-01,29909619.0,856300.0,9563873.0,0.1346,0.0678,169.09,0.3894135824999978,28.71666666666667,0.0874900872623458,0,29563694.0,807765.0,8334820.0,0.1469,0.0746,167.13,33.526666666666664,621777.572,2.1489579047844066e-06,13.050525379916412,0
BANRISUL - PRUDENCIAL,2019-03-01,30264147.0,770212.0,9512757.0,0.1426,0.0717,169.51,1.507011320000018,30.386666666666667,0.0879750400083167,0,29446112.0,659377.0,9285522.0,0.1383,0.0733999999999999,167.98,33.15,681557.314799999,2.582128753447821e-06,12.866893818969498,0
BANRISUL - PRUDENCIAL,2019-06-01,30444893.0,1036639.0,9512757.0,0.1449,0.0722,170.58,0.710811074100004,30.69666666666667,0.0902858285382049,0,29009868.0,1353200.0,9285522.0,0.1323,0.0673,167.89,30.82333333333333,624915.6306,3.5930982089404567e-06,12.536492123792245,0
BANRISUL - PRUDENCIAL,2019-09-01,30675457.0,997400.0,9962740.0,0.1489,0.0744,170.5,0.2600889164000142,30.59,0.0885486055390938,0,28628369.0,681607.0,9563873.0,0.1408,0.0697,169.35,28.546666666666667,666601.9481,3.0023102799024125e-06,12.716125470150274,0
BANRISUL - PRUDENCIAL,2019-12-01,32005227.0,713181.0,9962740.0,0.1382,0.0702,171.91,1.767530865000011,29.096666666666664,0.0854556096469956,0,29909619.0,856300.0,9563873.0,0.1346,0.0678,169.09,28.71666666666667,648430.5893999999,1.563965359493087e-06,13.368284500881567,0
BANRISUL - PRUDENCIAL,2020-03-01,32040986.0,1198716.0,9964105.0,0.1432,0.0723,168.09,0.5308473674999981,28.24,0.0846922012802769,0,30264147.0,770212.0,9512757.0,0.1426,0.0717,169.51,30.386666666666667,682064.6769,1.478878702009616e-06,13.424224912335257,0
BANRISUL - PRUDENCIAL,2020-06-01,31645258.0,504173.0,9964105.0,0.1515,0.0717,153.27,-0.4306129372000034,24.44333333333333,0.0895543751204723,0,30444893.0,1036639.0,9512757.0,0.1449,0.0722,170.58,30.69666666666667,686821.0554,1.6241472564708946e-06,13.33052602112015,0
BANRISUL - PRUDENCIAL,2020-09-01,32045116.0,466146.0,10026455.0,0.1539,0.0708,165.34,1.2447095295999857,21.71666666666667,0.0853332368661414,0,30675457.0,997400.0,9962740.0,0.1489,0.0744,170.5,30.59,741227.8559999999,1.588462662951854e-06,13.352742299743516,0
BANRISUL - PRUDENCIAL,2020-12-01,32410415.0,678576.0,10026455.0,0.1499,0.0688,171.47,3.131382328999988,20.72,0.0783294665152644,0,32005227.0,713181.0,9962740.0,0.1382,0.0702,171.91,29.096666666666664,699384.348,5.576334693712749e-07,14.39956339778779,0
BANRISUL - PRUDENCIAL,2021-03-01,32018400.0,3368774.0,9826600.0,0.1479,0.0688,173.12,2.052492994999988,22.403333333333336,0.0771567986909679,0,32040986.0,1198716.0,9964105.0,0.1432,0.0723,168.09,28.24,720404.7915,6.233520966201246e-07,14.288153691437028,0
BANRISUL - PRUDENCIAL,2021-06-01,32192914.0,3286127.0,9826600.0,0.1477,0.067,172.06,1.6786286369000036,21.46333333333333,0.079663840763935,0,31645258.0,504173.0,9964105.0,0.1515,0.0717,153.27,24.44333333333333,714426.3285,2.802604242349831e-07,15.087546299325679,0
BANRISUL - PRUDENCIAL,2021-09-01,33808422.0,3688703.0,9720294.0,0.1446,0.0659,172.27,3.0196768831999954,21.08666666666667,0.0734534257176545,0,32045116.0,466146.0,10026455.0,0.1539,0.0708,165.34,21.71666666666667,709873.014,2.3658523665866635e-07,15.256957048756055,0
BANRISUL - PRUDENCIAL,2021-12-01,35920004.0,3290650.0,9720294.0,0.1503999999999999,0.0688,174.3,2.958021687500012,22.62,0.0672203261606904,0,32410415.0,678576.0,10026455.0,0.1499,0.0688,171.47,20.72,689820.104,2.2307685622832074e-07,15.315749255122695,0
BANRISUL - PRUDENCIAL,2022-03-01,37039201.0,2539205.0,9239219.0,0.1514,0.0696,175.72,3.2006523548000043,24.72,0.0639294764941514,0,32018400.0,3368774.0,9826600.0,0.1479,0.0688,173.12,22.403333333333336,676070.08,1.2835144665174889e-06,13.5659072821362,0
BANRISUL - PRUDENCIAL,2022-06-01,38836765.0,2030542.0,9239219.0,0.1425,0.0638,177.81,2.215266379399994,25.546666666666667,0.0594421280373033,0,32192914.0,3286127.0,9826600.0,0.1477,0.067,172.06,21.46333333333333,658382.2000000001,9.79616307379942e-07,13.836103885511871,0
BANRISUL - PRUDENCIAL,2022-09-01,40864576.0,2128842.0,8435116.0,0.1381,0.0616,179.54,-1.3245430992000151,27.44,0.0536518493734499,0,33808422.0,3688703.0,9720294.0,0.1446,0.0659,172.27,21.08666666666667,640567.3746,4.566613423468677e-07,14.599323309393322,0
BANRISUL - PRUDENCIAL,2022-12-01,42994329.0,1157899.0,8435116.0,0.1476,0.0678,180.33,1.6286339977999995,29.036666666666665,0.0513931558866241,0,35920004.0,3290650.0,9720294.0,0.1503999999999999,0.0688,174.3,22.62,668756.2272,1.3989560669759325e-07,15.782369219134756,0
BANRISUL - PRUDENCIAL,2023-03-01,43814617.0,1243246.0,8182556.0,0.1438,0.0669,182.74,2.094210609200031,30.19,0.0537376685482323,0,37039201.0,2539205.0,9239219.0,0.1514,0.0696,175.72,24.72,643049.6424,5.581798734780872e-08,16.701169609882633,0
BANRISUL - PRUDENCIAL,2023-06-01,44947815.0,1422339.0,8182556.0,0.1348,0.0626,184.28,0.760729877599986,32.02333333333333,0.0572707630213762,0,38836765.0,2030542.0,9239219.0,0.1425,0.0638,177.81,25.546666666666667,589462.1721999999,1.5939691746791333e-08,17.95445348627597,0
BANRISUL - PRUDENCIAL,2023-09-01,46016377.0,1330058.0,8037902.0,0.1341999999999999,0.0604,184.44,0.6111867176000096,31.51333333333333,0.0574490560665725,0,40864576.0,2128842.0,8435116.0,0.1381,0.0616,179.54,27.44,519603.1456,5.314782548005049e-09,19.052773733661777,0
BANRISUL - PRUDENCIAL,2023-12-01,47262606.0,1956820.0,8037902.0,0.1359,0.062,185.03,1.083587763199989,30.41333333333333,0.0538991525559332,0,42994329.0,1157899.0,8435116.0,0.1476,0.0678,180.33,29.036666666666665,571900.8648,1.2104394730226724e-09,20.532282341323597,0
BANRISUL - PRUDENCIAL,2024-03-01,46107296.0,1454956.0,8353134.0,0.1435,0.0625,186.65,1.415491577599992,29.896666666666665,0.0565236661157634,0,43814617.0,1243246.0,8182556.0,0.1438,0.0669,182.74,30.19,547412.9964000001,8.65110519801291e-10,20.868163847836858,0
BANRISUL - PRUDENCIAL,2024-06-01,48282609.0,1335639.0,8353134.0,0.1495,0.0633,189.49,1.053515670799987,29.07333333333333,0.0511164662641185,0,44947815.0,1422339.0,8182556.0,0.1348,0.0626,184.28,32.02333333333333,512228.00560000003,5.672974320008623e-10,21.290137377842903,0
BANRISUL - PRUDENCIAL,2024-09-01,51539782.0,830286.0,8558684.0,0.1461,0.0628,190.99,0.8015076655999875,28.473333333333333,0.0473051645423332,0,46016377.0,1330058.0,8037902.0,0.1341999999999999,0.0604,184.44,31.51333333333333,485489.2808,2.696729330773867e-10,22.033811250021472,0
BANRISUL - PRUDENCIAL,2024-12-01,56303565.0,1235190.0,8558684.0,0.1378,0.0722,191.11,1.47713535680003,27.96,0.0418386064664303,0,47262606.0,1956820.0,8037902.0,0.1359,0.062,185.03,30.41333333333333,498349.924,1.7647028836798207e-10,22.45786859150759,0
BANRISUL - PRUDENCIAL,2025-03-01,60381553.0,1158194.0,10117018.0,0.1295,0.0713999999999999,193.61,2.040339737600028,29.313333333333333,0.0227946765412516,0,46107296.0,1454956.0,8353134.0,0.1435,0.0625,186.65,29.896666666666665,522070.875,2.77904530865729e-10,22.003743475192206,0
BANRISUL - PRUDENCIAL,2025-06-01,60417901.0,1042909.0,10117018.0,0.1326,0.0698,194.33,0.9327766831999762,31.666666666666668,0.0246789239771426,0,48282609.0,1335639.0,8353134.0,0.1495,0.0633,189.49,29.07333333333333,528753.3822,7.774783155811887e-11,23.277550455208118,0
BANRISUL - PRUDENCIAL,2025-09-01,60465204.0,1109184.0,10413792.0,0.1361,0.0706,,0.6304326271999727,31.94666666666667,0.0272670587899763,0,51539782.0,830286.0,8558684.0,0.1461,0.0628,190.99,28.473333333333333,537485.3552,9.804433727444959e-12,25.348186411485965,0
BARIGUI - PRUDENCIAL,2017-03-01,282278.0,0.0,16945.0,0.175,0.0,164.34,0.9630321349999972,41.17333333333333,0.0241382442677837,0,270901.0,0.0,14731.0,0.1605,0.0,163.26,35.07,0.0,0.8112648183008152,-1.4582496558386182,1
BARIGUI - PRUDENCIAL,2017-06-01,290944.0,0.0,16945.0,0.1748999999999999,0.0,165.65,0.2193980018000196,36.63666666666666,0.0254386008706776,0,264628.0,0.0,14731.0,0.1692,0.0,163.72,38.303333333333335,0.0,0.847596019360723,-1.7158693667698797,1
BARIGUI - PRUDENCIAL,2017-09-01,308694.0,0.0,17924.0,0.1669,0.0,166.12,0.5911447296000016,36.16333333333333,0.0249231035839624,0,274273.0,0.0,15598.0,0.1661,0.0,162.92,39.71333333333333,0.0,0.858288218953901,-1.8011446778971578,1
BARIGUI - PRUDENCIAL,2017-12-01,319621.0,0.0,17924.0,0.1762,0.0,167.13,1.144261174399985,33.526666666666664,0.0177531262885787,0,280100.0,0.0,15598.0,0.1687,0.0,162.73,40.38,0.0,0.8633054861822717,-1.8430199994703869,1
BARIGUI - PRUDENCIAL,2018-03-01,362939.0,0.0,20381.0,0.1714,0.0,167.98,0.7014778351999817,33.15,0.0133699364260773,0,282278.0,0.0,16945.0,0.175,0.0,164.34,41.17333333333333,0.0,0.8740992933532082,-1.937700422566985,1
BARIGUI - PRUDENCIAL,2018-06-01,366642.0,0.0,20381.0,0.1792,0.0,167.89,1.8887030879999989,30.82333333333333,0.0146407190989968,0,290944.0,0.0,16945.0,0.1748999999999999,0.0,165.65,36.63666666666666,0.0,0.8343029345511237,-1.6164353524287118,1
BARIGUI - PRUDENCIAL,2018-09-01,401697.0,0.0,21683.0,0.1822,0.1157,169.35,0.7208535743999933,28.546666666666667,0.0115797514691122,0,308694.0,0.0,17924.0,0.1669,0.0,166.12,36.16333333333333,0.0,0.8300201930762696,-1.5857703817205067,1
BARIGUI - PRUDENCIAL,2018-12-01,413662.0,0.0,21683.0,0.1906,0.1181,169.09,0.3894135824999978,28.71666666666667,0.0111920254079076,0,319621.0,0.0,17924.0,0.1762,0.0,167.13,33.526666666666664,0.0,0.8016458182461964,-1.3966126572443254,1
BARIGUI - PRUDENCIAL,2019-03-01,414827.0,0.0,25051.0,0.2024,0.1331,169.51,1.507011320000018,30.386666666666667,0.0164769821390974,0,362939.0,0.0,20381.0,0.1714,0.0,167.98,33.15,0.0,0.796797207570444,-1.366395743335623,1
BARIGUI - PRUDENCIAL,2019-06-01,422957.0,0.0,25051.0,0.2018,0.1306,170.58,0.710811074100004,30.69666666666667,0.017611087330562,0,366642.0,0.0,20381.0,0.1792,0.0,167.89,30.82333333333333,0.0,0.7648797227814615,-1.1796213947565306,1
BARIGUI - PRUDENCIAL,2019-09-01,463089.0,0.0,27189.0,0.1941,0.1261,170.5,0.2600889164000142,30.59,0.0180348181748388,0,401697.0,0.0,21683.0,0.1822,0.1157,169.35,28.546666666666667,2508.7231,0.6227918840924961,-0.5014153415680502,1
BARIGUI - PRUDENCIAL,2019-12-01,443049.0,0.0,27189.0,0.1955,0.1153999999999999,171.91,1.767530865000011,29.096666666666664,0.0160956138886392,0,413662.0,0.0,21683.0,0.1906,0.1181,169.09,28.71666666666667,2560.7623,0.6192184383405279,-0.4862322175182513,1
BARIGUI - PRUDENCIAL,2020-03-01,458908.0,0.0,29753.0,0.2051,0.1114,168.09,0.5308473674999981,28.24,0.0174640626443736,0,414827.0,0.0,25051.0,0.2024,0.1331,169.51,30.386666666666667,3334.2880999999998,0.6344527875059758,-0.5513674319402864,1
BARIGUI - PRUDENCIAL,2020-06-01,475904.0,0.0,29753.0,0.2022,0.1147,153.27,-0.4306129372000034,24.44333333333333,0.0178259784379642,0,422957.0,0.0,25051.0,0.2018,0.1306,170.58,30.69666666666667,3271.6605999999997,0.6473865406883498,-0.6075711103491357,1
BARIGUI - PRUDENCIAL,2020-09-01,479696.0,0.0,32221.0,0.21,0.1157,165.34,1.2447095295999857,21.71666666666667,0.0197261618244859,0,463089.0,0.0,27189.0,0.1941,0.1261,170.5,30.59,3428.5328999999997,0.6456299420058125,-0.599884765480316,1
BB - PRUDENCIAL,2017-03-01,618942361.0,8180981.0,54986312.0,0.092,0.075,164.34,0.9630321349999972,41.17333333333333,0.0698978898548561,0,731373597.0,24971345.0,31708475.0,0.0825999999999999,0.0744,163.26,35.07,2359110.54,3.971116902202376e-170,390.06041841838874,0
BB - PRUDENCIAL,2017-06-01,633781384.0,12105186.0,54986312.0,0.0917999999999999,0.0762,165.65,0.2193980018000196,36.63666666666666,0.0702349184726305,0,702885694.0,23615602.0,31708475.0,0.0842,0.072,163.72,38.303333333333335,2283010.1999999997,1.9869613958054294e-163,374.63476362313025,0
BB - PRUDENCIAL,2017-09-01,602883522.0,10614746.0,55737907.0,0.1003999999999999,0.0803999999999999,166.12,0.5911447296000016,36.16333333333333,0.0711761596523742,0,668871950.0,8866827.0,37151992.0,0.0907,0.0732,162.92,39.71333333333333,2719525.8144,7.584184179513129e-158,361.782379643228,0
BB - PRUDENCIAL,2017-12-01,616822462.0,10040694.0,55737907.0,0.1048,0.0847,167.13,1.144261174399985,33.526666666666664,0.0685109973895506,0,643214021.0,16416423.0,43792910.0,0.0959,0.0762999999999999,162.73,40.38,3341399.0329999956,4.5805813892501625e-149,341.5633529252587,0
BB - PRUDENCIAL,2018-03-01,599855725.0,15064781.0,64186019.0,0.0975999999999999,0.0771,167.98,0.7014778351999817,33.15,0.0664220195936773,0,618942361.0,8180981.0,54986312.0,0.092,0.075,164.34,41.17333333333333,4123973.4,6.933342014317442e-144,329.63591144113917,0
BB - PRUDENCIAL,2018-06-01,611008193.0,20658420.0,64186019.0,0.0946,0.0783,167.89,1.8887030879999989,30.82333333333333,0.0658261275574664,0,633781384.0,12105186.0,54986312.0,0.0917999999999999,0.0762,165.65,36.63666666666666,4189956.9744,1.0641959433504866e-146,336.1152040459818,0
BB - PRUDENCIAL,2018-09-01,614372921.0,22861616.0,61081334.0,0.0966,0.0796,169.35,0.7208535743999933,28.546666666666667,0.0604258729726223,0,602883522.0,10614746.0,55737907.0,0.1003999999999999,0.0803999999999999,166.12,36.16333333333333,4481327.722799995,3.357804311690448e-139,318.84804064457103,0
BB - PRUDENCIAL,2018-12-01,624018657.0,22272231.0,61081334.0,0.1,0.0822,169.09,0.3894135824999978,28.71666666666667,0.0579210995382734,0,616822462.0,10040694.0,55737907.0,0.1048,0.0847,167.13,33.526666666666664,4721000.7228999995,1.3673218977703537e-142,326.65422919771277,0
BB - PRUDENCIAL,2019-03-01,606099289.0,19242721.0,70105346.0,0.1052999999999999,0.0739,169.51,1.507011320000018,30.386666666666667,0.0651001169124296,0,599855725.0,15064781.0,64186019.0,0.0975999999999999,0.0771,167.98,33.15,4948742.064900001,7.657866549090733e-137,313.41842431372066,0
BB - PRUDENCIAL,2019-06-01,610315136.0,16055696.0,70105346.0,0.1001,0.0689,170.58,0.710811074100004,30.69666666666667,0.0643972511654862,0,611008193.0,20658420.0,64186019.0,0.0946,0.0783,167.89,30.82333333333333,5025765.287699999,2.630148606348941e-138,316.78970248436974,0
BB - PRUDENCIAL,2019-09-01,613363972.0,13757524.0,77379504.0,0.1024,0.0866,170.5,0.2600889164000142,30.59,0.0655514778371526,0,614372921.0,22861616.0,61081334.0,0.0966,0.0796,169.35,28.546666666666667,4862074.1864,6.157211706320308e-139,318.2417038962795,0
BB - PRUDENCIAL,2019-12-01,612629806.0,17019137.0,77379504.0,0.1002,0.0847,171.91,1.767530865000011,29.096666666666664,0.0676587629645636,0,624018657.0,22272231.0,61081334.0,0.1,0.0822,169.09,28.71666666666667,5020885.6548,2.818963831244439e-141,323.6281287305604,0
BB - PRUDENCIAL,2020-03-01,670533382.0,22474822.0,83913901.0,0.0998,0.09,168.09,0.5308473674999981,28.24,0.0660045905311133,0,606099289.0,19242721.0,70105346.0,0.1052999999999999,0.0739,169.51,30.386666666666667,5180785.069399999,4.1539663405576446e-137,314.03009411776213,0
BB - PRUDENCIAL,2020-06-01,663332637.0,10478835.0,83913901.0,0.1056,0.0883999999999999,153.27,-0.4306129372000034,24.44333333333333,0.0666469175643345,0,610315136.0,16055696.0,70105346.0,0.1001,0.0689,170.58,30.69666666666667,4830258.3394,3.599547718050822e-139,318.77851972257764,0
BB - PRUDENCIAL,2020-09-01,682593421.0,13320335.0,67683128.0,0.1311,0.1051,165.34,1.2447095295999857,21.71666666666667,0.0653525199252711,0,613363972.0,13757524.0,77379504.0,0.1024,0.0866,170.5,30.59,6701065.046399999,1.875953439883849e-138,317.1276258018275,0
BB - PRUDENCIAL,2020-12-01,677256134.0,15794579.0,67683128.0,0.1362,0.0756,171.47,3.131382328999988,20.72,0.0639706145820324,0,612629806.0,17019137.0,77379504.0,0.1002,0.0847,171.91,29.096666666666664,6554043.9887999995,1.040028434066986e-137,315.4149096870557,0
BB - PRUDENCIAL,2021-03-01,706343484.0,9364730.0,103777787.0,0.1289,0.0745,173.12,2.052492994999988,22.403333333333336,0.0617944717466832,0,670533382.0,22474822.0,83913901.0,0.0998,0.09,168.09,28.24,7552251.09,1.4799843435502341e-149,342.693147347175,0
BB - PRUDENCIAL,2021-06-01,705828230.0,12729474.0,103777787.0,0.1349,0.0742999999999999,172.06,1.6786286369000036,21.46333333333333,0.0583201540719278,0,663332637.0,10478835.0,83913901.0,0.1056,0.0883999999999999,153.27,24.44333333333333,7417988.848399991,6.370054440023792e-151,345.83874102633877,0
BB - PRUDENCIAL,2021-09-01,741373273.0,8015149.0,106641670.0,0.1317,0.072,172.27,3.0196768831999954,21.08666666666667,0.0553663217306117,0,682593421.0,13320335.0,67683128.0,0.1311,0.1051,165.34,21.71666666666667,7113496.7528,1.001358289810995e-155,356.8993320460072,0
BB - PRUDENCIAL,2021-12-01,790006890.0,19019656.0,106641670.0,0.1193999999999999,0.0721,174.3,2.958021687500012,22.62,0.0527813241296977,0,677256134.0,15794579.0,67683128.0,0.1362,0.0756,171.47,20.72,5116844.4768,1.0077311291179452e-155,356.8929880170947,0
BB - PRUDENCIAL,2022-03-01,790538983.0,8905106.0,115153100.0,0.1271,0.0697,175.72,3.2006523548000043,24.72,0.0551322249114981,0,706343484.0,9364730.0,103777787.0,0.1289,0.0745,173.12,22.403333333333336,7731445.131499999,1.09234662841972e-160,368.32528662690055,0
BB - PRUDENCIAL,2022-06-01,827806205.0,9699054.0,115153100.0,0.1249,0.0705,177.81,2.215266379399994,25.546666666666667,0.0540143805378165,0,705828230.0,12729474.0,103777787.0,0.1349,0.0742999999999999,172.06,21.46333333333333,7710689.574099989,7.29225890166248e-160,366.42680151807053,0
BB - PRUDENCIAL,2022-09-01,881751597.0,18978017.0,128827382.0,0.1177,0.0704,179.54,-1.3245430992000151,27.44,0.0546610104004178,0,741373273.0,8015149.0,106641670.0,0.1317,0.072,172.27,21.08666666666667,7678200.239999999,1.4006806389705734e-169,388.7999224269219,0
BB - PRUDENCIAL,2022-12-01,917091564.0,16780413.0,128827382.0,0.1201,0.0765,180.33,1.6286339977999995,29.036666666666665,0.0578607930016807,0,790006890.0,19019656.0,106641670.0,0.1193999999999999,0.0721,174.3,22.62,7688864.407,6.845895791028333e-179,410.2390823279193,0
BB - PRUDENCIAL,2023-03-01,936203330.0,15176915.0,144910497.0,0.1201,0.0754,182.74,2.094210609200031,30.19,0.0562406967967808,0,790538983.0,8905106.0,115153100.0,0.1271,0.0697,175.72,24.72,8026171.069999999,1.1495075299112845e-180,414.32598312323154,0
BB - PRUDENCIAL,2023-06-01,943497372.0,10350393.0,144910497.0,0.1221,0.0737,184.28,0.760729877599986,32.02333333333333,0.0580295620160599,0,827806205.0,9699054.0,115153100.0,0.1249,0.0705,177.81,25.546666666666667,8118293.549999999,1.8550949494939515e-189,434.57064669551414,0
BB - PRUDENCIAL,2023-09-01,915823261.0,17216472.0,158182406.0,0.1249,0.0722,184.44,0.6111867176000096,31.51333333333333,0.0585801659292989,0,881751597.0,18978017.0,128827382.0,0.1177,0.0704,179.54,27.44,9069447.6928,3.653609115709704e-199,456.91871802803564,0
BB - PRUDENCIAL,2023-12-01,938286509.0,15726474.0,158182406.0,0.1211999999999999,0.0722,185.03,1.083587763199989,30.41333333333333,0.0625604754034227,0,917091564.0,16780413.0,128827382.0,0.1201,0.0765,180.33,29.036666666666665,9855294.723,1.7462690020893203e-207,476.07763273668303,0
BB - PRUDENCIAL,2024-03-01,962139917.0,16895080.0,179500470.0,0.119,0.0711,186.65,1.415491577599992,29.896666666666665,0.0643311396261152,0,936203330.0,15176915.0,144910497.0,0.1201,0.0754,182.74,30.19,10926251.4738,5.640244482314926e-211,484.115527209345,0
BB - PRUDENCIAL,2024-06-01,1008383486.0,23693918.0,179500470.0,0.1159999999999999,0.0684,189.49,1.053515670799987,29.07333333333333,0.0663123840898485,0,943497372.0,10350393.0,144910497.0,0.1221,0.0737,184.28,32.02333333333333,10679903.6289,5.1807845989041345e-214,491.1082533890544,0
BB - PRUDENCIAL,2024-09-01,1027515392.0,16446244.0,198638414.0,0.1177,0.0695,190.99,0.8015076655999875,28.473333333333333,0.0688300130324535,0,915823261.0,17216472.0,158182406.0,0.1249,0.0722,184.44,31.51333333333333,11420769.7132,1.2654922173224764e-204,469.49189781978464,0
BB - PRUDENCIAL,2024-12-01,1087482877.0,20218087.0,198638414.0,0.1089,0.07,191.11,1.47713535680003,27.96,0.0675404925904243,0,938286509.0,15726474.0,158182406.0,0.1211999999999999,0.0722,185.03,30.41333333333333,11420769.7132,1.753744942456868e-210,482.9811160602642,0
BB - PRUDENCIAL,2025-03-01,1094138048.0,9794425.0,217590006.0,0.1097,0.0728,193.61,2.040339737600028,29.313333333333333,0.0582078505615427,0,962139917.0,16895080.0,179500470.0,0.119,0.0711,186.65,29.896666666666665,12762483.417,3.6643389835037847e-214,491.4545619409615,0
BB - PRUDENCIAL,2025-06-01,1076265626.0,20159058.0,217590006.0,0.1097,0.0723,194.33,0.9327766831999762,31.666666666666668,0.047149893553742,0,1008383486.0,23693918.0,179500470.0,0.1159999999999999,0.0684,189.49,29.07333333333333,12277832.148,2.159881927201983e-224,515.0090072738967,0
BB - PRUDENCIAL,2025-09-01,1060782244.0,20315085.0,220282007.0,0.1116,0.0713999999999999,,0.6304326271999727,31.94666666666667,0.0466531839559195,0,1027515392.0,16446244.0,198638414.0,0.1177,0.0695,190.99,28.473333333333333,13805369.773000002,1.0371578979800391e-228,524.9529170208816,0
BBC S.A. - PRUDENCIAL,2022-12-01,441713.0,0.0,73908.0,0.2257999999999999,0.1954,180.33,1.6286339977999995,29.036666666666665,0.0328724719493087,0,239132.0,0.0,67544.0,0.2128,0.2509,174.3,22.62,16946.7896,0.4169062270565023,0.33548669777056433,0
BBC S.A. - PRUDENCIAL,2023-03-01,476150.0,0.0,80275.0,0.1905,0.1771,182.74,2.094210609200031,30.19,0.041050584858536,0,268959.0,0.0,70698.0,0.1942,0.2019,175.72,24.72,14273.9262,0.5170622544711966,-0.06827552778931385,0
BBC S.A. - PRUDENCIAL,2023-06-01,518082.0,0.0,80275.0,0.1643,0.1522,184.28,0.760729877599986,32.02333333333333,0.0358843532304593,0,297299.0,0.0,70698.0,0.1701,0.1732,177.81,25.546666666666667,12244.8936,0.5753587413613744,-0.30374902888539024,0
BBC S.A. - PRUDENCIAL,2023-09-01,543550.0,0.0,89415.0,0.1693,0.1445,184.44,0.6111867176000096,31.51333333333333,0.0286075373620656,0,356774.0,0.0,73908.0,0.1434,0.1209,179.54,27.44,8935.4772,0.6682431057561821,-0.7002495833615116,1
BBC S.A. - PRUDENCIAL,2023-12-01,629781.0,0.0,89415.0,0.1705999999999999,0.14,185.03,1.083587763199989,30.41333333333333,0.0251203984375282,0,441713.0,0.0,73908.0,0.2257999999999999,0.1954,180.33,29.036666666666665,14441.6232,0.6046252695932568,-0.4247748770168385,1
BBC S.A. - PRUDENCIAL,2024-03-01,720980.0,0.0,103206.0,0.2928,0.24,186.65,1.415491577599992,29.896666666666665,0.0253717581253482,0,476150.0,0.0,80275.0,0.1905,0.1771,182.74,30.19,14216.702500000001,0.6576846533185279,-0.6529931873395926,1
BBC S.A. - PRUDENCIAL,2024-06-01,988258.0,0.0,103206.0,0.2161,0.1723,189.49,1.053515670799987,29.07333333333333,0.0209135831218851,0,518082.0,0.0,80275.0,0.1643,0.1522,184.28,32.02333333333333,12217.855,0.7168465221296318,-0.9288726864574169,1
BBC S.A. - PRUDENCIAL,2024-09-01,1308153.0,0.0,130535.0,0.1571,0.1219,190.99,0.8015076655999875,28.473333333333333,0.0294841831749025,0,543550.0,0.0,89415.0,0.1693,0.1445,184.44,31.51333333333333,12920.467499999999,0.7137182957284486,-0.913512034323861,1
BBC S.A. - PRUDENCIAL,2024-12-01,1581613.0,0.0,130535.0,0.1423,0.1134,191.11,1.47713535680003,27.96,0.0275420636601793,0,629781.0,0.0,89415.0,0.1705999999999999,0.14,185.03,30.41333333333333,12518.1,0.6928504581943719,-0.8134794506893268,1
BCO A.J. RENNER S.A. - PRUDENCIAL,2017-03-01,755058.0,0.0,231109.0,0.1261,0.1008,164.34,0.9630321349999972,41.17333333333333,0.0524981457478705,0,756211.0,0.0,206328.0,0.1195,0.0889,163.26,35.07,18342.5592,0.7023620047187634,-0.858570979886585,1
BCO A.J. RENNER S.A. - PRUDENCIAL,2017-06-01,768840.0,0.0,231109.0,0.1301,0.1083,165.65,0.2193980018000196,36.63666666666666,0.0523983887027016,0,773401.0,0.0,206328.0,0.121,0.0909,163.72,38.303333333333335,18755.2152,0.7500287659433388,-1.0987657125173624,1
BCO A.J. RENNER S.A. - PRUDENCIAL,2017-09-01,849070.0,6904.0,247338.0,0.1246,0.1146,166.12,0.5911447296000016,36.16333333333333,0.0515503756515491,0,715985.0,0.0,215025.0,0.1324,0.0951999999999999,162.92,39.71333333333333,20470.37999999998,0.7683208306043664,-1.1988538696116557,1
BCO A.J. RENNER S.A. - PRUDENCIAL,2017-12-01,792305.0,7152.0,247338.0,0.1268999999999999,0.1094,167.13,1.144261174399985,33.526666666666664,0.0556357827621822,0,746381.0,0.0,215025.0,0.1243,0.1055,162.73,40.38,22685.1375,0.7669399419833154,-1.1911123152938152,1
BCO A.J. RENNER S.A. - PRUDENCIAL,2018-03-01,822127.0,7707.0,289677.0,0.1249,0.1239,167.98,0.7014778351999817,33.15,0.0589262597797078,0,755058.0,0.0,231109.0,0.1261,0.1008,164.34,41.17333333333333,23295.7872,0.7871945553363457,-1.308097085785128,1
BCO A.J. RENNER S.A. - PRUDENCIAL,2018-06-01,833778.0,8941.0,289677.0,0.1292,0.1163,167.89,1.8887030879999989,30.82333333333333,0.0677137605139873,0,768840.0,0.0,231109.0,0.1301,0.1083,165.65,36.63666666666666,25029.1047,0.7214638658828072,-0.9517344982294944,1
BCO A.J. RENNER S.A. - PRUDENCIAL,2018-09-01,830282.0,9297.0,312054.0,0.1292,0.1181,169.35,0.7208535743999933,28.546666666666667,0.0696757615772372,0,849070.0,6904.0,247338.0,0.1246,0.1146,166.12,36.16333333333333,28344.9348,0.7043452425956911,-0.8680762235505188,1
BCO A.J. RENNER S.A. - PRUDENCIAL,2018-12-01,817334.0,11722.0,312054.0,0.125,0.1013,169.09,0.3894135824999978,28.71666666666667,0.0636812786418553,0,792305.0,7152.0,247338.0,0.1268999999999999,0.1094,167.13,33.526666666666664,27058.7772,0.677333776258985,-0.741545747741739,1
BCO A.J. RENNER S.A. - PRUDENCIAL,2019-03-01,932404.0,13499.0,357905.0,0.1174,0.0996,169.51,1.507011320000018,30.386666666666667,0.0588631892998072,0,822127.0,7707.0,289677.0,0.1249,0.1239,167.98,33.15,35890.980299999996,0.6625088064964003,-0.6744944336509994,1
BCO A.J. RENNER S.A. - PRUDENCIAL,2019-06-01,1030623.0,15476.0,357905.0,0.1214,0.1119999999999999,170.58,0.710811074100004,30.69666666666667,0.0505708974971345,0,833778.0,8941.0,289677.0,0.1292,0.1163,167.89,30.82333333333333,33689.4351,0.6260206335730619,-0.5151827053576716,1
BCO A.J. RENNER S.A. - PRUDENCIAL,2019-09-01,1088915.0,14534.0,389806.0,0.1226,0.1045,170.5,0.2600889164000142,30.59,0.0507583991926845,0,830282.0,9297.0,312054.0,0.1292,0.1181,169.35,28.546666666666667,36853.5774,0.5934039416028084,-0.37805514290103265,0
BCO A.J. RENNER S.A. - PRUDENCIAL,2019-12-01,1176151.0,14303.0,389806.0,0.126,0.099,171.91,1.767530865000011,29.096666666666664,0.056833845223311,0,817334.0,11722.0,312054.0,0.125,0.1013,169.09,28.71666666666667,31611.070200000002,0.6129780630355719,-0.4598477727127422,1
BCO A.J. RENNER S.A. - PRUDENCIAL,2020-03-01,1294785.0,18122.0,434099.0,0.1244,0.1006,168.09,0.5308473674999981,28.24,0.0728368035733985,0,932404.0,13499.0,357905.0,0.1174,0.0996,169.51,30.386666666666667,35647.337999999996,0.6359281179404627,-0.5577342082457483,1
BCO A.J. RENNER S.A. - PRUDENCIAL,2020-06-01,1273685.0,10688.0,434099.0,0.1276,0.0911999999999999,153.27,-0.4306129372000034,24.44333333333333,0.0781369499515088,0,1030623.0,15476.0,357905.0,0.1214,0.1119999999999999,170.58,30.69666666666667,40085.359999999964,0.6235275151159653,-0.5045479307264686,1
BCO A.J. RENNER S.A. - PRUDENCIAL,2020-09-01,1305404.0,0.0,468977.0,0.1261999999999999,0.0813,165.34,1.2447095295999857,21.71666666666667,0.068993517721849,0,1088915.0,14534.0,389806.0,0.1226,0.1045,170.5,30.59,40734.727,0.621953421234864,-0.49784779192161394,1
BCO CATERPILLAR S.A. - PRUDENCIAL,2017-03-01,3114570.0,42203.0,250710.0,0.2389,0.2522,164.34,0.9630321349999972,41.17333333333333,0.0698685836433372,0,3974702.0,70001.0,330415.0,0.1703,0.1807,163.26,35.07,59705.9905,0.22128247682451188,1.2582083045498105,0
BCO CATERPILLAR S.A. - PRUDENCIAL,2017-06-01,3013687.0,56070.0,250710.0,0.253,0.271,165.65,0.2193980018000196,36.63666666666666,0.0589888236229599,0,3309855.0,56445.0,330415.0,0.2067,0.2214999999999999,163.72,38.303333333333335,73186.92249999996,0.3087349101214154,0.806040369938246,0
BCO CATERPILLAR S.A. - PRUDENCIAL,2017-09-01,2895079.0,29544.0,334360.0,0.258,0.283,166.12,0.5911447296000016,36.16333333333333,0.0738929324760171,0,3308124.0,32323.0,228039.0,0.2214,0.2291,162.92,39.71333333333333,52243.7349,0.30483006463832873,0.8244018709193661,0
BCO CATERPILLAR S.A. - PRUDENCIAL,2017-12-01,2840247.0,41148.0,334360.0,0.2616,0.289,167.13,1.144261174399985,33.526666666666664,0.0625815024876384,0,3348835.0,32868.0,228039.0,0.2126,0.2203999999999999,162.73,40.38,50259.795599999976,0.31846129920386945,0.760852079274182,0
BCO CATERPILLAR S.A. - PRUDENCIAL,2018-03-01,2529810.0,41926.0,320288.0,0.31,0.3461999999999999,167.98,0.7014778351999817,33.15,0.0467696800013625,0,3114570.0,42203.0,250710.0,0.2389,0.2522,164.34,41.17333333333333,63229.062,0.3424764301188698,0.6522777731263588,0
BCO CATERPILLAR S.A. - PRUDENCIAL,2018-06-01,2601205.0,43587.0,320288.0,0.3074,0.3439,167.89,1.8887030879999989,30.82333333333333,0.0395118653368163,0,3013687.0,56070.0,250710.0,0.253,0.271,165.65,36.63666666666666,67942.41,0.2715641865827383,0.9867009879197459,0
BCO CATERPILLAR S.A. - PRUDENCIAL,2018-09-01,2615693.0,59872.0,263458.0,0.3197,0.3542,169.35,0.7208535743999933,28.546666666666667,0.0360909976496476,0,2895079.0,29544.0,334360.0,0.258,0.283,166.12,36.16333333333333,94623.87999999999,0.278763387483088,0.9506039078207764,0
BCO CATERPILLAR S.A. - PRUDENCIAL,2018-12-01,2404326.0,35968.0,263458.0,0.3571999999999999,0.3990999999999999,169.09,0.3894135824999978,28.71666666666667,0.0340015519905965,0,2840247.0,41148.0,334360.0,0.2616,0.289,167.13,33.526666666666664,96630.04,0.2467127913932138,1.116221702159471,0
BCO CATERPILLAR S.A. - PRUDENCIAL,2019-03-01,2327308.0,43115.0,295283.0,0.3689,0.4227,169.51,1.507011320000018,30.386666666666667,0.029638223055667,0,2529810.0,41926.0,320288.0,0.31,0.3461999999999999,167.98,33.15,110883.70559999997,0.2309085914736531,1.2031879050133538,0
BCO CATERPILLAR S.A. - PRUDENCIAL,2019-06-01,2978488.0,62499.0,295283.0,0.3018,0.3378,170.58,0.710811074100004,30.69666666666667,0.0203614203835936,0,2601205.0,43587.0,320288.0,0.3074,0.3439,167.89,30.82333333333333,110147.0432,0.19578727849456445,1.412835057247555,0
BCO CATERPILLAR S.A. - PRUDENCIAL,2019-09-01,3162384.0,25300.0,274407.0,0.2957,0.3228999999999999,170.5,0.2600889164000142,30.59,0.0198994595594319,0,2615693.0,59872.0,263458.0,0.3197,0.3542,169.35,28.546666666666667,93316.8236,0.16155440800425724,1.6467077143787516,0
BCO CATERPILLAR S.A. - PRUDENCIAL,2019-12-01,3345425.0,34523.0,274407.0,0.2879,0.3128,171.91,1.767530865000011,29.096666666666664,0.0175001101335403,0,2404326.0,35968.0,263458.0,0.3571999999999999,0.3990999999999999,169.09,28.71666666666667,105146.08779999998,0.15058818937582036,1.7299952340761129,0
BCO CATERPILLAR S.A. - PRUDENCIAL,2020-03-01,2004781.0,44726.0,256366.0,0.46,0.4869,168.09,0.5308473674999981,28.24,0.0311350349726897,0,2327308.0,43115.0,295283.0,0.3689,0.4227,169.51,30.386666666666667,124816.1241,0.16635350230681925,1.6116943928597858,0
BCO CATERPILLAR S.A. - PRUDENCIAL,2020-06-01,2121502.0,27706.0,256366.0,0.4452,0.5015999999999999,153.27,-0.4306129372000034,24.44333333333333,0.0350510058869573,0,2978488.0,62499.0,295283.0,0.3018,0.3378,170.58,30.69666666666667,99746.5974,0.1743402089874421,1.5551741991931,0
BCO CATERPILLAR S.A. - PRUDENCIAL,2020-09-01,2226991.0,30068.0,249608.0,0.4342,0.4849,165.34,1.2447095295999857,21.71666666666667,0.0285850182117346,0,3162384.0,25300.0,274407.0,0.2957,0.3228999999999999,170.5,30.59,88606.02029999997,0.16193952757604074,1.643867281818924,0
BCO CATERPILLAR S.A. - PRUDENCIAL,2020-12-01,2307779.0,33831.0,249608.0,0.3621999999999999,0.4023,171.47,3.131382328999988,20.72,0.0224335385899575,0,3345425.0,34523.0,274407.0,0.2879,0.3128,171.91,29.096666666666664,85834.5096,0.14439547520135676,1.7792523749649958,0
BCO CATERPILLAR S.A. - PRUDENCIAL,2021-03-01,2443978.0,35617.0,245616.0,0.3493,0.3829,173.12,2.052492994999988,22.403333333333336,0.019238885152799,0,2004781.0,44726.0,256366.0,0.46,0.4869,168.09,28.24,124824.6054,0.1224371392595997,1.969550839682022,0
BCO CATERPILLAR S.A. - PRUDENCIAL,2021-06-01,2705037.0,299.0,245616.0,0.3278999999999999,0.3555,172.06,1.6786286369000036,21.46333333333333,0.0194643425293942,0,2121502.0,27706.0,256366.0,0.4452,0.5015999999999999,153.27,24.44333333333333,128593.18559999998,0.060723095107770145,2.7387862239947776,0
BCO COOPERATIVO SICREDI - PRUDENCIAL,2022-03-01,16390187.0,41128.0,2370273.0,0.1309,0.0243999999999999,175.72,3.2006523548000043,24.72,6.129872635909903e-05,0,10685591.0,17489.0,2133385.0,0.1195,0.0224,173.12,22.403333333333336,47787.824,0.006891758125433802,4.9705134400391335,0
BCO COOPERATIVO SICREDI - PRUDENCIAL,2022-06-01,17225068.0,25504.0,2370273.0,0.1298,0.0226,177.81,2.215266379399994,25.546666666666667,7.030306040336863e-05,0,11270330.0,17830.0,2133385.0,0.1147,0.0237,172.06,21.46333333333333,50561.2245,0.004523852276018353,5.393857258900476,0
BCO COOPERATIVO SICREDI - PRUDENCIAL,2022-09-01,19936660.0,35276.0,2583003.0,0.1433,0.0233999999999999,179.54,-1.3245430992000151,27.44,8.651499507552658e-05,0,13413504.0,97970.0,2361483.0,0.1169999999999999,0.0214,172.27,21.08666666666667,50535.7362,0.0014152799071073697,6.559011670977911,0
BCO COOPERATIVO SICREDI - PRUDENCIAL,2022-12-01,21572307.0,86096.0,2583003.0,0.1452999999999999,0.025,180.33,1.6286339977999995,29.036666666666665,0.0001090786999375,0,15382056.0,31439.0,2361483.0,0.1374,0.032,174.3,22.62,75567.456,0.0005319409678169342,7.538445955131022,0
BCO COOPERATIVO SICREDI - PRUDENCIAL,2023-03-01,23362634.0,178895.0,2713058.0,0.1374,0.023,182.74,2.094210609200031,30.19,9.794182823420328e-05,0,16390187.0,41128.0,2370273.0,0.1309,0.0243999999999999,175.72,24.72,57834.66119999976,0.0003678547197048505,7.90745455885875,0
BCO COOPERATIVO SICREDI - PRUDENCIAL,2023-06-01,23807042.0,63923.0,2713058.0,0.1396,0.0233999999999999,184.28,0.760729877599986,32.02333333333333,0.0001292713511407,0,17225068.0,25504.0,2370273.0,0.1298,0.0226,177.81,25.546666666666667,53568.169799999996,0.0002552135908699437,8.273154506088334,0
BCO COOPERATIVO SICREDI - PRUDENCIAL,2023-09-01,25308868.0,275477.0,2950367.0,0.1472,0.026,184.44,0.6111867176000096,31.51333333333333,0.0001109197106137,0,19936660.0,35276.0,2583003.0,0.1433,0.0233999999999999,179.54,27.44,60442.270199999744,6.839076413561565e-05,9.590204376706968,0
BCO COOPERATIVO SICREDI - PRUDENCIAL,2023-12-01,26766197.0,148469.0,2950367.0,0.1589,0.0352,185.03,1.083587763199989,30.41333333333333,0.000108832171358,0,21572307.0,86096.0,2583003.0,0.1452999999999999,0.025,180.33,29.036666666666665,64575.075000000004,3.224382706493552e-05,10.342151697635806,0
BCO COOPERATIVO SICREDI - PRUDENCIAL,2024-03-01,26517705.0,261018.0,3137011.0,0.1538,0.0352,186.65,1.415491577599992,29.896666666666665,0.000135517049491,0,23362634.0,178895.0,2713058.0,0.1374,0.023,182.74,30.19,62400.334,1.453296249507644e-05,11.13907668002867,0
BCO COOPERATIVO SICREDI - PRUDENCIAL,2024-06-01,27460875.0,77563.0,3137011.0,0.1478,0.0333,189.49,1.053515670799987,29.07333333333333,0.000187554638201,0,23807042.0,63923.0,2713058.0,0.1396,0.0233999999999999,184.28,32.02333333333333,63485.55719999973,1.2718097578870652e-05,11.272471854568808,0
BCO COOPERATIVO SICREDI - PRUDENCIAL,2024-09-01,29183449.0,65630.0,3256053.0,0.1474,0.0356,190.99,0.8015076655999875,28.473333333333333,0.0002098909739098,0,25308868.0,275477.0,2950367.0,0.1472,0.026,184.44,31.51333333333333,76709.542,6.057781229091673e-06,12.014160901040078,0
BCO COOPERATIVO SICREDI - PRUDENCIAL,2024-12-01,30826336.0,464345.0,3256053.0,0.1366,0.0341,191.11,1.47713535680003,27.96,0.0002225021113325,0,26766197.0,148469.0,2950367.0,0.1589,0.0352,185.03,30.41333333333333,103852.91840000001,2.357750646205303e-06,12.95780015179192,0
BCO COOPERATIVO SICREDI - PRUDENCIAL,2025-03-01,31584761.0,456058.0,3340253.0,0.1282,0.0338,193.61,2.040339737600028,29.313333333333333,0.0005398096726857,0,26517705.0,261018.0,3137011.0,0.1538,0.0352,186.65,29.896666666666665,110422.7872,2.9577836095021732e-06,12.731067392990104,0
BCO COOPERATIVO SICREDI - PRUDENCIAL,2025-06-01,31736177.0,397922.0,3340253.0,0.1336999999999999,0.0337,194.33,0.9327766831999762,31.666666666666668,5.566448695397544e-05,0,27460875.0,77563.0,3137011.0,0.1478,0.0333,189.49,29.07333333333333,104462.46630000001,1.585646045396184e-06,13.354517048514843,0
BCO COOPERATIVO SICREDI - PRUDENCIAL,2025-09-01,30837101.0,456990.0,3353140.0,0.1466,0.0356999999999999,,0.6304326271999727,31.94666666666667,4.379345682804046e-05,0,29183449.0,65630.0,3256053.0,0.1474,0.0356,190.99,28.473333333333333,115915.4868,6.052865681653547e-07,14.317563219484315,0
BCO DAYCOVAL S.A - PRUDENCIAL,2017-03-01,12041817.0,517983.0,2058404.0,0.1712999999999999,0.1289,164.34,0.9630321349999972,41.17333333333333,0.0723528296290864,0,11889902.0,375760.0,2347689.0,0.1814,0.1472,163.26,35.07,345579.8208,0.009557682039385663,4.640806396104705,0
BCO DAYCOVAL S.A - PRUDENCIAL,2017-06-01,12442761.0,1339799.0,2058404.0,0.1636,0.1257,165.65,0.2193980018000196,36.63666666666666,0.0724141944394526,0,11947626.0,314774.0,2347689.0,0.1773999999999999,0.1425,163.72,38.303333333333335,334545.6825,0.011569900090428032,4.447711020976555,0
BCO DAYCOVAL S.A - PRUDENCIAL,2017-09-01,13555141.0,1591021.0,2331875.0,0.1585,0.1295,166.12,0.5911447296000016,36.16333333333333,0.0701250714232984,0,12030223.0,314546.0,2155278.0,0.1595,0.1263,162.92,39.71333333333333,272211.6114,0.011267339675868798,4.47451573548109,0
BCO DAYCOVAL S.A - PRUDENCIAL,2017-12-01,15166150.0,1367270.0,2331875.0,0.1503,0.1289,167.13,1.144261174399985,33.526666666666664,0.0595882155953274,0,13007385.0,353653.0,2155278.0,0.1589,0.1283,162.73,40.38,276522.1674,0.00698764276651914,4.956599838437638,0
BCO DAYCOVAL S.A - PRUDENCIAL,2018-03-01,15039735.0,1421841.0,2082355.0,0.1607,0.1321,167.98,0.7014778351999817,33.15,0.0650402436289512,0,12041817.0,517983.0,2058404.0,0.1712999999999999,0.1289,164.34,41.17333333333333,265328.2756,0.013805772203992086,4.2687665405373645,0
BCO DAYCOVAL S.A - PRUDENCIAL,2018-06-01,15644662.0,1441386.0,2082355.0,0.1574,0.1265,167.89,1.8887030879999989,30.82333333333333,0.0611171889036552,0,12442761.0,1339799.0,2058404.0,0.1636,0.1257,165.65,36.63666666666666,258741.38280000002,0.012389133560814627,4.3784689977142195,0
BCO DAYCOVAL S.A - PRUDENCIAL,2018-09-01,17381536.0,1655973.0,2009298.0,0.1496,0.1226999999999999,169.35,0.7208535743999933,28.546666666666667,0.0487510642573099,0,13555141.0,1591021.0,2331875.0,0.1585,0.1295,166.12,36.16333333333333,301977.8125,0.008171521453576344,4.798895071782608,0
BCO DAYCOVAL S.A - PRUDENCIAL,2018-12-01,18725498.0,1564403.0,2009298.0,0.1406,0.1166,169.09,0.3894135824999978,28.71666666666667,0.0491258863812718,0,15166150.0,1367270.0,2331875.0,0.1503,0.1289,167.13,33.526666666666664,300578.68749999994,0.0024816271962191275,5.996356095018491,0
BCO DAYCOVAL S.A - PRUDENCIAL,2019-03-01,18658557.0,1441202.0,1160268.0,0.1535,0.1201,169.51,1.507011320000018,30.386666666666667,0.0479963771210937,0,15039735.0,1421841.0,2082355.0,0.1607,0.1321,167.98,33.15,275079.0955,0.0024770461621017262,5.998208373337654,0
BCO DAYCOVAL S.A - PRUDENCIAL,2019-06-01,19686520.0,1547081.0,1160268.0,0.1534,0.1164,170.58,0.710811074100004,30.69666666666667,0.0500728680246234,0,15644662.0,1441386.0,2082355.0,0.1574,0.1265,167.89,30.82333333333333,263417.90750000003,0.0014890828988823024,6.508104660046503,0
BCO DAYCOVAL S.A - PRUDENCIAL,2019-09-01,21542850.0,910068.0,1570878.0,0.1514,0.1211,170.5,0.2600889164000142,30.59,0.0386502973634714,0,17381536.0,1655973.0,2009298.0,0.1496,0.1226999999999999,169.35,28.546666666666667,246540.86459999983,0.0005340141874560097,7.534553994363567,0
BCO DAYCOVAL S.A - PRUDENCIAL,2019-12-01,24620899.0,385655.0,1570878.0,0.1354,0.1603,171.91,1.767530865000011,29.096666666666664,0.0330928549010928,0,18725498.0,1564403.0,2009298.0,0.1406,0.1166,169.09,28.71666666666667,234284.1468,0.00024181835086523103,8.327081882426787,0
BCO DAYCOVAL S.A - PRUDENCIAL,2020-03-01,24464532.0,1906951.0,1579910.0,0.1363,0.1067,168.09,0.5308473674999981,28.24,0.0347061538835047,0,18658557.0,1441202.0,1160268.0,0.1535,0.1201,169.51,30.386666666666667,139348.1868,0.0002025123584600204,8.504507111080864,0
BCO DAYCOVAL S.A - PRUDENCIAL,2020-06-01,24268269.0,951907.0,1579910.0,0.1508,0.1081,153.27,-0.4306129372000034,24.44333333333333,0.0361258573975633,0,19686520.0,1547081.0,1160268.0,0.1534,0.1164,170.58,30.69666666666667,135055.19520000002,0.00012696445929944266,8.97147638628638,0
BCO DAYCOVAL S.A - PRUDENCIAL,2020-09-01,26756873.0,693368.0,2804970.0,0.1411,0.1045,165.34,1.2447095295999857,21.71666666666667,0.0269527005266215,0,21542850.0,910068.0,1570878.0,0.1514,0.1211,170.5,30.59,190233.3258,3.609544412091156e-05,10.22930780623076,0
BCO DAYCOVAL S.A - PRUDENCIAL,2020-12-01,29635831.0,889695.0,2804970.0,0.1311999999999999,0.0957,171.47,3.131382328999988,20.72,0.0263552475510754,0,24620899.0,385655.0,1570878.0,0.1354,0.1603,171.91,29.096666666666664,251811.7434,4.346067797318023e-06,12.346234730339354,0
BCO DAYCOVAL S.A - PRUDENCIAL,2021-03-01,29554471.0,629550.0,2802574.0,0.1369,0.1027999999999999,173.12,2.052492994999988,22.403333333333336,0.0271390140234152,0,24464532.0,1906951.0,1579910.0,0.1363,0.1067,168.09,28.24,168576.397,9.478769417161512e-06,11.56644657972513,0
BCO DAYCOVAL S.A - PRUDENCIAL,2021-06-01,32920940.0,571925.0,2802574.0,0.1276,0.1021,172.06,1.6786286369000036,21.46333333333333,0.0259864030742336,0,24268269.0,951907.0,1579910.0,0.1508,0.1081,153.27,24.44333333333333,170788.271,3.3453031375741272e-06,12.607949899193533,0
BCO DAYCOVAL S.A - PRUDENCIAL,2021-09-01,35208658.0,718421.0,2434454.0,0.1286999999999999,0.1005,172.27,3.0196768831999954,21.08666666666667,0.0271689739949043,0,26756873.0,693368.0,2804970.0,0.1411,0.1045,165.34,21.71666666666667,293119.365,1.1315043968277553e-06,13.691961354635513,0
BCO DAYCOVAL S.A - PRUDENCIAL,2021-12-01,40863566.0,971726.0,2434454.0,0.1082,0.093,174.3,2.958021687500012,22.62,0.02436844773515,0,29635831.0,889695.0,2804970.0,0.1311999999999999,0.0957,171.47,20.72,268435.62899999996,2.6315966078909184e-07,15.150504650660888,0
BCO DAYCOVAL S.A - PRUDENCIAL,2022-03-01,38080143.0,1032829.0,3581753.0,0.1157,0.0984999999999999,175.72,3.2006523548000043,24.72,0.0281652513658922,0,29554471.0,629550.0,2802574.0,0.1369,0.1027999999999999,173.12,22.403333333333336,288104.60719999974,2.8719979752529456e-07,15.063087417668244,0
BCO DAYCOVAL S.A - PRUDENCIAL,2022-06-01,40900441.0,1165788.0,3581753.0,0.1123,0.0933,177.81,2.215266379399994,25.546666666666667,0.0258308470641527,0,32920940.0,571925.0,2802574.0,0.1276,0.1021,172.06,21.46333333333333,286142.8054,3.815569978884393e-08,17.081590647632098,0
BCO DAYCOVAL S.A - PRUDENCIAL,2022-09-01,43538048.0,1036973.0,3340906.0,0.1113,0.0942,179.54,-1.3245430992000151,27.44,0.0244364685028855,0,35208658.0,718421.0,2434454.0,0.1286999999999999,0.1005,172.27,21.08666666666667,244662.627,9.945161674275645e-09,18.426179658087268,0
BCO DAYCOVAL S.A - PRUDENCIAL,2022-12-01,47254922.0,1289501.0,3340906.0,0.1088,0.091,180.33,1.6286339977999995,29.036666666666665,0.0349026502719616,0,40863566.0,971726.0,2434454.0,0.1082,0.093,174.3,22.62,226404.222,5.577257312544478e-10,21.307153794974955,0
BCO DAYCOVAL S.A - PRUDENCIAL,2023-03-01,45127275.0,1303681.0,4043819.0,0.1141,0.0984,182.74,2.094210609200031,30.19,0.0400457788629609,0,38080143.0,1032829.0,3581753.0,0.1157,0.0984999999999999,175.72,24.72,352802.6704999996,4.645597087488844e-09,19.187345924265024,0
BCO DAYCOVAL S.A - PRUDENCIAL,2023-06-01,44214584.0,559280.0,4043819.0,0.1207,0.0933,184.28,0.760729877599986,32.02333333333333,0.0404601406411969,0,40900441.0,1165788.0,3581753.0,0.1123,0.0933,177.81,25.546666666666667,334177.5549,1.121320017230013e-09,20.608759257793782,0
BCO DAYCOVAL S.A - PRUDENCIAL,2023-09-01,43412332.0,307223.0,2912290.0,0.1301,0.0966,184.44,0.6111867176000096,31.51333333333333,0.0433636754551144,0,43538048.0,1036973.0,3340906.0,0.1113,0.0942,179.54,27.44,314713.34520000004,2.689780569186581e-10,22.036391312278063,0
BCO DAYCOVAL S.A - PRUDENCIAL,2023-12-01,47711342.0,275573.0,2912290.0,0.1184,0.0836,185.03,1.083587763199989,30.41333333333333,0.0416813627695194,0,47254922.0,1289501.0,3340906.0,0.1088,0.091,180.33,29.036666666666665,304022.446,4.3259557849257796e-11,23.86380291628797,0
BCO DAYCOVAL S.A - PRUDENCIAL,2024-03-01,45782846.0,177484.0,3978932.0,0.1261,0.0914,186.65,1.415491577599992,29.896666666666665,0.0461879755083499,0,45127275.0,1303681.0,4043819.0,0.1141,0.0984,182.74,30.19,397911.7896,2.077780700395266e-10,22.294550576702,0
BCO DAYCOVAL S.A - PRUDENCIAL,2024-06-01,50057849.0,212797.0,3978932.0,0.1199,0.0909,189.49,1.053515670799987,29.07333333333333,0.034303708991574,0,44214584.0,559280.0,4043819.0,0.1207,0.0933,184.28,32.02333333333333,377288.31269999995,2.7378888594302704e-10,22.01866379560512,0
BCO DAYCOVAL S.A - PRUDENCIAL,2024-09-01,47030167.0,385237.0,5904169.0,0.1285,0.0973,190.99,0.8015076655999875,28.473333333333333,0.0411136034289372,0,43412332.0,307223.0,2912290.0,0.1301,0.0966,184.44,31.51333333333333,281327.21400000004,2.680842387595676e-10,22.039719860909234,0
BCO DAYCOVAL S.A - PRUDENCIAL,2024-12-01,56193646.0,707358.0,5904169.0,0.1091,0.0814,191.11,1.47713535680003,27.96,0.0338830916785969,0,47711342.0,275573.0,2912290.0,0.1184,0.0836,185.03,30.41333333333333,243467.444,2.1429057348876677e-11,24.566273294942366,0
BCO DAYCOVAL S.A - PRUDENCIAL,2025-03-01,51435753.0,99808.0,7109844.0,0.1222,0.0917,193.61,2.040339737600028,29.313333333333333,0.0409959119981815,0,45782846.0,177484.0,3978932.0,0.1261,0.0914,186.65,29.896666666666665,363674.3848,8.10541111428673e-11,23.235904145512816,0
BCO DAYCOVAL S.A - PRUDENCIAL,2025-06-01,55545530.0,196853.0,7109844.0,0.1183,0.0984,194.33,0.9327766831999762,31.666666666666668,0.0443390673035293,0,50057849.0,212797.0,3978932.0,0.1199,0.0909,189.49,29.07333333333333,361684.9188,7.486307090763422e-12,25.61794548537066,0
BCO DAYCOVAL S.A - PRUDENCIAL,2025-09-01,53612970.0,208962.0,6323316.0,0.1275,0.0987,,0.6304326271999727,31.94666666666667,0.0402460460105753,0,47030167.0,385237.0,5904169.0,0.1285,0.0973,190.99,28.473333333333333,574475.6437,7.835146511239221e-11,23.26981644773918,0
BCO DO EST. DE SE S.A. - PRUDENCIAL,2017-03-01,2362330.0,88.0,358849.0,0.1157,0.064,164.34,0.9630321349999972,41.17333333333333,0.0518573258122753,0,2362482.0,8269.0,326740.0,0.0914,0.0535,163.26,35.07,17480.59,0.5348135361938104,-0.13947983280927811,0
BCO DO EST. DE SE S.A. - PRUDENCIAL,2017-06-01,2275501.0,192.0,358849.0,0.1161,0.0628,165.65,0.2193980018000196,36.63666666666666,0.0501697786917822,0,2313151.0,8534.0,326740.0,0.0958,0.061,163.72,38.303333333333335,19931.14,0.5975845159479123,-0.3954106255394553,0
BCO DO EST. DE SE S.A. - PRUDENCIAL,2017-09-01,2333710.0,200.0,364658.0,0.1199,0.0647,166.12,0.5911447296000016,36.16333333333333,0.0525201795778167,0,2257663.0,0.0,336301.0,0.1091,0.065,162.92,39.71333333333333,21859.565000000002,0.6203006107930945,-0.49082435777266736,1
BCO DO EST. DE SE S.A. - PRUDENCIAL,2017-12-01,2484796.0,265.0,364658.0,0.1193999999999999,0.0661,167.13,1.144261174399985,33.526666666666664,0.051182893634145,0,2280115.0,78.0,336301.0,0.1175,0.0689,162.73,40.38,23171.1389,0.6237669834295502,-0.505568198011314,1
BCO DO EST. DE SE S.A. - PRUDENCIAL,2018-03-01,2492604.0,15592.0,393683.0,0.1142,0.0630999999999999,167.98,0.7014778351999817,33.15,0.046095402120701,0,2362330.0,88.0,358849.0,0.1157,0.064,164.34,41.17333333333333,22966.336,0.6416617525520698,-0.5825839337771755,1
BCO DO EST. DE SE S.A. - PRUDENCIAL,2018-06-01,2453974.0,4485.0,393683.0,0.122,0.0636,167.89,1.8887030879999989,30.82333333333333,0.0520463314807418,0,2275501.0,192.0,358849.0,0.1161,0.0628,165.65,36.63666666666666,22535.7172,0.5791559983198825,-0.3193096455093592,0
BCO DO EST. DE SE S.A. - PRUDENCIAL,2018-09-01,2514868.0,13935.0,400108.0,0.1229,0.0667,169.35,0.7208535743999933,28.546666666666667,0.0493389465336112,0,2333710.0,200.0,364658.0,0.1199,0.0647,166.12,36.16333333333333,23593.3726,0.5630586440176896,-0.2535847966743435,0
BCO DO EST. DE SE S.A. - PRUDENCIAL,2018-12-01,2623223.0,26249.0,400108.0,0.1196,0.0670999999999999,169.09,0.3894135824999978,28.71666666666667,0.0436563890605139,0,2484796.0,265.0,364658.0,0.1193999999999999,0.0661,167.13,33.526666666666664,24103.8938,0.4964222884692162,0.014311090568035858,0
BCO DO EST. DE SE S.A. - PRUDENCIAL,2019-03-01,2737929.0,19846.0,434352.0,0.1188,0.0676,169.51,1.507011320000018,30.386666666666667,0.041687844966972,0,2492604.0,15592.0,393683.0,0.1142,0.0630999999999999,167.98,33.15,24841.397299999964,0.5001334507929782,-0.0005338029845349103,0
BCO DO EST. DE SE S.A. - PRUDENCIAL,2019-06-01,2762612.0,16469.0,434352.0,0.0894,0.0501,170.58,0.710811074100004,30.69666666666667,0.0416399259743103,0,2453974.0,4485.0,393683.0,0.122,0.0636,167.89,30.82333333333333,25038.238800000003,0.4575964887115266,0.17002244363815563,0
BCO DO EST. DE SE S.A. - PRUDENCIAL,2019-09-01,2742659.0,8.0,434482.0,0.0998,0.054,170.5,0.2600889164000142,30.59,0.0458461944185809,0,2514868.0,13935.0,400108.0,0.1229,0.0667,169.35,28.546666666666667,26687.203599999997,0.41352592897628293,0.3494082390012208,0
BCO DO EST. DE SE S.A. - PRUDENCIAL,2019-12-01,2941192.0,2.0,434482.0,0.1158,0.066,171.91,1.767530865000011,29.096666666666664,0.0588885981597611,0,2623223.0,26249.0,400108.0,0.1196,0.0670999999999999,169.09,28.71666666666667,26847.246799999957,0.402077659652973,0.3968156268662851,0
BCO DO EST. DE SE S.A. - PRUDENCIAL,2020-03-01,2935456.0,0.0,440720.0,0.1235,0.0669,168.09,0.5308473674999981,28.24,0.0586194691312366,0,2737929.0,19846.0,434352.0,0.1188,0.0676,169.51,30.386666666666667,29362.1952,0.4204928365593891,0.3207505805547205,0
BCO DO EST. DE SE S.A. - PRUDENCIAL,2020-06-01,2980706.0,0.0,440720.0,0.1369999999999999,0.0716,153.27,-0.4306129372000034,24.44333333333333,0.0632349050153054,0,2762612.0,16469.0,434352.0,0.0894,0.0501,170.58,30.69666666666667,21761.0352,0.4478887903129415,0.20920452730014488,0
BCO DO EST. DE SE S.A. - PRUDENCIAL,2020-09-01,3142003.0,0.0,439701.0,0.1294,0.0657,165.34,1.2447095295999857,21.71666666666667,0.0528704592083119,0,2742659.0,8.0,434482.0,0.0998,0.054,170.5,30.59,23462.028,0.44125718481094073,0.23606139632943784,0
BCO DO EST. DE SE S.A. - PRUDENCIAL,2020-12-01,3518081.0,0.0,439701.0,0.1009,0.0552,171.47,3.131382328999988,20.72,0.0452765644487217,0,2941192.0,2.0,434482.0,0.1158,0.066,171.91,29.096666666666664,28675.812,0.3823035844691799,0.4797820831958271,0
BCO DO EST. DE SE S.A. - PRUDENCIAL,2021-03-01,3767596.0,1.0,438391.0,0.1027,0.0575,173.12,2.052492994999988,22.403333333333336,0.042049369523066,0,2935456.0,0.0,440720.0,0.1235,0.0669,168.09,28.24,29484.168,0.345379710422025,0.6394109353996811,0
BCO DO EST. DE SE S.A. - PRUDENCIAL,2021-06-01,3943527.0,1.0,438391.0,0.1079,0.0607,172.06,1.6786286369000036,21.46333333333333,0.0423354791957286,0,2980706.0,0.0,440720.0,0.1369999999999999,0.0716,153.27,24.44333333333333,31555.552,0.2085871878737561,1.3334625970467366,0
BCO DO EST. DE SE S.A. - PRUDENCIAL,2021-09-01,4058244.0,0.0,455781.0,0.1096,0.0623,172.27,3.0196768831999954,21.08666666666667,0.046648074752496,0,3142003.0,0.0,439701.0,0.1294,0.0657,165.34,21.71666666666667,28888.355699999996,0.2107441799484773,1.320445521094417,0
BCO DO EST. DE SE S.A. - PRUDENCIAL,2021-12-01,4197223.0,0.0,455781.0,0.1072,0.0626999999999999,174.3,2.958021687500012,22.62,0.0514312776741843,0,3518081.0,0.0,439701.0,0.1009,0.0552,171.47,20.72,24271.4952,0.19627734692728657,1.4097255565718503,0
BCO DO EST. DE SE S.A. - PRUDENCIAL,2022-03-01,4364946.0,0.0,480937.0,0.1052,0.0593,175.72,3.2006523548000043,24.72,0.0549609097059817,0,3767596.0,1.0,438391.0,0.1027,0.0575,173.12,22.403333333333336,25207.482500000002,0.19922926626254964,1.3911184278284905,0
BCO DO EST. DE SE S.A. - PRUDENCIAL,2022-06-01,4483045.0,0.0,480937.0,0.1041,0.0582,177.81,2.215266379399994,25.546666666666667,0.058544874436017,0,3943527.0,1.0,438391.0,0.1079,0.0607,172.06,21.46333333333333,26610.3337,0.16775674853940467,1.6016097629680095,0
BCO DO EST. DE SE S.A. - PRUDENCIAL,2022-09-01,4451047.0,0.0,521062.0,0.1028999999999999,0.0584,179.54,-1.3245430992000151,27.44,0.0604973625442187,0,4058244.0,0.0,455781.0,0.1096,0.0623,172.27,21.08666666666667,28395.1563,0.1553688365976058,1.6930981580414122,0
BCO DO EST. DE SE S.A. - PRUDENCIAL,2022-12-01,4259375.0,37.0,521062.0,0.1097,0.0616,180.33,1.6286339977999995,29.036666666666665,0.0620520046542486,0,4197223.0,0.0,455781.0,0.1072,0.0626999999999999,174.3,22.62,28577.46869999995,0.16722046728201384,1.6054558355188429,0
BCO DO EST. DE SE S.A. - PRUDENCIAL,2023-03-01,4362131.0,0.0,576797.0,0.1084,0.0584,182.74,2.094210609200031,30.19,0.0595993813750006,0,4364946.0,0.0,480937.0,0.1052,0.0593,175.72,24.72,28519.5641,0.1843511349678739,1.4871416687611492,0
BCO DO EST. DE SE S.A. - PRUDENCIAL,2023-06-01,4568585.0,0.0,576797.0,0.0974,0.0538,184.28,0.760729877599986,32.02333333333333,0.0599726641668216,0,4483045.0,0.0,480937.0,0.1041,0.0582,177.81,25.546666666666667,27990.5334,0.19216572941388918,1.4359987532080738,0
BCO DO EST. DE SE S.A. - PRUDENCIAL,2023-09-01,4363508.0,0.0,646409.0,0.1035,0.0538,184.44,0.6111867176000096,31.51333333333333,0.0638077133056541,0,4451047.0,0.0,521062.0,0.1028999999999999,0.0584,179.54,27.44,30430.020800000002,0.22725627550135483,1.2238691124667047,0
BCO DO EST. DE SE S.A. - PRUDENCIAL,2023-12-01,4584240.0,0.0,646409.0,0.1045,0.0555,185.03,1.083587763199989,30.41333333333333,0.0564228813953428,0,4259375.0,37.0,521062.0,0.1097,0.0616,180.33,29.036666666666665,32097.4192,0.2710848484754298,0.9891254692637761,0
BCO DO EST. DE SE S.A. - PRUDENCIAL,2024-03-01,4619458.0,0.0,699536.0,0.1017,0.0518,186.65,1.415491577599992,29.896666666666665,0.0517769139570878,0,4362131.0,0.0,576797.0,0.1084,0.0584,182.74,30.19,33684.9448,0.2934104272389221,0.8788775736330762,0
BCO DO EST. DE SE S.A. - PRUDENCIAL,2024-06-01,4792942.0,0.0,699536.0,0.1052999999999999,0.0542999999999999,189.49,1.053515670799987,29.07333333333333,0.0542660363527257,0,4568585.0,0.0,576797.0,0.0974,0.0538,184.28,32.02333333333333,31031.6786,0.3106584834755795,0.7970426332750534,0
BCO DO EST. DE SE S.A. - PRUDENCIAL,2024-09-01,4819129.0,0.0,748561.0,0.1137,0.0612,190.99,0.8015076655999875,28.473333333333333,0.0551374551569355,0,4363508.0,0.0,646409.0,0.1035,0.0538,184.44,31.51333333333333,34776.8042,0.3301641646470556,0.7074426612587932,0
BCO DO EST. DE SE S.A. - PRUDENCIAL,2024-12-01,5049849.0,0.0,748561.0,0.1163,0.0549,191.11,1.47713535680003,27.96,0.0578890655305266,0,4584240.0,0.0,646409.0,0.1045,0.0555,185.03,30.41333333333333,35875.6995,0.2874775355976432,0.907666720639017,0
BCO DO NORDESTE DO BRASIL S.A. - PRUDENCIAL,2024-03-01,80966219.0,157999.0,17190156.0,0.1107,0.0866,186.65,1.415491577599992,29.896666666666665,0.048325657909231,0,69345325.0,279808.0,14995376.0,0.1082,0.0823,182.74,30.19,1234119.4448,2.041249522231944e-15,33.825214263764785,0
BCO DO NORDESTE DO BRASIL S.A. - PRUDENCIAL,2024-06-01,82904776.0,51363.0,17190156.0,0.1117,0.0872,189.49,1.053515670799987,29.07333333333333,0.0507708534848191,0,72034741.0,187917.0,14995376.0,0.1069,0.0815,184.28,32.02333333333333,1222123.144,4.998041857891921e-16,35.232315280698685,0
BCO DO NORDESTE DO BRASIL S.A. - PRUDENCIAL,2024-09-01,85645979.0,74412.0,18199092.0,0.1285,0.0998,190.99,0.8015076655999875,28.473333333333333,0.0445112030738598,0,77348184.0,156531.0,16208604.0,0.1052,0.0832,184.44,31.51333333333333,1348555.8528,3.393674294352511e-17,37.92203338392059,0
BCO DO NORDESTE DO BRASIL S.A. - PRUDENCIAL,2024-12-01,90321500.0,170251.0,18199092.0,0.1259,0.1012,191.11,1.47713535680003,27.96,0.0382588084451659,0,81195837.0,35947.0,16208604.0,0.1059,0.0841,185.03,30.41333333333333,1363143.5964,3.5043302230790825e-18,40.19253226361284,0
BCO DO NORDESTE DO BRASIL S.A. - PRUDENCIAL,2025-03-01,94625146.0,211032.0,20247352.0,0.121,0.1016,193.61,2.040339737600028,29.313333333333333,0.0380011327788037,0,80966219.0,157999.0,17190156.0,0.1107,0.0866,186.65,29.896666666666665,1488667.5096,5.9010367348184626e-18,39.67140362075187,0
BCO DO NORDESTE DO BRASIL S.A. - PRUDENCIAL,2025-06-01,99836655.0,163250.0,20247352.0,0.1211999999999999,0.1,194.33,0.9327766831999762,31.666666666666668,0.0376070843330093,0,82904776.0,51363.0,17190156.0,0.1117,0.0872,189.49,29.07333333333333,1498981.6032,1.9212377266922278e-18,40.79356204633138,0
BCO DO NORDESTE DO BRASIL S.A. - PRUDENCIAL,2025-09-01,101240533.0,165482.0,16534777.0,0.1289,0.1043,,0.6304326271999727,31.94666666666667,0.0425184333085873,0,85645979.0,74412.0,18199092.0,0.1285,0.0998,190.99,28.473333333333333,1816269.3816,8.366877093966888e-19,41.62483605916018,0
BCO FIBRA S.A. - PRUDENCIAL,2017-03-01,4160727.0,5457.0,323202.0,0.1082,0.0753,164.34,0.9630321349999972,41.17333333333333,0.0768537158603548,0,3991165.0,10880.0,229726.0,0.1354,0.0852,163.26,35.07,19572.6552,0.2800374201895574,0.9442760005390025,0
BCO FIBRA S.A. - PRUDENCIAL,2017-06-01,4104846.0,8329.0,323202.0,0.1104,0.0728,165.65,0.2193980018000196,36.63666666666666,0.0845338734372661,0,3711872.0,12269.0,112403.0,0.1476,0.0913,163.72,38.303333333333335,10262.393900000001,0.35665202188291373,0.5899251792362458,0
BCO FIBRA S.A. - PRUDENCIAL,2017-09-01,4141028.0,17276.0,296904.0,0.1188,0.0758,166.12,0.5911447296000016,36.16333333333333,0.0983562029559619,0,3895596.0,14979.0,218100.0,0.1309,0.0865,162.92,39.71333333333333,18865.649999999998,0.3667161948937367,0.5463304331433659,0
BCO FIBRA S.A. - PRUDENCIAL,2017-12-01,4345076.0,20471.0,296904.0,0.1156,0.083,167.13,1.144261174399985,33.526666666666664,0.0970127619988152,0,4314872.0,3694.0,218100.0,0.1248,0.0882,162.73,40.38,19236.420000000002,0.3218670920843027,0.7452045954163795,0
BCO FIBRA S.A. - PRUDENCIAL,2018-03-01,3938490.0,12434.0,459059.0,0.1071,0.0776999999999999,167.98,0.7014778351999817,33.15,0.0974270975900545,0,4160727.0,5457.0,323202.0,0.1082,0.0753,164.34,41.17333333333333,24337.110600000004,0.3838999281057267,0.4730274901420731,0
BCO FIBRA S.A. - PRUDENCIAL,2018-06-01,4081352.0,52573.0,459059.0,0.1006,0.0838,167.89,1.8887030879999989,30.82333333333333,0.1023455428148784,0,4104846.0,8329.0,323202.0,0.1104,0.0728,165.65,36.63666666666666,23529.105600000003,0.32120838538523055,0.7482240920207971,0
BCO FIBRA S.A. - PRUDENCIAL,2018-09-01,4287631.0,6534.0,495117.0,0.1009,0.0839,169.35,0.7208535743999933,28.546666666666667,0.0892899654496538,0,4141028.0,17276.0,296904.0,0.1188,0.0758,166.12,36.16333333333333,22505.323200000003,0.3076736194506499,0.8110179487532144,0
BCO FIBRA S.A. - PRUDENCIAL,2018-12-01,4095209.0,7564.0,495117.0,0.1125999999999999,0.0831,169.09,0.3894135824999978,28.71666666666667,0.0855822993892714,0,4345076.0,20471.0,296904.0,0.1156,0.083,167.13,33.526666666666664,24643.032000000003,0.24449561117369148,1.1281882324521613,0
BCO FIBRA S.A. - PRUDENCIAL,2019-03-01,4028383.0,59220.0,643419.0,0.1083,0.0808,169.51,1.507011320000018,30.386666666666667,0.0638447114751103,0,3938490.0,12434.0,459059.0,0.1071,0.0776999999999999,167.98,33.15,35668.884299999954,0.29970283627910976,0.8487133266992575,0
BCO FIBRA S.A. - PRUDENCIAL,2019-06-01,4238514.0,145875.0,643419.0,0.1012,0.0774,170.58,0.710811074100004,30.69666666666667,0.057345171222458,0,4081352.0,52573.0,459059.0,0.1006,0.0838,167.89,30.82333333333333,38469.1442,0.24853802390084914,1.1064247631894355,0
BCO FIBRA S.A. - PRUDENCIAL,2019-09-01,4337652.0,25970.0,590814.0,0.1027,0.0825999999999999,170.5,0.2600889164000142,30.59,0.0618871755828931,0,4287631.0,6534.0,495117.0,0.1009,0.0839,169.35,28.546666666666667,41540.3163,0.20138437288057054,1.3776643778824074,0
BCO FIBRA S.A. - PRUDENCIAL,2019-12-01,4759567.0,70520.0,590814.0,0.1101999999999999,0.0886,171.91,1.767530865000011,29.096666666666664,0.0496875831805759,0,4095209.0,7564.0,495117.0,0.1125999999999999,0.0831,169.09,28.71666666666667,41144.2227,0.2200121279290256,1.265595699280964,0
BCO FIBRA S.A. - PRUDENCIAL,2020-03-01,5544298.0,72000.0,533133.0,0.1066,0.0866,168.09,0.5308473674999981,28.24,0.0402422973679632,0,4028383.0,59220.0,643419.0,0.1083,0.0808,169.51,30.386666666666667,51988.2552,0.2656654491999058,1.0167269087640007,0
BCO FIBRA S.A. - PRUDENCIAL,2020-06-01,5266260.0,18792.0,533133.0,0.1141,0.077,153.27,-0.4306129372000034,24.44333333333333,0.0218451776734558,0,4238514.0,145875.0,643419.0,0.1012,0.0774,170.58,30.69666666666667,49800.6306,0.263816519703741,1.0262255212780593,0
BCO FIBRA S.A. - PRUDENCIAL,2020-09-01,5703134.0,83333.0,462374.0,0.1067999999999999,0.0646,165.34,1.2447095295999857,21.71666666666667,0.0229648269065813,0,4337652.0,25970.0,590814.0,0.1027,0.0825999999999999,170.5,30.59,48801.236399999936,0.23424976370847245,1.1844681420158598,0
BCO FIBRA S.A. - PRUDENCIAL,2020-12-01,6056474.0,14429.0,462374.0,0.1025,0.0713,171.47,3.131382328999988,20.72,0.0187338211256109,0,4759567.0,70520.0,590814.0,0.1101999999999999,0.0886,171.91,29.096666666666664,52346.1204,0.18201952607326813,1.5027244984959673,0
BCO FIBRA S.A. - PRUDENCIAL,2021-03-01,5643223.0,43815.0,432603.0,0.1076999999999999,0.0675,173.12,2.052492994999988,22.403333333333336,0.0216434754493393,0,5544298.0,72000.0,533133.0,0.1066,0.0866,168.09,28.24,46169.3178,0.1084220580373885,2.106961305747706,0
BCO FIBRA S.A. - PRUDENCIAL,2021-06-01,6014639.0,4588.0,432603.0,0.1039,0.0641,172.06,1.6786286369000036,21.46333333333333,0.0152098420473043,0,5266260.0,18792.0,533133.0,0.1141,0.077,153.27,24.44333333333333,41051.241,0.06945573602319462,2.595079987240567,0
BCO FIBRA S.A. - PRUDENCIAL,2021-09-01,5809039.0,45853.0,546080.0,0.0978,0.0562999999999999,172.27,3.0196768831999954,21.08666666666667,0.0101561254929057,0,5703134.0,83333.0,462374.0,0.1067999999999999,0.0646,165.34,21.71666666666667,29869.3604,0.06310517172256307,2.697768306085257,0
BCO FIBRA S.A. - PRUDENCIAL,2021-12-01,6103858.0,15787.0,546080.0,0.0902,0.0516,174.3,2.958021687500012,22.62,0.0106311727249315,0,6056474.0,14429.0,462374.0,0.1025,0.0713,171.47,20.72,32967.2662,0.052966961275236014,2.883665633450497,0
BCO FIBRA S.A. - PRUDENCIAL,2022-03-01,5931401.0,27308.0,689101.0,0.0953999999999999,0.0499,175.72,3.2006523548000043,24.72,0.0110940729597071,0,5643223.0,43815.0,432603.0,0.1076999999999999,0.0675,173.12,22.403333333333336,29200.702500000003,0.07847232739337263,2.4632867613681992,0
BCO FIBRA S.A. - PRUDENCIAL,2022-06-01,5580658.0,8642.0,689101.0,0.1017,0.05,177.81,2.215266379399994,25.546666666666667,0.0190197542596193,0,6014639.0,4588.0,432603.0,0.1039,0.0641,172.06,21.46333333333333,27729.852300000002,0.058633136411481934,2.77603292483731,0
BCO FIBRA S.A. - PRUDENCIAL,2022-09-01,5635943.0,24444.0,667157.0,0.1007,0.0496999999999999,179.54,-1.3245430992000151,27.44,0.0151631289599507,0,5809039.0,45853.0,546080.0,0.0978,0.0562999999999999,172.27,21.08666666666667,30744.303999999946,0.0684799089219683,2.6102773566001902,0
BCO FIBRA S.A. - PRUDENCIAL,2022-12-01,6291567.0,58045.0,667157.0,0.0932,0.0438,180.33,1.6286339977999995,29.036666666666665,0.009635641960729,0,6103858.0,15787.0,546080.0,0.0902,0.0516,174.3,22.62,28177.728,0.06873080816012998,2.606350834734435,0
BCO FIBRA S.A. - PRUDENCIAL,2023-03-01,6271931.0,126447.0,649067.0,0.0909,0.045,182.74,2.094210609200031,30.19,0.010366640939041,0,5931401.0,27308.0,689101.0,0.0953999999999999,0.0499,175.72,24.72,34386.1399,0.09273142128089393,2.2807311522698828,0
BCO FIBRA S.A. - PRUDENCIAL,2023-06-01,6363130.0,154586.0,649067.0,0.0896,0.0451,184.28,0.760729877599986,32.02333333333333,0.0186659678891503,0,5580658.0,8642.0,689101.0,0.1017,0.05,177.81,25.546666666666667,34455.05,0.12094556793288978,1.9835062282839184,0
BCO FIBRA S.A. - PRUDENCIAL,2023-09-01,5697744.0,43775.0,677928.0,0.1033999999999999,0.0513999999999999,184.44,0.6111867176000096,31.51333333333333,0.0205726126904631,0,5635943.0,24444.0,667157.0,0.1007,0.0496999999999999,179.54,27.44,33157.70289999993,0.13915062817276533,1.822362541307529,0
BCO FIBRA S.A. - PRUDENCIAL,2023-12-01,7059572.0,44240.0,677928.0,0.0877999999999999,0.045,185.03,1.083587763199989,30.41333333333333,0.0209678209103919,0,6291567.0,58045.0,667157.0,0.0932,0.0438,180.33,29.036666666666665,29221.476599999998,0.11807687916883744,2.0107689570309244,0
BCO FIBRA S.A. - PRUDENCIAL,2024-03-01,6820233.0,12191.0,469428.0,0.0911999999999999,0.0416,186.65,1.415491577599992,29.896666666666665,0.0267785878899128,0,6271931.0,126447.0,649067.0,0.0909,0.045,182.74,30.19,29208.015,0.13901920091334738,1.8234601439248155,0
BCO FIBRA S.A. - PRUDENCIAL,2024-06-01,7407299.0,10288.0,469428.0,0.0877,0.0406,189.49,1.053515670799987,29.07333333333333,0.0226431345604993,0,6363130.0,154586.0,649067.0,0.0896,0.0451,184.28,32.02333333333333,29272.9217,0.15677092154103595,1.682453021786685,0
BCO FIBRA S.A. - PRUDENCIAL,2024-09-01,6814994.0,95515.0,673436.0,0.09,0.0364,190.99,0.8015076655999875,28.473333333333333,0.0172263376239571,0,5697744.0,43775.0,677928.0,0.1033999999999999,0.0513999999999999,184.44,31.51333333333333,34845.49919999993,0.19425342639071222,1.4226056402173064,0
BCO FIBRA S.A. - PRUDENCIAL,2024-12-01,7546901.0,46611.0,673436.0,0.0871,0.0317,191.11,1.47713535680003,27.96,0.0156919986869073,0,7059572.0,44240.0,677928.0,0.0877999999999999,0.045,185.03,30.41333333333333,30506.76,0.09695580818704537,2.2315162022229087,0
BCO FIBRA S.A. - PRUDENCIAL,2025-03-01,7659249.0,24583.0,572237.0,0.0923,0.0361,193.61,2.040339737600028,29.313333333333333,0.024310683122816,0,6820233.0,12191.0,469428.0,0.0911999999999999,0.0416,186.65,29.896666666666665,19528.2048,0.105407884704724,2.1385304366521494,0
BCO FIBRA S.A. - PRUDENCIAL,2025-06-01,7494905.0,16752.0,572237.0,0.0987,0.0356,194.33,0.9327766831999762,31.666666666666668,0.0265997440808104,0,7407299.0,10288.0,469428.0,0.0877,0.0406,189.49,29.07333333333333,19058.7768,0.07871539881902413,2.4599302007807644,0
BCO FIBRA S.A. - PRUDENCIAL,2025-09-01,8397559.0,46920.0,728059.0,0.0914,0.0391,,0.6304326271999727,31.94666666666667,0.0246130337819512,0,6814994.0,95515.0,673436.0,0.09,0.0364,190.99,28.473333333333333,24513.0704,0.11409025519443873,2.0496252299761606,0
BCO GUANABARA S.A. - PRUDENCIAL,2020-12-01,599390.0,0.0,129425.0,0.2153999999999999,0.1258,171.47,3.131382328999988,20.72,0.0462804018545547,0,658409.0,0.0,130624.0,0.1959,0.1048,171.91,29.096666666666664,13689.3952,0.6303968801399076,-0.533919808332412,1
BCO GUANABARA S.A. - PRUDENCIAL,2021-03-01,635755.0,0.0,124844.0,0.203,0.1286,173.12,2.052492994999988,22.403333333333336,0.0367366801815752,0,673695.0,0.0,131085.0,0.1830999999999999,0.1144,168.09,28.24,14996.124,0.5829719189185623,-0.33498545817579084,0
BCO GUANABARA S.A. - PRUDENCIAL,2021-06-01,669491.0,0.0,124844.0,0.1903999999999999,0.1682999999999999,172.06,1.6786286369000036,21.46333333333333,0.0560440747793023,0,630447.0,0.0,131085.0,0.1907999999999999,0.1092,153.27,24.44333333333333,14314.482,0.433505885481713,0.2675613186032522,0
BCO GUANABARA S.A. - PRUDENCIAL,2021-09-01,703619.0,0.0,120180.0,0.1873999999999999,0.1617,172.27,3.0196768831999954,21.08666666666667,0.0587111451832161,0,589815.0,0.0,129425.0,0.2143,0.1114,165.34,21.71666666666667,14417.945,0.45310783764419843,0.18812149004796808,0
BCO GUANABARA S.A. - PRUDENCIAL,2021-12-01,729323.0,0.0,120180.0,0.1905,0.1709,174.3,2.958021687500012,22.62,0.0364506714816592,0,599390.0,0.0,129425.0,0.2153999999999999,0.1258,171.47,20.72,16281.664999999999,0.45386061184006365,0.18508410449574472,0
BCO GUANABARA S.A. - PRUDENCIAL,2022-03-01,751980.0,0.0,115708.0,0.2071,0.1993,175.72,3.2006523548000043,24.72,0.0367361726663839,0,635755.0,0.0,124844.0,0.203,0.1286,173.12,22.403333333333336,16054.9384,0.48902685929776346,0.04389961183569272,0
BCO GUANABARA S.A. - PRUDENCIAL,2022-06-01,783058.0,0.0,115708.0,0.2066,0.1826,177.81,2.215266379399994,25.546666666666667,0.0524967712568526,0,669491.0,0.0,124844.0,0.1903999999999999,0.1682999999999999,172.06,21.46333333333333,21011.245199999987,0.4202595876955125,0.3217078522385659,0
BCO GUANABARA S.A. - PRUDENCIAL,2022-09-01,905754.0,0.0,118966.0,0.1852,0.1674,179.54,-1.3245430992000151,27.44,0.033048868398804,0,703619.0,0.0,120180.0,0.1873999999999999,0.1617,172.27,21.08666666666667,19433.106,0.41649960485378795,0.3371596162217354,0
BCO GUANABARA S.A. - PRUDENCIAL,2022-12-01,929157.0,0.0,118966.0,0.1861,0.1442999999999999,180.33,1.6286339977999995,29.036666666666665,0.0300495389855691,0,729323.0,0.0,120180.0,0.1905,0.1709,174.3,22.62,20538.762,0.44363325740604626,0.2264294616902174,0
BCO GUANABARA S.A. - PRUDENCIAL,2023-03-01,970847.0,0.0,128189.0,0.1833,0.1730999999999999,182.74,2.094210609200031,30.19,0.0267111041417612,0,751980.0,0.0,115708.0,0.2071,0.1993,175.72,24.72,23060.6044,0.45604306655214844,0.17628282820167426,0
BCO GUANABARA S.A. - PRUDENCIAL,2023-06-01,1058704.0,0.0,128189.0,0.176,0.147,184.28,0.760729877599986,32.02333333333333,0.0355337324586624,0,783058.0,0.0,115708.0,0.2066,0.1826,177.81,25.546666666666667,21128.2808,0.4977173696288108,0.00913058511621707,0
BCO GUANABARA S.A. - PRUDENCIAL,2023-09-01,1147347.0,0.0,142131.0,0.1701,0.1309,184.44,0.6111867176000096,31.51333333333333,0.0281946749225969,0,905754.0,0.0,118966.0,0.1852,0.1674,179.54,27.44,19914.9084,0.546354993703634,-0.18595396815122406,0
BCO GUANABARA S.A. - PRUDENCIAL,2023-12-01,1222452.0,62.0,142131.0,0.1629,0.1085999999999999,185.03,1.083587763199989,30.41333333333333,0.0262912057780366,0,929157.0,0.0,118966.0,0.1861,0.1442999999999999,180.33,29.036666666666665,17166.79379999999,0.6015074102468781,-0.4117499519927174,1
BCO GUANABARA S.A. - PRUDENCIAL,2024-03-01,1282884.0,160.0,163338.0,0.1583999999999999,0.1063,186.65,1.415491577599992,29.896666666666665,0.0438612601141476,0,970847.0,0.0,128189.0,0.1833,0.1730999999999999,182.74,30.19,22189.515899999988,0.6028632077677469,-0.41740953179546575,1
BCO GUANABARA S.A. - PRUDENCIAL,2024-06-01,1341254.0,107.0,163338.0,0.1597,0.1247,189.49,1.053515670799987,29.07333333333333,0.044588661930391,0,1058704.0,0.0,128189.0,0.176,0.147,184.28,32.02333333333333,18843.783,0.6591738646554842,-0.6596148502197569,1
BCO GUANABARA S.A. - PRUDENCIAL,2024-09-01,1463674.0,91.0,145879.0,0.1542,0.1116,190.99,0.8015076655999875,28.473333333333333,0.0448249775749982,0,1147347.0,0.0,142131.0,0.1701,0.1309,184.44,31.51333333333333,18604.9479,0.6571761642388623,-0.6507353996919704,1
BCO GUANABARA S.A. - PRUDENCIAL,2024-12-01,1494333.0,65.0,145879.0,0.1586999999999999,0.1083,191.11,1.47713535680003,27.96,0.0499718854928754,0,1222452.0,62.0,142131.0,0.1629,0.1085999999999999,185.03,30.41333333333333,15435.426599999986,0.6538086871168743,-0.6358232313720749,1
BCO INBURSA INV S.A. - PRUDENCIAL,2017-03-01,25992.0,0.0,34992.0,1.3684,0.9392,164.34,0.9630321349999972,41.17333333333333,0.0052966549532117,0,29253.0,0.0,39663.0,1.3212000000000002,0.9128,163.26,35.07,36204.386399999996,0.04410857068948806,3.0759902287695553,0
BCO INBURSA INV S.A. - PRUDENCIAL,2017-06-01,19455.0,0.0,34992.0,1.4674,0.6883,165.65,0.2193980018000196,36.63666666666666,0.0085733653461566,0,28922.0,0.0,39663.0,1.3052,0.9309,163.72,38.303333333333335,36922.2867,0.052722435824519395,2.8885510565651837,0
BCO KDB BRASIL S.A. - PRUDENCIAL,2017-03-01,224644.0,15444.0,25136.0,0.7469,0.1519,164.34,0.9630321349999972,41.17333333333333,0.906681482583352,1,234127.0,63354.0,30662.0,0.5232,0.1294,163.26,35.07,3967.6627999999996,0.6771981989375784,-0.7409254744935915,1
BCO KDB BRASIL S.A. - PRUDENCIAL,2017-06-01,198963.0,5484.0,25136.0,0.892,0.1989,165.65,0.2193980018000196,36.63666666666666,0.9068627544787108,1,148018.0,56998.0,30662.0,0.7547,0.1462,163.72,38.303333333333335,4482.7844,0.6995001509858325,-0.8449187580945153,1
BCO KDB BRASIL S.A. - PRUDENCIAL,2017-09-01,183998.0,10707.0,51448.0,0.8641,0.1926999999999999,166.12,0.5911447296000016,36.16333333333333,0.9070476961153912,1,299826.0,70289.0,6229.0,0.489,0.1735,162.92,39.71333333333333,1080.7314999999999,0.7040168735259894,-0.8664998760658098,1
BCO KDB BRASIL S.A. - PRUDENCIAL,2020-06-01,108561.0,15256.0,89481.0,1.3022,0.2055,153.27,-0.4306129372000034,24.44333333333333,0.0,0,216518.0,8227.0,6229.0,0.8007,0.1510999999999999,162.73,40.38,941.2018999999993,0.7026532340787949,-0.8599644841314605,1
BCO KDB BRASIL S.A. - PRUDENCIAL,2020-09-01,89602.0,4094.0,75387.0,1.6194,0.1473,165.34,1.2447095295999857,21.71666666666667,0.0,0,224644.0,15444.0,25136.0,0.7469,0.1519,164.34,41.17333333333333,3818.1584000000003,0.729384119929572,-0.9915001076725012,1
BCO KDB BRASIL S.A. - PRUDENCIAL,2020-12-01,84295.0,1407.0,75387.0,1.7357,0.1662,171.47,3.131382328999988,20.72,0.0,0,198963.0,5484.0,25136.0,0.892,0.1989,165.65,36.63666666666666,4999.5504,0.5977477650002053,-0.39608952495919536,0
BCO KDB BRASIL S.A. - PRUDENCIAL,2021-03-01,116120.0,1097.0,74196.0,1.4794999999999998,0.1489,173.12,2.052492994999988,22.403333333333336,0.0,0,183998.0,10707.0,51448.0,0.8641,0.1926999999999999,166.12,36.16333333333333,9914.029599999994,0.6077739729144693,-0.4379647841895677,1
BCO KDB BRASIL S.A. - PRUDENCIAL,2021-06-01,136032.0,496.0,74196.0,1.3416,0.1635,172.06,1.6786286369000036,21.46333333333333,0.0,0,108561.0,15256.0,89481.0,1.3022,0.2055,153.27,24.44333333333333,18388.3455,0.26982850935936287,0.9954928186921678,0
BCO KDB BRASIL S.A. - PRUDENCIAL,2021-09-01,218807.0,429.0,70716.0,0.9841,0.1681,172.27,3.0196768831999954,21.08666666666667,0.0,0,89602.0,4094.0,75387.0,1.6194,0.1473,165.34,21.71666666666667,11104.505099999998,0.3021082765350468,0.8372784822061949,0
BCO KDB BRASIL S.A. - PRUDENCIAL,2021-12-01,280694.0,523.0,70716.0,0.8189,0.1621999999999999,174.3,2.958021687500012,22.62,0.0,0,84295.0,1407.0,75387.0,1.7357,0.1662,171.47,20.72,12529.319399999998,0.2868189564227897,0.9108841035284099,0
BCO KDB BRASIL S.A. - PRUDENCIAL,2022-03-01,275393.0,2925.0,75484.0,0.8329000000000001,0.1798999999999999,175.72,3.2006523548000043,24.72,0.0,0,116120.0,1097.0,74196.0,1.4794999999999998,0.1489,173.12,22.403333333333336,11047.7844,0.36650518765748186,0.5472391351851548,0
BCO KDB BRASIL S.A. - PRUDENCIAL,2022-06-01,425783.0,4884.0,75484.0,0.5897,0.179,177.81,2.215266379399994,25.546666666666667,0.0,0,136032.0,496.0,74196.0,1.3416,0.1635,172.06,21.46333333333333,12131.046,0.3440972002057904,0.6450884308737657,0
BCO KDB BRASIL S.A. - PRUDENCIAL,2022-09-01,487655.0,5919.0,77783.0,0.5443,0.1547,179.54,-1.3245430992000151,27.44,0.0,0,218807.0,429.0,70716.0,0.9841,0.1681,172.27,21.08666666666667,11887.3596,0.3673011839119902,0.543812328999394,0
BCO KDB BRASIL S.A. - PRUDENCIAL,2022-12-01,476460.0,11214.0,77783.0,0.5718,0.1597,180.33,1.6286339977999995,29.036666666666665,0.0,0,280694.0,523.0,70716.0,0.8189,0.1621999999999999,174.3,22.62,11470.135199999993,0.42615167328099746,0.2975697989433178,0
BCO KDB BRASIL S.A. - PRUDENCIAL,2023-03-01,566353.0,10994.0,116479.0,0.4926,0.121,182.74,2.094210609200031,30.19,0.0,0,275393.0,2925.0,75484.0,0.8329000000000001,0.1798999999999999,175.72,24.72,13579.571599999992,0.45486781900596823,0.18102143030785942,0
BCO KDB BRASIL S.A. - PRUDENCIAL,2023-06-01,541542.0,37065.0,116479.0,0.5108,0.1432,184.28,0.760729877599986,32.02333333333333,0.0,0,425783.0,4884.0,75484.0,0.5897,0.179,177.81,25.546666666666667,13511.635999999999,0.49600330865349984,0.015987106084486766,0
BCO KDB BRASIL S.A. - PRUDENCIAL,2023-09-01,673734.0,89900.0,3026.0,0.4777,0.1372,184.44,0.6111867176000096,31.51333333333333,0.0,0,487655.0,5919.0,77783.0,0.5443,0.1547,179.54,27.44,12033.0301,0.5664359143691352,-0.2673243299233717,0
BCO KDB BRASIL S.A. - PRUDENCIAL,2023-12-01,600100.0,19301.0,196486.0,0.4588,0.1421,185.03,1.083587763199989,30.41333333333333,0.0,0,476460.0,11214.0,77783.0,0.5718,0.1597,180.33,29.036666666666665,12421.9451,0.5941195630343761,-0.381021957432387,0
BCO KDB BRASIL S.A. - PRUDENCIAL,2024-03-01,705326.0,4830.0,162401.0,0.4571,0.1616,186.65,1.415491577599992,29.896666666666665,0.0,0,566353.0,10994.0,116479.0,0.4926,0.121,182.74,30.19,14093.958999999999,0.6682143751247378,-0.7001199904464633,1
BCO KDB BRASIL S.A. - PRUDENCIAL,2024-06-01,544852.0,11172.0,162401.0,0.5711999999999999,0.1613,189.49,1.053515670799987,29.07333333333333,0.0,0,541542.0,37065.0,116479.0,0.5108,0.1432,184.28,32.02333333333333,16679.7928,0.6900996971478807,-0.8005854334004724,1
BCO KDB BRASIL S.A. - PRUDENCIAL,2024-09-01,666263.0,9370.0,112247.0,0.5335,0.1326,190.99,0.8015076655999875,28.473333333333333,0.0,0,673734.0,89900.0,3026.0,0.4777,0.1372,184.44,31.51333333333333,415.1672,0.6725806053545821,-0.7198800616894288,1
BCO MODAL S.A. - PRUDENCIAL,2017-03-01,1640896.0,166197.0,195845.0,0.1202999999999999,0.1232,164.34,0.9630321349999972,41.17333333333333,0.0224949542222847,0,1440814.0,35423.0,153392.0,0.1568999999999999,0.159,163.26,35.07,24389.328,0.5411468047744977,-0.16496027720389353,0
BCO MODAL S.A. - PRUDENCIAL,2017-06-01,1713945.0,194614.0,195845.0,0.1387,0.1211,165.65,0.2193980018000196,36.63666666666666,0.0175902046087032,0,1612783.0,279704.0,153392.0,0.1402999999999999,0.1427999999999999,163.72,38.303333333333335,21904.377599999985,0.6297081685766248,-0.5309650589842763,1
BCO MODAL S.A. - PRUDENCIAL,2017-09-01,1951554.0,200575.0,246657.0,0.1196,0.1089,166.12,0.5911447296000016,36.16333333333333,0.0173452291478095,0,1574195.0,187881.0,183254.0,0.139,0.1514,162.92,39.71333333333333,27744.655600000002,0.6388984226680884,-0.570586182099577,1
BCO MODAL S.A. - PRUDENCIAL,2017-12-01,1346457.0,111373.0,246657.0,0.1276,0.0902,167.13,1.144261174399985,33.526666666666664,0.0248471585803528,0,1611961.0,122017.0,183254.0,0.1449,0.1248,162.73,40.38,22870.0992,0.660968758469479,-0.6676143133583129,1
BCO MODAL S.A. - PRUDENCIAL,2018-03-01,1352191.0,45788.0,290633.0,0.1204,0.0666,167.98,0.7014778351999817,33.15,0.0011539943793368,0,1640896.0,166197.0,195845.0,0.1202999999999999,0.1232,164.34,41.17333333333333,24128.104,0.68949100782083,-0.7977407939585274,1
BCO MODAL S.A. - PRUDENCIAL,2018-06-01,1360782.0,38915.0,290633.0,0.128,0.089,167.89,1.8887030879999989,30.82333333333333,0.0322865579835645,0,1713945.0,194614.0,195845.0,0.1387,0.1211,165.65,36.63666666666666,23716.8295,0.6114995078164623,-0.45361971330186296,1
BCO MODAL S.A. - PRUDENCIAL,2018-09-01,1371932.0,38516.0,307655.0,0.1172,0.0873,169.35,0.7208535743999933,28.546666666666667,0.0309556508989858,0,1951554.0,200575.0,246657.0,0.1196,0.1089,166.12,36.16333333333333,26860.9473,0.592331474556652,-0.3736119946187802,0
BCO MODAL S.A. - PRUDENCIAL,2018-12-01,1257870.0,48598.0,307655.0,0.1128,0.0727,169.09,0.3894135824999978,28.71666666666667,0.0253323224443721,0,1346457.0,111373.0,246657.0,0.1276,0.0902,167.13,33.526666666666664,22248.4614,0.6363429792345813,-0.5595265204393222,1
BCO MODAL S.A. - PRUDENCIAL,2019-03-01,1235979.0,27935.0,347721.0,0.1096,0.0868,169.51,1.507011320000018,30.386666666666667,0.0004600186990348,0,1352191.0,45788.0,290633.0,0.1204,0.0666,167.98,33.15,19356.1578,0.6502855307856605,-0.6202945249901562,1
BCO MODAL S.A. - PRUDENCIAL,2019-06-01,1245804.0,5555.0,347721.0,0.1226999999999999,0.0602,170.58,0.710811074100004,30.69666666666667,0.002672623033078,0,1360782.0,38915.0,290633.0,0.128,0.089,167.89,30.82333333333333,25866.337,0.5843575280413448,-0.3406875524946987,0
BCO MODAL S.A. - PRUDENCIAL,2019-09-01,1174629.0,3855.0,385369.0,0.1172,0.0569,170.5,0.2600889164000142,30.59,0.0064414627121374,0,1371932.0,38516.0,307655.0,0.1172,0.0873,169.35,28.546666666666667,26858.2815,0.5526456025501612,-0.21136581653300734,0
BCO MODAL S.A. - PRUDENCIAL,2019-12-01,1020896.0,19400.0,385369.0,0.1317,0.0712,171.91,1.767530865000011,29.096666666666664,0.0341625367157587,0,1257870.0,48598.0,307655.0,0.1128,0.0727,169.09,28.71666666666667,22366.518500000002,0.5856274975810729,-0.34591858397820485,0
BCO MODAL S.A. - PRUDENCIAL,2020-03-01,1170323.0,6940.0,414875.0,0.1077999999999999,0.0464,168.09,0.5308473674999981,28.24,0.0360928232255046,0,1235979.0,27935.0,347721.0,0.1096,0.0868,169.51,30.386666666666667,30182.182800000002,0.6091024724815054,-0.443541069136665,1
BCO MODAL S.A. - PRUDENCIAL,2020-06-01,1039865.0,4176.0,414875.0,0.1215,0.0769,153.27,-0.4306129372000034,24.44333333333333,0.0545947345615202,0,1245804.0,5555.0,347721.0,0.1226999999999999,0.0602,170.58,30.69666666666667,20932.8042,0.6382973834964104,-0.5679819199645413,1
BCO MODAL S.A. - PRUDENCIAL,2020-09-01,997931.0,8413.0,438219.0,0.134,0.0621,165.34,1.2447095295999857,21.71666666666667,0.0752647350581472,0,1174629.0,3855.0,385369.0,0.1172,0.0569,170.5,30.59,21927.4961,0.6501122668769174,-0.6195327254392887,1
BCO MODAL S.A. - PRUDENCIAL,2020-12-01,1154463.0,7622.0,438219.0,0.1121,0.0441,171.47,3.131382328999988,20.72,0.0444251250836325,0,1020896.0,19400.0,385369.0,0.1317,0.0712,171.91,29.096666666666664,27438.2728,0.639521115653084,-0.5732862574310669,1
BCO MODAL S.A. - PRUDENCIAL,2021-03-01,1549968.0,33476.0,515691.0,0.1885,0.0796,173.12,2.052492994999988,22.403333333333336,0.0167573821683354,0,1170323.0,6940.0,414875.0,0.1077999999999999,0.0464,168.09,28.24,19250.199999999997,0.6068962022885803,-0.4342840816999865,1
BCO MODAL S.A. - PRUDENCIAL,2021-06-01,2035718.0,13665.0,515691.0,0.3703,0.1722,172.06,1.6786286369000036,21.46333333333333,0.0101190931714161,0,1039865.0,4176.0,414875.0,0.1215,0.0769,153.27,24.44333333333333,31903.887499999997,0.4365357857473712,0.2552334701303976,0
BCO MODAL S.A. - PRUDENCIAL,2021-09-01,3134359.0,166991.0,657197.0,0.2196999999999999,0.156,172.27,3.0196768831999954,21.08666666666667,0.006380322698002,0,997931.0,8413.0,438219.0,0.134,0.0621,165.34,21.71666666666667,27213.3999,0.47519652182392536,0.09929541679300587,0
BCO MODAL S.A. - PRUDENCIAL,2021-12-01,3416588.0,24899.0,657197.0,0.2018,0.1372,174.3,2.958021687500012,22.62,0.0100079557543803,0,1154463.0,7622.0,438219.0,0.1121,0.0441,171.47,20.72,19325.4579,0.489392347170137,0.04243697908819087,0
BCO MODAL S.A. - PRUDENCIAL,2022-03-01,3382437.0,75672.0,897850.0,0.1651,0.1174,175.72,3.2006523548000043,24.72,0.0142792084438345,0,1549968.0,33476.0,515691.0,0.1885,0.0796,173.12,22.403333333333336,41049.003600000004,0.44243283925539495,0.23129428672643568,0
BCO MODAL S.A. - PRUDENCIAL,2022-06-01,4053139.0,62053.0,897850.0,0.1492,0.1147,177.81,2.215266379399994,25.546666666666667,0.0130214930467756,0,2035718.0,13665.0,515691.0,0.3703,0.1722,172.06,21.46333333333333,88801.9902,0.26466564309248736,1.0218579981041966,0
BCO MODAL S.A. - PRUDENCIAL,2022-09-01,3964055.0,51631.0,1060004.0,0.136,0.0988,179.54,-1.3245430992000151,27.44,0.0128005720307569,0,3134359.0,166991.0,657197.0,0.2196999999999999,0.156,172.27,21.08666666666667,102522.732,0.19942850473679552,1.3898700419791084,0
BCO MODAL S.A. - PRUDENCIAL,2022-12-01,3590551.0,18790.0,1060004.0,0.1245,0.0915,180.33,1.6286339977999995,29.036666666666665,0.0179271405937354,0,3416588.0,24899.0,657197.0,0.2018,0.1372,174.3,22.62,90167.42839999999,0.19940919186241335,1.38999101133021,0
BCO MODAL S.A. - PRUDENCIAL,2023-03-01,3563322.0,24132.0,1155312.0,0.1056,0.0791999999999999,182.74,2.094210609200031,30.19,0.0125665501906178,0,3382437.0,75672.0,897850.0,0.1651,0.1174,175.72,24.72,105407.59000000001,0.2707290031437747,0.9909270687100645,0
BCO MODAL S.A. - PRUDENCIAL,2023-06-01,3361008.0,11925.0,1155312.0,0.0872,0.0756,184.28,0.760729877599986,32.02333333333333,0.0350412290837435,0,4053139.0,62053.0,897850.0,0.1492,0.1147,177.81,25.546666666666667,102983.39499999999,0.22322727973259127,1.2469573543359094,0
BCO SUMITOMO MITSUI BRASIL S.A. - PRUDENCIAL,2017-03-01,4779233.0,102474.0,336860.0,0.1510999999999999,0.0815,164.34,0.9630321349999972,41.17333333333333,0.0155614138006131,0,5901445.0,153276.0,266445.0,0.1209,0.0762,163.26,35.07,20303.109,0.13092357785893857,1.8928172862895876,0
BCO SUMITOMO MITSUI BRASIL S.A. - PRUDENCIAL,2017-06-01,4754432.0,83706.0,336860.0,0.1602,0.098,165.65,0.2193980018000196,36.63666666666666,0.0171042752018375,0,5429357.0,140022.0,266445.0,0.1383,0.0877,163.72,38.303333333333335,23367.2265,0.19314415480357874,1.4297081957672466,0
BCO SUMITOMO MITSUI BRASIL S.A. - PRUDENCIAL,2017-09-01,4786546.0,76013.0,320560.0,0.1528,0.0964,166.12,0.5911447296000016,36.16333333333333,0.0176689024509291,0,5068725.0,186090.0,290938.0,0.1484,0.0971,162.92,39.71333333333333,28250.079800000003,0.24064086158853384,1.149169217594304,0
BCO SUMITOMO MITSUI BRASIL S.A. - PRUDENCIAL,2017-12-01,4537114.0,55914.0,320560.0,0.1621,0.1064,167.13,1.144261174399985,33.526666666666664,0.0,0,5027473.0,113717.0,290938.0,0.1424,0.0871,162.73,40.38,25340.6998,0.2544092611521659,1.075232607651793,0
BCO SUMITOMO MITSUI BRASIL S.A. - PRUDENCIAL,2018-03-01,4189786.0,50166.0,336928.0,0.1737,0.0994999999999999,167.98,0.7014778351999817,33.15,0.0,0,4779233.0,102474.0,336860.0,0.1510999999999999,0.0815,164.34,41.17333333333333,27454.09,0.30705260841951415,0.8139349865910649,0
BCO SUMITOMO MITSUI BRASIL S.A. - PRUDENCIAL,2018-06-01,4291344.0,152705.0,336928.0,0.1732,0.0960999999999999,167.89,1.8887030879999989,30.82333333333333,0.0,0,4754432.0,83706.0,336860.0,0.1602,0.098,165.65,36.63666666666666,33012.28,0.2326863242392194,1.1932043837209005,0
BCO SUMITOMO MITSUI BRASIL S.A. - PRUDENCIAL,2018-09-01,4459413.0,9340.0,336905.0,0.1792,0.1101,169.35,0.7208535743999933,28.546666666666667,0.0,0,4786546.0,76013.0,320560.0,0.1528,0.0964,166.12,36.16333333333333,30901.984,0.2253292917836323,1.2348751952233938,0
BCO SUMITOMO MITSUI BRASIL S.A. - PRUDENCIAL,2018-12-01,3822820.0,67599.0,336905.0,0.2072,0.1135999999999999,169.09,0.3894135824999978,28.71666666666667,0.0,0,4537114.0,55914.0,320560.0,0.1621,0.1064,167.13,33.526666666666664,34107.583999999995,0.2098289664188964,1.3259566671070582,0
BCO SUMITOMO MITSUI BRASIL S.A. - PRUDENCIAL,2019-03-01,3690414.0,85395.0,340183.0,0.2132,0.1118,169.51,1.507011320000018,30.386666666666667,0.0,0,4189786.0,50166.0,336928.0,0.1737,0.0994999999999999,167.98,33.15,33524.33599999997,0.2464903683767649,1.117418881433052,0
BCO SUMITOMO MITSUI BRASIL S.A. - PRUDENCIAL,2019-06-01,3882152.0,267000.0,340183.0,0.3418,0.1687999999999999,170.58,0.710811074100004,30.69666666666667,0.0,0,4291344.0,152705.0,336928.0,0.1732,0.0960999999999999,167.89,30.82333333333333,32378.780799999964,0.21610404057280225,1.288516345822401,0
BCO SUMITOMO MITSUI BRASIL S.A. - PRUDENCIAL,2019-09-01,3074642.0,240480.0,338982.0,0.4088,0.1476,170.5,0.2600889164000142,30.59,0.0,0,4459413.0,9340.0,336905.0,0.1792,0.1101,169.35,28.546666666666667,37093.2405,0.16064245782384196,1.6534556319970408,0
BCO SUMITOMO MITSUI BRASIL S.A. - PRUDENCIAL,2019-12-01,3893765.0,29480.0,338982.0,0.389,0.1862,171.91,1.767530865000011,29.096666666666664,0.0,0,3822820.0,67599.0,336905.0,0.2072,0.1135999999999999,169.09,28.71666666666667,38272.40799999997,0.21649049047129798,1.2862365765337747,0
BCO SUMITOMO MITSUI BRASIL S.A. - PRUDENCIAL,2020-03-01,5203424.0,309295.0,336308.0,0.2853,0.1676,168.09,0.5308473674999981,28.24,0.0,0,3690414.0,85395.0,340183.0,0.2132,0.1118,169.51,30.386666666666667,38032.4594,0.2573373290906785,1.059854143424998,0
BCO SUMITOMO MITSUI BRASIL S.A. - PRUDENCIAL,2020-06-01,5064905.0,738283.0,336308.0,0.2759,0.1623,153.27,-0.4306129372000034,24.44333333333333,0.0,0,3882152.0,267000.0,340183.0,0.3418,0.1687999999999999,170.58,30.69666666666667,57422.89039999997,0.2129327944272166,1.3073370427254931,0
BCO SUMITOMO MITSUI BRASIL S.A. - PRUDENCIAL,2020-09-01,5322900.0,287823.0,336392.0,0.2933,0.1651,165.34,1.2447095295999857,21.71666666666667,0.0,0,3074642.0,240480.0,338982.0,0.4088,0.1476,170.5,30.59,50033.743200000004,0.30283646426121363,0.8338270735189175,0
BCO SUMITOMO MITSUI BRASIL S.A. - PRUDENCIAL,2020-12-01,5453441.0,220799.0,336392.0,0.2954,0.1623,171.47,3.131382328999988,20.72,0.0,0,3893765.0,29480.0,338982.0,0.389,0.1862,171.91,29.096666666666664,63118.4484,0.16519529581158332,1.6200694254506376,0
BCO SUMITOMO MITSUI BRASIL S.A. - PRUDENCIAL,2021-03-01,5874967.0,304595.0,371647.0,0.2764999999999999,0.2242,173.12,2.052492994999988,22.403333333333336,0.0,0,5203424.0,309295.0,336308.0,0.2853,0.1676,168.09,28.24,56365.2208,0.0959251488134708,2.243343969576028,0
BCO SUMITOMO MITSUI BRASIL S.A. - PRUDENCIAL,2021-06-01,6215040.0,261854.0,371647.0,0.2687,0.1725,172.06,1.6786286369000036,21.46333333333333,0.0,0,5064905.0,738283.0,336308.0,0.2759,0.1623,153.27,24.44333333333333,54582.7884,0.07167018681913541,2.56131221522827,0
BCO SUMITOMO MITSUI BRASIL S.A. - PRUDENCIAL,2021-09-01,7418347.0,243300.0,383746.0,0.2259,0.1603,172.27,3.0196768831999954,21.08666666666667,0.0,0,5322900.0,287823.0,336392.0,0.2933,0.1651,165.34,21.71666666666667,55538.3192,0.05303660301765049,2.8822781428385436,0
BCO SUMITOMO MITSUI BRASIL S.A. - PRUDENCIAL,2021-12-01,7058609.0,224586.0,383746.0,0.2465,0.177,174.3,2.958021687500012,22.62,0.0,0,5453441.0,220799.0,336392.0,0.2954,0.1623,171.47,20.72,54596.4216,0.05159319898423156,2.9113936641428735,0
BCO SUMITOMO MITSUI BRASIL S.A. - PRUDENCIAL,2022-03-01,7896771.0,191475.0,475263.0,0.2241,0.1764,175.72,3.2006523548000043,24.72,0.0,0,5874967.0,304595.0,371647.0,0.2764999999999999,0.2242,173.12,22.403333333333336,83323.2574,0.0415133865584671,3.139339653441859,0
BCO SUMITOMO MITSUI BRASIL S.A. - PRUDENCIAL,2022-06-01,9684571.0,199660.0,475263.0,0.1882,0.1482,177.81,2.215266379399994,25.546666666666667,0.0,0,6215040.0,261854.0,371647.0,0.2687,0.1725,172.06,21.46333333333333,64109.1075,0.03712251998743631,3.25570238320029,0
BCO SUMITOMO MITSUI BRASIL S.A. - PRUDENCIAL,2022-09-01,9257806.0,201948.0,591696.0,0.2016,0.1454,179.54,-1.3245430992000151,27.44,0.0,0,7418347.0,243300.0,383746.0,0.2259,0.1603,172.27,21.08666666666667,61514.4838,0.019970196773512954,3.893341981924825,0
BCO SUMITOMO MITSUI BRASIL S.A. - PRUDENCIAL,2022-12-01,8455765.0,211013.0,591696.0,0.2103,0.1534,180.33,1.6286339977999995,29.036666666666665,0.0,0,7058609.0,224586.0,383746.0,0.2465,0.177,174.3,22.62,67923.042,0.026420060340978244,3.6068563542649614,0
BCO SUMITOMO MITSUI BRASIL S.A. - PRUDENCIAL,2023-03-01,8544574.0,236257.0,607676.0,0.2159,0.1655,182.74,2.094210609200031,30.19,1.5377362226233445e-06,0,7896771.0,191475.0,475263.0,0.2241,0.1764,175.72,24.72,83836.3932,0.020943010371322606,3.844784896147884,0
BCO SUMITOMO MITSUI BRASIL S.A. - PRUDENCIAL,2023-06-01,8634136.0,164487.0,607676.0,0.2211,0.1712,184.28,0.760729877599986,32.02333333333333,0.0,0,9684571.0,199660.0,475263.0,0.1882,0.1482,177.81,25.546666666666667,70433.9766,0.009787242129441478,4.6168401130386325,0
BCO SUMITOMO MITSUI BRASIL S.A. - PRUDENCIAL,2023-09-01,6491074.0,197271.0,704633.0,0.2738,0.1681,184.44,0.6111867176000096,31.51333333333333,0.0,0,9257806.0,201948.0,591696.0,0.2016,0.1454,179.54,27.44,86032.5984,0.015652709881087207,4.141334714661365,0
BCO SUMITOMO MITSUI BRASIL S.A. - PRUDENCIAL,2023-12-01,6344399.0,247629.0,704633.0,0.2716,0.1642,185.03,1.083587763199989,30.41333333333333,0.0,0,8455765.0,211013.0,591696.0,0.2103,0.1534,180.33,29.036666666666665,90766.1664,0.0272744330274346,3.574152249932004,0
BCO SUMITOMO MITSUI BRASIL S.A. - PRUDENCIAL,2024-03-01,6210133.0,242163.0,797755.0,0.3001,0.1682999999999999,186.65,1.415491577599992,29.896666666666665,0.0,0,8544574.0,236257.0,607676.0,0.2159,0.1655,182.74,30.19,100570.37800000001,0.029319505738400697,3.4997443467252167,0
BCO SUMITOMO MITSUI BRASIL S.A. - PRUDENCIAL,2024-06-01,6711756.0,191254.0,797755.0,0.2869,0.1513,189.49,1.053515670799987,29.07333333333333,0.0,0,8634136.0,164487.0,607676.0,0.2211,0.1712,184.28,32.02333333333333,104034.13119999999,0.031337369290741726,3.4311050965903847,0
BCO SUMITOMO MITSUI BRASIL S.A. - PRUDENCIAL,2024-09-01,6456007.0,216993.0,888402.0,0.2954,0.1589,190.99,0.8015076655999875,28.473333333333333,0.0,0,6491074.0,197271.0,704633.0,0.2738,0.1681,184.44,31.51333333333333,118448.8073,0.09805044214055973,2.2190765340893903,0
BCO SUMITOMO MITSUI BRASIL S.A. - PRUDENCIAL,2024-12-01,7275258.0,303370.0,888402.0,0.2482,0.1373,191.11,1.47713535680003,27.96,0.0081612187916055,0,6344399.0,247629.0,704633.0,0.2716,0.1642,185.03,30.41333333333333,115700.73860000001,0.10267563384814421,2.1678425758456834,0
BCO SUMITOMO MITSUI BRASIL S.A. - PRUDENCIAL,2025-03-01,5996668.0,176942.0,1130290.0,0.2764999999999999,0.1678,193.61,2.040339737600028,29.313333333333333,0.0896546583499927,0,6210133.0,242163.0,797755.0,0.3001,0.1682999999999999,186.65,29.896666666666665,134262.1664999999,0.1108101298164302,2.082492595611103,0
BCO SUMITOMO MITSUI BRASIL S.A. - PRUDENCIAL,2025-06-01,5386154.0,185802.0,1130290.0,0.3096,0.1809,194.33,0.9327766831999762,31.666666666666668,0.1124522374891117,0,6711756.0,191254.0,797755.0,0.2869,0.1513,189.49,29.07333333333333,120700.33149999999,0.08840796854662236,2.3332304486564825,0
BCO SUMITOMO MITSUI BRASIL S.A. - PRUDENCIAL,2025-09-01,5194578.0,168682.0,1114351.0,0.3016,0.1828,,0.6304326271999727,31.94666666666667,0.17482166599585,1,6456007.0,216993.0,888402.0,0.2954,0.1589,190.99,28.473333333333333,141167.0778,0.10216913826558915,2.173352042463432,0
BCO TOYOTA DO BRASIL S.A. - PRUDENCIAL,2022-09-01,6962040.0,0.0,287796.0,0.1389,0.098,179.54,-1.3245430992000151,27.44,0.0139398180769821,0,5732452.0,0.0,330443.0,0.2026,0.1426,172.27,21.08666666666667,47121.171800000004,0.04678160992650928,3.0143538627184436,0
BCO TOYOTA DO BRASIL S.A. - PRUDENCIAL,2022-12-01,7431527.0,0.0,287796.0,0.1335,0.0959,180.33,1.6286339977999995,29.036666666666665,0.0158759490359518,0,6087746.0,0.0,330443.0,0.1925,0.1368,174.3,22.62,45204.6024,0.04648604405082464,3.021001921980273,0
BCO TOYOTA DO BRASIL S.A. - PRUDENCIAL,2023-03-01,7397839.0,0.0,346140.0,0.1272,0.0944,182.74,2.094210609200031,30.19,0.0153757348555157,0,6484582.0,0.0,117376.0,0.1901,0.135,175.72,24.72,15845.76,0.0423177900726427,3.1193084338981487,0
BCO TOYOTA DO BRASIL S.A. - PRUDENCIAL,2023-06-01,7593703.0,0.0,346140.0,0.1107,0.079,184.28,0.760729877599986,32.02333333333333,0.0163777352372427,0,6807725.0,0.0,117376.0,0.158,0.113,177.81,25.546666666666667,13263.488000000001,0.044067247917746466,3.0769707387425838,0
BCO TOYOTA DO BRASIL S.A. - PRUDENCIAL,2023-09-01,8370252.0,0.0,615171.0,0.1283,0.0858,184.44,0.6111867176000096,31.51333333333333,0.0164425267537123,0,6962040.0,0.0,287796.0,0.1389,0.098,179.54,27.44,28204.008,0.05441573786296035,2.8551495923884946,0
BCO TOYOTA DO BRASIL S.A. - PRUDENCIAL,2023-12-01,8795115.0,0.0,615171.0,0.1298,0.0895,185.03,1.083587763199989,30.41333333333333,0.0177553324262474,0,7431527.0,0.0,287796.0,0.1335,0.0959,180.33,29.036666666666665,27599.6364,0.04893318211985667,2.9671285835206014,0
BCO TOYOTA DO BRASIL S.A. - PRUDENCIAL,2024-03-01,8792217.0,0.0,609047.0,0.1379,0.0935999999999999,186.65,1.415491577599992,29.896666666666665,0.0195234825615208,0,7397839.0,0.0,346140.0,0.1272,0.0944,182.74,30.19,32675.615999999998,0.058577770592901215,2.7770364587346585,0
BCO TOYOTA DO BRASIL S.A. - PRUDENCIAL,2024-06-01,8517025.0,0.0,609047.0,0.1475,0.0960999999999999,189.49,1.053515670799987,29.07333333333333,0.0191427843256656,0,7593703.0,0.0,346140.0,0.1107,0.079,184.28,32.02333333333333,27345.06,0.06639243562212663,2.6434730547829046,0
BCO TOYOTA DO BRASIL S.A. - PRUDENCIAL,2024-09-01,8584146.0,0.0,497968.0,0.1556,0.0972,190.99,0.8015076655999875,28.473333333333333,0.0183007441142547,0,8370252.0,0.0,615171.0,0.1283,0.0858,184.44,31.51333333333333,52781.671800000004,0.0438465115387101,3.0822232918183547,0
BCO TOYOTA DO BRASIL S.A. - PRUDENCIAL,2024-12-01,8779263.0,0.0,497968.0,0.155,0.1018,191.11,1.47713535680003,27.96,0.0163764460065502,0,8795115.0,0.0,615171.0,0.1298,0.0895,185.03,30.41333333333333,55057.8045,0.03217037843217002,3.4040099564177484,0
BCO TOYOTA DO BRASIL S.A. - PRUDENCIAL,2025-03-01,8704593.0,0.0,707225.0,0.1571,0.1061,193.61,2.040339737600028,29.313333333333333,0.0118364286723575,0,8792217.0,0.0,609047.0,0.1379,0.0935999999999999,186.65,29.896666666666665,57006.79919999994,0.03160812555471634,3.422222609085016,0
BCO TOYOTA DO BRASIL S.A. - PRUDENCIAL,2025-06-01,8662243.0,0.0,707225.0,0.1417,0.0925,194.33,0.9327766831999762,31.666666666666668,0.0110206252402557,0,8517025.0,0.0,609047.0,0.1475,0.0960999999999999,189.49,29.07333333333333,58529.416699999936,0.036413810408160774,3.2757138291415853,0
BCO TOYOTA DO BRASIL S.A. - PRUDENCIAL,2025-09-01,8880791.0,0.0,694797.0,0.1467,0.0993999999999999,,0.6304326271999727,31.94666666666667,0.0102436998817919,0,8584146.0,0.0,497968.0,0.1556,0.0972,190.99,28.473333333333333,48402.4896,0.033482174306690766,3.3626865551719964,0
BCO TRIANGULO S.A. - PRUDENCIAL,2017-03-01,1670462.0,0.0,835518.0,0.1685,0.1857,164.34,0.9630321349999972,41.17333333333333,0.0877692680350941,0,1655974.0,0.0,732698.0,0.166,0.1616,163.26,35.07,118403.9968,0.5636494455719553,-0.25598656340953213,0
BCO TRIANGULO S.A. - PRUDENCIAL,2017-06-01,1591058.0,0.0,835518.0,0.1783,0.1967,165.65,0.2193980018000196,36.63666666666666,0.0902812203188775,0,1697124.0,0.0,732698.0,0.1657,0.1784,163.72,38.303333333333335,130713.3232,0.60909800664448,-0.44352231277080784,1
BCO TRIANGULO S.A. - PRUDENCIAL,2017-09-01,1629740.0,0.0,872927.0,0.1755,0.1923,166.12,0.5911447296000016,36.16333333333333,0.0929477432481562,0,1711431.0,0.0,763705.0,0.1664999999999999,0.17,162.92,39.71333333333333,129829.85,0.6368949879487285,-0.5619127057970205,1
BCO TRIANGULO S.A. - PRUDENCIAL,2017-12-01,1836760.0,0.0,872927.0,0.1636,0.1835999999999999,167.13,1.144261174399985,33.526666666666664,0.0834103442003766,0,1762283.0,0.0,763705.0,0.1661,0.1841,162.73,40.38,140598.09050000002,0.6319398783423802,-0.5405479612505382,1
BCO TRIANGULO S.A. - PRUDENCIAL,2018-03-01,1825209.0,0.0,969846.0,0.153,0.1636,167.98,0.7014778351999817,33.15,0.0842201178767275,0,1670462.0,0.0,835518.0,0.1685,0.1857,164.34,41.17333333333333,155155.6926,0.6726316931365769,-0.7201120604672239,1
BCO TRIANGULO S.A. - PRUDENCIAL,2018-06-01,1782512.0,0.0,969846.0,0.1293,0.1353,167.89,1.8887030879999989,30.82333333333333,0.0926557650837807,0,1591058.0,0.0,835518.0,0.1783,0.1967,165.65,36.63666666666666,164346.3906,0.6020493028530844,-0.41401121903527016,1
BCO TRIANGULO S.A. - PRUDENCIAL,2018-09-01,1696672.0,0.0,987681.0,0.1367,0.1389,169.35,0.7208535743999933,28.546666666666667,0.0896042462328321,0,1629740.0,0.0,872927.0,0.1755,0.1923,166.12,36.16333333333333,167863.8621,0.5984006814549102,-0.39880569367938107,0
BCO TRIANGULO S.A. - PRUDENCIAL,2018-12-01,2145947.0,0.0,987681.0,0.1202,0.1027,169.09,0.3894135824999978,28.71666666666667,0.0876132023027138,0,1836760.0,0.0,872927.0,0.1636,0.1835999999999999,167.13,33.526666666666664,160269.39719999992,0.533197173405274,-0.1329843312331774,0
BCO TRIANGULO S.A. - PRUDENCIAL,2019-03-01,2137137.0,0.0,441948.0,0.1455,0.1039,169.51,1.507011320000018,30.386666666666667,0.0853653970364211,0,1825209.0,0.0,969846.0,0.153,0.1636,167.98,33.15,158666.8056,0.5571087148018417,-0.2294360657790158,0
BCO TRIANGULO S.A. - PRUDENCIAL,2019-06-01,2226719.0,0.0,441948.0,0.1365,0.0975999999999999,170.58,0.710811074100004,30.69666666666667,0.0924921876978459,0,1782512.0,0.0,969846.0,0.1293,0.1353,167.89,30.82333333333333,131220.1638,0.5379308224026119,-0.1520153538512587,0
BCO TRIANGULO S.A. - PRUDENCIAL,2019-09-01,2276134.0,0.0,491672.0,0.1285,0.0935,170.5,0.2600889164000142,30.59,0.1079796580426303,0,1696672.0,0.0,987681.0,0.1367,0.1389,169.35,28.546666666666667,137188.8909,0.5137309836379359,-0.05493774773549373,0
BCO TRIANGULO S.A. - PRUDENCIAL,2019-12-01,2395975.0,0.0,491672.0,0.1209,0.0931,171.91,1.767530865000011,29.096666666666664,0.1029449677746649,0,2145947.0,0.0,987681.0,0.1202,0.1027,169.09,28.71666666666667,101434.8387,0.47527828853785586,0.09896754575271467,0
BCO TRIANGULO S.A. - PRUDENCIAL,2020-03-01,2425407.0,0.0,546317.0,0.1181,0.0924,168.09,0.5308473674999981,28.24,0.0955834475352651,0,2137137.0,0.0,441948.0,0.1455,0.1039,169.51,30.386666666666667,45918.3972,0.4666140790745044,0.13374268373370304,0
BCO TRIANGULO S.A. - PRUDENCIAL,2020-06-01,2384231.0,0.0,546317.0,0.1159,0.0788,153.27,-0.4306129372000034,24.44333333333333,0.099055596154191,0,2226719.0,0.0,441948.0,0.1365,0.0975999999999999,170.58,30.69666666666667,43134.124799999954,0.4730791490545853,0.10778764084584577,0
BCO TRIANGULO S.A. - PRUDENCIAL,2020-09-01,2678859.0,0.0,587552.0,0.1122,0.0755,165.34,1.2447095295999857,21.71666666666667,0.0860427695042208,0,2276134.0,0.0,491672.0,0.1285,0.0935,170.5,30.59,45971.332,0.47168825263116404,0.11336825462497482,0
BCO TRIANGULO S.A. - PRUDENCIAL,2020-12-01,2796068.0,0.0,587552.0,0.1106,0.0817,171.47,3.131382328999988,20.72,0.0674361719501516,0,2395975.0,0.0,491672.0,0.1209,0.0931,171.91,29.096666666666664,45774.6632,0.43631026999523503,0.2561503575056266,0
BCO TRIANGULO S.A. - PRUDENCIAL,2021-03-01,2898189.0,0.0,625582.0,0.1106,0.0837,173.12,2.052492994999988,22.403333333333336,0.0610785316417728,0,2425407.0,0.0,546317.0,0.1181,0.0924,168.09,28.24,50479.6908,0.39869583877907705,0.4109020812015676,0
BCO TRIANGULO S.A. - PRUDENCIAL,2021-06-01,3125799.0,0.0,625582.0,0.1094,0.0843,172.06,1.6786286369000036,21.46333333333333,0.0698157601074659,0,2384231.0,0.0,546317.0,0.1159,0.0788,153.27,24.44333333333333,43049.779599999994,0.2716103688789671,0.9864675407682642,0
BCO TRIANGULO S.A. - PRUDENCIAL,2021-09-01,3257340.0,0.0,705915.0,0.1284,0.0967,172.27,3.0196768831999954,21.08666666666667,0.064572000247196,0,2678859.0,0.0,587552.0,0.1122,0.0755,165.34,21.71666666666667,44360.176,0.2590721996571115,1.0507963992420348,0
BCO TRIANGULO S.A. - PRUDENCIAL,2021-12-01,3089885.0,0.0,705915.0,0.1344999999999999,0.0960999999999999,174.3,2.958021687500012,22.62,0.0852104158098513,0,2796068.0,0.0,587552.0,0.1106,0.0817,171.47,20.72,48002.9984,0.2561984154833251,1.065822107165486,0
BCO TRIANGULO S.A. - PRUDENCIAL,2022-03-01,2948227.0,0.0,751607.0,0.1292,0.0892,175.72,3.2006523548000043,24.72,0.0819114357453693,0,2898189.0,0.0,625582.0,0.1106,0.0837,173.12,22.403333333333336,52361.2134,0.2785251085317116,0.9517893656759633,0
BCO TRIANGULO S.A. - PRUDENCIAL,2022-06-01,2744289.0,0.0,751607.0,0.1323,0.0919,177.81,2.215266379399994,25.546666666666667,0.0970074607942718,0,3125799.0,0.0,625582.0,0.1094,0.0843,172.06,21.46333333333333,52736.5626,0.2353278733736443,1.1784674018458103,0
BCO TRIANGULO S.A. - PRUDENCIAL,2022-09-01,2513658.0,0.0,737224.0,0.1275,0.0846,179.54,-1.3245430992000151,27.44,0.1194945452845306,0,3257340.0,0.0,705915.0,0.1284,0.0967,172.27,21.08666666666667,68261.98049999999,0.21369439727415213,1.3027985802638669,0
BCO TRIANGULO S.A. - PRUDENCIAL,2022-12-01,2309153.0,0.0,737224.0,0.1238,0.08,180.33,1.6286339977999995,29.036666666666665,0.1425094997597373,0,3089885.0,0.0,705915.0,0.1344999999999999,0.0960999999999999,174.3,22.62,67838.43149999992,0.260357355042817,1.0441120276672968,0
BCO TRIANGULO S.A. - PRUDENCIAL,2023-03-01,2220316.0,0.0,688242.0,0.1163,0.0748,182.74,2.094210609200031,30.19,0.1499308614195018,0,2948227.0,0.0,751607.0,0.1292,0.0892,175.72,24.72,67043.3444,0.32422186813399473,0.7344367553902633,0
BCO TRIANGULO S.A. - PRUDENCIAL,2023-06-01,1963943.0,0.0,688242.0,0.123,0.0709,184.28,0.760729877599986,32.02333333333333,0.1479902039881393,0,2744289.0,0.0,751607.0,0.1323,0.0919,177.81,25.546666666666667,69072.68329999999,0.37385293116467155,0.5157227900103558,0
BCO TRIANGULO S.A. - PRUDENCIAL,2023-09-01,1992343.0,0.0,660063.0,0.1085999999999999,0.0616,184.44,0.6111867176000096,31.51333333333333,0.1475420533105971,0,2513658.0,0.0,737224.0,0.1275,0.0846,179.54,27.44,62369.1504,0.4551511563621467,0.1798788296888689,0
BCO TRIANGULO S.A. - PRUDENCIAL,2023-12-01,2053918.0,0.0,660063.0,0.1027,0.06,185.03,1.083587763199989,30.41333333333333,0.1347490731348379,0,2309153.0,0.0,737224.0,0.1238,0.08,180.33,29.036666666666665,58977.92,0.5228908874804146,-0.09162760179477197,0
BCO TRIANGULO S.A. - PRUDENCIAL,2024-03-01,2035450.0,0.0,612524.0,0.1077999999999999,0.0616,186.65,1.415491577599992,29.896666666666665,0.1397280864293949,0,2220316.0,0.0,688242.0,0.1163,0.0748,182.74,30.19,51480.5016,0.5732714761524703,-0.29521134914777897,0
BCO TRIANGULO S.A. - PRUDENCIAL,2024-06-01,1957703.0,0.0,612524.0,0.1133,0.061,189.49,1.053515670799987,29.07333333333333,0.1355688600122754,0,1963943.0,0.0,688242.0,0.123,0.0709,184.28,32.02333333333333,48796.357800000005,0.651299007205319,-0.6247540401277956,1
BCO TRIANGULO S.A. - PRUDENCIAL,2024-09-01,1971349.0,0.0,560830.0,0.1177,0.0641,190.99,0.8015076655999875,28.473333333333333,0.1239206353886889,0,1992343.0,0.0,660063.0,0.1085999999999999,0.0616,184.44,31.51333333333333,40659.8808,0.6464061988220613,-0.6032792966354975,1
BCO TRIANGULO S.A. - PRUDENCIAL,2024-12-01,2007757.0,0.0,560830.0,0.1106,0.0583,191.11,1.47713535680003,27.96,0.1237731494884051,0,2053918.0,0.0,660063.0,0.1027,0.06,185.03,30.41333333333333,39603.78,0.6239718962292995,-0.5064414443274657,1
BD REGIONAL DO EXTREMO SUL - PRUDENCIAL,2017-03-01,14082859.0,58410.0,1031108.0,0.1512,0.1299,164.34,0.9630321349999972,41.17333333333333,0.0326415286115889,0,13212345.0,18478.0,914998.0,0.1693,0.1146,163.26,35.07,104858.7708,0.0023578783554308686,6.047632403797569,0
BD REGIONAL DO EXTREMO SUL - PRUDENCIAL,2017-06-01,14596942.0,59468.0,1031108.0,0.1465,0.1267,165.65,0.2193980018000196,36.63666666666666,0.0340775408783439,0,14121619.0,18220.0,914998.0,0.1484,0.1042,163.72,38.303333333333335,95342.7916,0.001900255208684449,6.263865018585736,0
BD REGIONAL DO EXTREMO SUL - PRUDENCIAL,2017-09-01,14296714.0,62217.0,1103815.0,0.1510999999999999,0.131,166.12,0.5911447296000016,36.16333333333333,0.0473542283042791,0,13973707.0,15715.0,1012895.0,0.1485,0.1284,162.92,39.71333333333333,130055.71799999998,0.002197440020624216,6.118262365311875,0
BD REGIONAL DO EXTREMO SUL - PRUDENCIAL,2017-12-01,14376367.0,15801.0,1103815.0,0.15,0.1283,167.13,1.144261174399985,33.526666666666664,0.0430599509937797,0,14187803.0,30049.0,1012895.0,0.148,0.1264,162.73,40.38,128029.92800000001,0.0020661939763332673,6.179978691489165,0
BD REGIONAL DO EXTREMO SUL - PRUDENCIAL,2018-03-01,14438907.0,12445.0,1211705.0,0.1601,0.1406,167.98,0.7014778351999817,33.15,0.0383860846183824,0,14082859.0,58410.0,1031108.0,0.1512,0.1299,164.34,41.17333333333333,133940.92919999998,0.002448033162609765,6.010019333211312,0
BD REGIONAL DO EXTREMO SUL - PRUDENCIAL,2018-06-01,14120638.0,9224.0,1211705.0,0.1675,0.1444,167.89,1.8887030879999989,30.82333333333333,0.0416856533046378,0,14596942.0,59468.0,1031108.0,0.1465,0.1267,165.65,36.63666666666666,130641.3836,0.001350829381277703,6.605684776195873,0
BD REGIONAL DO EXTREMO SUL - PRUDENCIAL,2018-09-01,13790472.0,7383.0,1217850.0,0.1757,0.1503,169.35,0.7208535743999933,28.546666666666667,0.0330518939545339,0,14296714.0,62217.0,1103815.0,0.1510999999999999,0.131,166.12,36.16333333333333,144599.765,0.0015837809794365064,6.446355229321739,0
BD REGIONAL DO EXTREMO SUL - PRUDENCIAL,2018-12-01,14035102.0,3952.0,1217850.0,0.175,0.1464,169.09,0.3894135824999978,28.71666666666667,0.0301380690938994,0,14376367.0,15801.0,1103815.0,0.15,0.1283,167.13,33.526666666666664,141619.4645,0.0012451200864703222,6.687277402928299,0
BD REGIONAL DO EXTREMO SUL - PRUDENCIAL,2019-03-01,13954551.0,6988.0,1300525.0,0.1785999999999999,0.1775,169.51,1.507011320000018,30.386666666666667,0.0204570783802774,0,14438907.0,12445.0,1211705.0,0.1601,0.1406,167.98,33.15,170365.723,0.0012020189914021269,6.7225499012630126,0
BD REGIONAL DO EXTREMO SUL - PRUDENCIAL,2019-06-01,14337834.0,2528.0,1300525.0,0.1771,0.1838,170.58,0.710811074100004,30.69666666666667,0.0187215253988515,0,14120638.0,9224.0,1211705.0,0.1675,0.1444,167.89,30.82333333333333,174970.202,0.0011855262157903245,6.736382309596405,0
BD REGIONAL DO EXTREMO SUL - PRUDENCIAL,2019-09-01,14292146.0,9014.0,1255538.0,0.1819,0.1911,170.5,0.2600889164000142,30.59,0.0187342748509442,0,13790472.0,7383.0,1217850.0,0.1757,0.1503,169.35,28.546666666666667,183042.85499999998,0.0012248408146872374,6.703718799178252,0
BD REGIONAL DO EXTREMO SUL - PRUDENCIAL,2019-12-01,14489617.0,12327.0,1255538.0,0.1822,0.1912,171.91,1.767530865000011,29.096666666666664,0.019440689795459,0,14035102.0,3952.0,1217850.0,0.175,0.1464,169.09,28.71666666666667,178293.24,0.001080714266221766,6.829051800274977,0
BD REGIONAL DO EXTREMO SUL - PRUDENCIAL,2020-03-01,14441637.0,22288.0,1263147.0,0.1858,0.1649,168.09,0.5308473674999981,28.24,0.0211260072825839,0,13954551.0,6988.0,1300525.0,0.1785999999999999,0.1775,169.51,30.386666666666667,230843.1875,0.0012752303721050807,6.663352388618996,0
BD REGIONAL DO EXTREMO SUL - PRUDENCIAL,2020-06-01,14707894.0,0.0,1263147.0,0.185,0.1664,153.27,-0.4306129372000034,24.44333333333333,0.0243485508771567,0,14337834.0,2528.0,1300525.0,0.1771,0.1838,170.58,30.69666666666667,239036.495,0.0010675044037671993,6.841363613068843,0
BD REGIONAL DO EXTREMO SUL - PRUDENCIAL,2020-09-01,15085698.0,0.0,1209732.0,0.1842,0.1705999999999999,165.34,1.2447095295999857,21.71666666666667,0.0259619625537826,0,14292146.0,9014.0,1255538.0,0.1819,0.1911,170.5,30.59,239933.3118,0.0010491641071226985,6.858711805549031,0
BD REGIONAL DO EXTREMO SUL - PRUDENCIAL,2020-12-01,15346927.0,0.0,1209732.0,0.1862,0.1694,171.47,3.131382328999988,20.72,0.0220546329889803,0,14489617.0,12327.0,1255538.0,0.1822,0.1912,171.91,29.096666666666664,240058.86560000002,0.0008672903749333419,7.049269051482963,0
BD REGIONAL DO EXTREMO SUL - PRUDENCIAL,2021-03-01,14980667.0,0.0,1197025.0,0.1956,0.1776,173.12,2.052492994999988,22.403333333333336,0.0209050119703634,0,14441637.0,22288.0,1263147.0,0.1858,0.1649,168.09,28.24,208292.9403,0.0008017448785221534,7.12791804093749,0
BD REGIONAL DO EXTREMO SUL - PRUDENCIAL,2021-06-01,14211815.0,101901.0,1197025.0,0.2071,0.1835999999999999,172.06,1.6786286369000036,21.46333333333333,0.0219995508837837,0,14707894.0,0.0,1263147.0,0.185,0.1664,153.27,24.44333333333333,210187.66079999998,0.000357437100983563,7.936193651717603,0
BD REGIONAL DO EXTREMO SUL - PRUDENCIAL,2021-09-01,14313514.0,109725.0,1173002.0,0.2096,0.1822,172.27,3.0196768831999954,21.08666666666667,0.0214446339091854,0,15085698.0,0.0,1209732.0,0.1842,0.1705999999999999,165.34,21.71666666666667,206380.27919999987,0.0003033923697042832,8.100180202357368,0
BD REGIONAL DO EXTREMO SUL - PRUDENCIAL,2021-12-01,15938002.0,102727.0,1173002.0,0.1963,0.1795,174.3,2.958021687500012,22.62,0.0204079244667392,0,15346927.0,0.0,1209732.0,0.1862,0.1694,171.47,20.72,204928.6008,0.0002811826736214144,8.176224793668814,0
BD REGIONAL DO EXTREMO SUL - PRUDENCIAL,2022-03-01,15949344.0,80852.0,1194260.0,0.2011,0.186,175.72,3.2006523548000043,24.72,0.0199560898447143,0,14980667.0,0.0,1197025.0,0.1956,0.1776,173.12,22.403333333333336,212591.64,0.0003985116381609262,7.827375264274705,0
BD REGIONAL DO EXTREMO SUL - PRUDENCIAL,2022-06-01,16446242.0,77680.0,1194260.0,0.2036,0.1818,177.81,2.215266379399994,25.546666666666667,0.0175230877415492,0,14211815.0,101901.0,1197025.0,0.2071,0.1835999999999999,172.06,21.46333333333333,219773.7899999999,0.000577629392517387,7.456000288173439,0
BD REGIONAL DO EXTREMO SUL - PRUDENCIAL,2022-09-01,16864259.0,81228.0,1220712.0,0.2045,0.1826,179.54,-1.3245430992000151,27.44,0.0194872875339473,0,14313514.0,109725.0,1173002.0,0.2096,0.1822,172.27,21.08666666666667,213720.9644,0.0005294501876943291,7.543141881283861,0
BD REGIONAL DO EXTREMO SUL - PRUDENCIAL,2022-12-01,17654898.0,75840.0,1220712.0,0.2017,0.1784,180.33,1.6286339977999995,29.036666666666665,0.0174364358956699,0,15938002.0,102727.0,1173002.0,0.1963,0.1795,174.3,22.62,210553.859,0.0002527329488732265,8.282924399968651,0
BD REGIONAL DO EXTREMO SUL - PRUDENCIAL,2023-03-01,18085254.0,52184.0,1325463.0,0.2025,0.1828999999999999,182.74,2.094210609200031,30.19,0.0144797933743172,0,15949344.0,80852.0,1194260.0,0.2011,0.186,175.72,24.72,222132.36,0.00030027856393500147,8.110499644134105,0
BD REGIONAL DO EXTREMO SUL - PRUDENCIAL,2023-06-01,18330245.0,45134.0,1325463.0,0.205,0.1846999999999999,184.28,0.760729877599986,32.02333333333333,0.0115532103041219,0,16446242.0,77680.0,1194260.0,0.2036,0.1818,177.81,25.546666666666667,217116.468,0.00025544478542022285,8.272248798387823,0
BD REGIONAL DO EXTREMO SUL - PRUDENCIAL,2023-09-01,22950466.0,57241.0,1465033.0,0.1661,0.1780999999999999,184.44,0.6111867176000096,31.51333333333333,0.0173642378921611,0,16864259.0,81228.0,1220712.0,0.2045,0.1826,179.54,27.44,222902.0112,0.0002462930591266176,8.308742110506548,0
BD REGIONAL DO EXTREMO SUL - PRUDENCIAL,2023-12-01,17679403.0,12423.0,1465033.0,0.2123,0.1694999999999999,185.03,1.083587763199989,30.41333333333333,0.0188795560857443,0,17654898.0,75840.0,1220712.0,0.2017,0.1784,180.33,29.036666666666665,217775.0208,0.00018290141202004483,8.606380364381545,0
BD REGIONAL DO EXTREMO SUL - PRUDENCIAL,2024-03-01,17968809.0,25485.0,1614729.0,0.2110999999999999,0.1687999999999999,186.65,1.415491577599992,29.896666666666665,0.0220780455880752,0,18085254.0,52184.0,1325463.0,0.2025,0.1828999999999999,182.74,30.19,242427.18269999986,0.00017096301477110312,8.673892335212903,0
BD REGIONAL DO EXTREMO SUL - PRUDENCIAL,2024-06-01,18697865.0,26690.0,1614729.0,0.2157,0.1691,189.49,1.053515670799987,29.07333333333333,0.0197070373930197,0,18330245.0,45134.0,1325463.0,0.205,0.1846999999999999,184.28,32.02333333333333,244813.01609999986,0.0001764453554707321,8.642322869435754,0
BD REGIONAL DO EXTREMO SUL - PRUDENCIAL,2024-09-01,19189647.0,14913.0,1865520.0,0.2137,0.1682999999999999,190.99,0.8015076655999875,28.473333333333333,0.0208150448222038,0,22950466.0,57241.0,1465033.0,0.1661,0.1780999999999999,184.44,31.51333333333333,260922.37729999985,1.400429219581194e-05,11.176132685631327,0
BD REGIONAL DO EXTREMO SUL - PRUDENCIAL,2024-12-01,20219904.0,3350055.0,1865520.0,0.1751,0.1583999999999999,191.11,1.47713535680003,27.96,0.0250823161681976,0,17679403.0,12423.0,1465033.0,0.2123,0.1694999999999999,185.03,30.41333333333333,248323.09349999984,0.00024420918474370363,8.317241146523251,0
BD REGIONAL DO EXTREMO SUL - PRUDENCIAL,2025-03-01,20633931.0,3017468.0,1402578.0,0.1798999999999999,0.1568,193.61,2.040339737600028,29.313333333333333,0.0290148830320018,0,17968809.0,25485.0,1614729.0,0.2110999999999999,0.1687999999999999,186.65,29.896666666666665,272566.25519999984,0.00022332361228570162,8.406665313820957,0
BD REGIONAL DO EXTREMO SUL - PRUDENCIAL,2025-06-01,21868754.0,2978837.0,1402578.0,0.1984,0.1723,194.33,0.9327766831999762,31.666666666666668,0.0223357546613044,0,18697865.0,26690.0,1614729.0,0.2157,0.1691,189.49,29.07333333333333,273050.6739,0.0001485444976908131,8.814477441425854,0
BD REGIONAL DO EXTREMO SUL - PRUDENCIAL,2025-09-01,21893178.0,2657716.0,1239388.0,0.2084,0.1748999999999999,,0.6304326271999727,31.94666666666667,0.0253549141301038,0,19189647.0,14913.0,1865520.0,0.2137,0.1682999999999999,190.99,28.473333333333333,313967.0159999998,0.00012396571054892506,8.995381585136437,0
BMG - PRUDENCIAL,2017-03-01,8146514.0,11351.0,69901.0,0.1155,0.0663,164.34,0.9630321349999972,41.17333333333333,0.0675230847748846,0,9538223.0,59464.0,38424.0,0.088,0.0572,163.26,35.07,2197.8528,0.01907796630997654,3.939958907336211,0
BMG - PRUDENCIAL,2017-06-01,8250986.0,13703.0,69901.0,0.125,0.0724,165.65,0.2193980018000196,36.63666666666666,0.0764391060842011,0,9223667.0,62036.0,38424.0,0.0675,0.0429,163.72,38.303333333333335,1648.3896,0.03142297987328101,3.428288536612142,0
BMG - PRUDENCIAL,2017-09-01,8741445.0,27786.0,616461.0,0.1206,0.0735,166.12,0.5911447296000016,36.16333333333333,0.0769460996446557,0,9449731.0,34592.0,29609.0,0.0795,0.0501,162.92,39.71333333333333,1483.4108999999999,0.028725604341797953,3.5208201568717117,0
BMG - PRUDENCIAL,2017-12-01,8741178.0,6507.0,616461.0,0.1336,0.0810999999999999,167.13,1.144261174399985,33.526666666666664,0.0759686146713242,0,8991796.0,11878.0,29609.0,0.1344999999999999,0.0828,162.73,40.38,2451.6252,0.03217990773937527,3.4037039404614635,0
BMG - PRUDENCIAL,2018-03-01,8528815.0,15832.0,653577.0,0.1176,0.0713999999999999,167.98,0.7014778351999817,33.15,0.0700304739328392,0,8146514.0,11351.0,69901.0,0.1155,0.0663,164.34,41.17333333333333,4634.4363,0.060841623416290874,2.7367099798446577,0
BMG - PRUDENCIAL,2018-06-01,8556407.0,32030.0,653577.0,0.1389,0.0843999999999999,167.89,1.8887030879999989,30.82333333333333,0.0722594864729756,0,8250986.0,13703.0,69901.0,0.125,0.0724,165.65,36.63666666666666,5060.8324,0.04138871610000524,3.142477372279732,0
BMG - PRUDENCIAL,2018-09-01,10079075.0,11748.0,659321.0,0.1309,0.0883,169.35,0.7208535743999933,28.546666666666667,0.0672093307075206,0,8741445.0,27786.0,616461.0,0.1206,0.0735,166.12,36.16333333333333,45309.883499999996,0.03507796740534085,3.314474078809476,0
BMG - PRUDENCIAL,2018-12-01,10413672.0,657.0,659321.0,0.1235,0.0846,169.09,0.3894135824999978,28.71666666666667,0.0656929345774516,0,8741178.0,6507.0,616461.0,0.1336,0.0810999999999999,167.13,33.526666666666664,49994.98709999993,0.0283533737542616,3.534246158445687,0
BMG - PRUDENCIAL,2019-03-01,10705567.0,12214.0,715757.0,0.124,0.0895,169.51,1.507011320000018,30.386666666666667,0.0604342165339567,0,8528815.0,15832.0,653577.0,0.1176,0.0713999999999999,167.98,33.15,46665.39779999993,0.03321022067665711,3.37112339696889,0
BMG - PRUDENCIAL,2019-06-01,11086913.0,5067.0,715757.0,0.1289,0.0955,170.58,0.710811074100004,30.69666666666667,0.0562069392308122,0,8556407.0,32030.0,653577.0,0.1389,0.0843999999999999,167.89,30.82333333333333,55161.89879999994,0.02634314213268953,3.6098509591933308,0
BMG - PRUDENCIAL,2019-09-01,11452348.0,26008.0,729134.0,0.1308,0.0957,170.5,0.2600889164000142,30.59,0.0561183696247585,0,10079075.0,11748.0,659321.0,0.1309,0.0883,169.35,28.546666666666667,58218.0443,0.009725650492122893,4.6232152496360595,0
BMG - PRUDENCIAL,2019-12-01,12270657.0,11746.0,729134.0,0.2153999999999999,0.1586,171.91,1.767530865000011,29.096666666666664,0.0573954868994317,0,10413672.0,657.0,659321.0,0.1235,0.0846,169.09,28.71666666666667,55778.556599999996,0.008200950023494715,4.795270512194202,0
BMG - PRUDENCIAL,2020-03-01,13603714.0,30741.0,759206.0,0.1898999999999999,0.1462,168.09,0.5308473674999981,28.24,0.0591277159615995,0,10705567.0,12214.0,715757.0,0.124,0.0895,169.51,30.386666666666667,64060.2515,0.008035465441390267,4.815822431037506,0
BMG - PRUDENCIAL,2020-06-01,14492169.0,4397.0,759206.0,0.1893,0.1374,153.27,-0.4306129372000034,24.44333333333333,0.0585805423151198,0,11086913.0,5067.0,715757.0,0.1289,0.0955,170.58,30.69666666666667,68354.7935,0.006659596701452235,5.005014480940081,0
BMG - PRUDENCIAL,2020-09-01,14963905.0,3848.0,823355.0,0.1839,0.1236999999999999,165.34,1.2447095295999857,21.71666666666667,0.0583207547847868,0,11452348.0,26008.0,729134.0,0.1308,0.0957,170.5,30.59,69778.1238,0.005444052179611913,5.2077726845113075,0
BMG - PRUDENCIAL,2020-12-01,16903395.0,9331.0,823355.0,0.1701,0.1128999999999999,171.47,3.131382328999988,20.72,0.0567599298432676,0,12270657.0,11746.0,729134.0,0.2153999999999999,0.1586,171.91,29.096666666666664,115640.65239999999,0.002513544228965793,5.983544770037143,0
BMG - PRUDENCIAL,2021-03-01,16106254.0,6488.0,953537.0,0.1677,0.109,173.12,2.052492994999988,22.403333333333336,0.0536296929434124,0,13603714.0,30741.0,759206.0,0.1898999999999999,0.1462,168.09,28.24,110995.9172,0.0010910191846795318,6.819551373115702,0
BMG - PRUDENCIAL,2021-06-01,16635297.0,3147.0,953537.0,0.158,0.098,172.06,1.6786286369000036,21.46333333333333,0.0565068850091626,0,14492169.0,4397.0,759206.0,0.1893,0.1374,153.27,24.44333333333333,104314.9044,0.00035148410224135454,7.952994530281016,0
BMG - PRUDENCIAL,2021-09-01,17537238.0,3507.0,1099107.0,0.1338,0.0819999999999999,172.27,3.0196768831999954,21.08666666666667,0.0544740469108398,0,14963905.0,3848.0,823355.0,0.1839,0.1236999999999999,165.34,21.71666666666667,101849.01349999991,0.00031067777828174854,8.076443539636491,0
BMG - PRUDENCIAL,2021-12-01,16841915.0,4316.0,1099107.0,0.1394,0.0803,174.3,2.958021687500012,22.62,0.056217892350574,0,16903395.0,9331.0,823355.0,0.1701,0.1128999999999999,171.47,20.72,92956.77949999992,0.00011631778719229332,9.059068243357418,0
BMG - PRUDENCIAL,2022-03-01,17304548.0,10026.0,1337594.0,0.1343,0.0807,175.72,3.2006523548000043,24.72,0.0554695473980447,0,16106254.0,6488.0,953537.0,0.1677,0.109,173.12,22.403333333333336,103935.533,0.00022667025556399122,8.391787519367902,0
BMG - PRUDENCIAL,2022-06-01,19226619.0,25968.0,1337594.0,0.1157,0.0654,177.81,2.215266379399994,25.546666666666667,0.0441110323767364,0,16635297.0,3147.0,953537.0,0.158,0.098,172.06,21.46333333333333,93446.626,0.00015728784640700464,8.757275714550172,0
BMG - PRUDENCIAL,2022-09-01,21229695.0,5613.0,1562931.0,0.1043999999999999,0.0616,179.54,-1.3245430992000151,27.44,0.0463134316923626,0,17537238.0,3507.0,1099107.0,0.1338,0.0819999999999999,172.27,21.08666666666667,90126.7739999999,0.00010086186103236166,9.201657822998486,0
BMG - PRUDENCIAL,2022-12-01,22358483.0,7515.0,1562931.0,0.1079,0.065,180.33,1.6286339977999995,29.036666666666665,0.0511049296307121,0,16841915.0,4316.0,1099107.0,0.1394,0.0803,174.3,22.62,88258.29209999999,0.00017624944078331944,8.643434024263005,0
BMG - PRUDENCIAL,2023-03-01,22918936.0,9018.0,1846019.0,0.1003999999999999,0.0637,182.74,2.094210609200031,30.19,0.0560122999682607,0,17304548.0,10026.0,1337594.0,0.1343,0.0807,175.72,24.72,107943.83579999999,0.0001757939073689951,8.646022420656964,0
BMG - PRUDENCIAL,2023-06-01,22482360.0,58254.0,1846019.0,0.0919,0.0578,184.28,0.760729877599986,32.02333333333333,0.0603553042200401,0,19226619.0,25968.0,1337594.0,0.1157,0.0654,177.81,25.546666666666667,87478.6476,6.956732107310883e-05,9.57314605605586,0
BMG - PRUDENCIAL,2023-09-01,22582509.0,73223.0,2048341.0,0.0942,0.0612,184.44,0.6111867176000096,31.51333333333333,0.0618172001670742,0,21229695.0,5613.0,1562931.0,0.1043999999999999,0.0616,179.54,27.44,96276.5496,2.8436823872828744e-05,10.46779720030808,0
BMG - PRUDENCIAL,2023-12-01,23121514.0,27497.0,2048341.0,0.0939,0.0624,185.03,1.083587763199989,30.41333333333333,0.0405564119232195,0,22358483.0,7515.0,1562931.0,0.1079,0.065,180.33,29.036666666666665,101590.515,1.7274680591101086e-05,10.966251403412976,0
BMG - PRUDENCIAL,2024-03-01,23729097.0,189506.0,2183236.0,0.0931,0.0608999999999999,186.65,1.415491577599992,29.896666666666665,0.0506884071644885,0,22918936.0,9018.0,1846019.0,0.1003999999999999,0.0637,182.74,30.19,117591.41030000002,1.5548069632330827e-05,11.071558518354408,0
BMG - PRUDENCIAL,2024-06-01,23785868.0,72798.0,2183236.0,0.0986,0.0641,189.49,1.053515670799987,29.07333333333333,0.0511962391014257,0,22482360.0,58254.0,1846019.0,0.0919,0.0578,184.28,32.02333333333333,106699.8982,2.4517486368228734e-05,10.616099447994849,0
BMG - PRUDENCIAL,2024-09-01,24460248.0,34095.0,2335791.0,0.1009,0.0668,190.99,0.8015076655999875,28.473333333333333,0.050167759075687,0,22582509.0,73223.0,2048341.0,0.0942,0.0612,184.44,31.51333333333333,125358.46919999999,2.3416385601148817e-05,10.66205112472871,0
BMG - PRUDENCIAL,2024-12-01,25748488.0,49886.0,2335791.0,0.0969,0.0596999999999999,191.11,1.47713535680003,27.96,0.0457771882498791,0,23121514.0,27497.0,2048341.0,0.0939,0.0624,185.03,30.41333333333333,127816.47839999999,1.5740606566628338e-05,11.059251038452501,0
BMG - PRUDENCIAL,2025-03-01,26503925.0,85022.0,2990987.0,0.0868,0.0553,193.61,2.040339737600028,29.313333333333333,0.0368164712177388,0,23729097.0,189506.0,2183236.0,0.0931,0.0608999999999999,186.65,29.896666666666665,132959.07239999977,1.249028698344526e-05,11.290546766768504,0
BMG - PRUDENCIAL,2025-06-01,25765656.0,4822.0,2990987.0,0.0907,0.0579,194.33,0.9327766831999762,31.666666666666668,0.0394533211049112,0,23785868.0,72798.0,2183236.0,0.0986,0.0641,189.49,29.07333333333333,139945.4276,1.1416716796757345e-05,11.380420474294976,0
BMG - PRUDENCIAL,2025-09-01,25085764.0,23870.0,3100100.0,0.0946,0.0594,,0.6304326271999727,31.94666666666667,0.0398200678326045,0,24460248.0,34095.0,2335791.0,0.1009,0.0668,190.99,28.473333333333333,156030.8388,7.824794777545746e-06,11.758205223668313,0
BMP SCMEPP LTDA - PRUDENCIAL,2023-03-01,252466.0,0.0,25247.0,0.0,0.0,182.74,2.094210609200031,30.19,0.0113961949578008,0,221393.0,0.0,22139.0,0.0,0.0,175.72,24.72,0.0,0.746017212716662,-1.0774821747693344,1
BMP SCMEPP LTDA - PRUDENCIAL,2023-06-01,328616.0,0.0,32862.0,0.0,0.0,184.28,0.760729877599986,32.02333333333333,0.0519804744098946,0,253666.0,0.0,25367.0,0.0,0.0,177.81,25.546666666666667,0.0,0.7636430163024257,-1.1727571184763812,1
BMP SCMEPP LTDA - PRUDENCIAL,2023-09-01,458563.0,0.0,69548.0,0.0,0.0,184.44,0.6111867176000096,31.51333333333333,0.1043748622780584,0,264588.0,0.0,26459.0,0.0,0.0,179.54,27.44,0.0,0.7946324993842312,-1.3530786822391503,1
BMP SCMEPP LTDA - PRUDENCIAL,2023-12-01,496461.0,0.0,69548.0,0.0,0.0,185.03,1.083587763199989,30.41333333333333,0.1001478390032007,0,323305.0,0.0,32330.0,0.0,0.0,180.33,29.036666666666665,0.0,0.811780594797013,-1.4616217683571413,1
BMP SCMEPP LTDA - PRUDENCIAL,2024-03-01,464824.0,0.0,95596.0,0.0,0.0,186.65,1.415491577599992,29.896666666666665,0.0899055300663482,0,252466.0,0.0,25247.0,0.0,0.0,182.74,30.19,0.0,0.8384811728217619,-1.6469704141660901,1
BMP SCMEPP LTDA - PRUDENCIAL,2024-06-01,556936.0,0.0,95596.0,0.0,0.0,189.49,1.053515670799987,29.07333333333333,0.0211653172057183,0,328616.0,0.0,32862.0,0.0,0.0,184.28,32.02333333333333,0.0,0.8559249301769104,-1.781848191257703,1
BMP SCMEPP LTDA - PRUDENCIAL,2024-09-01,186140.0,0.0,119555.0,0.0,0.0,190.99,0.8015076655999875,28.473333333333333,0.0380202272411647,0,458563.0,0.0,69548.0,0.0,0.0,184.44,31.51333333333333,0.0,0.8423356341652525,-1.6757100428771605,1
BMP SCMEPP LTDA - PRUDENCIAL,2024-12-01,294036.0,0.0,119555.0,0.0,0.0,191.11,1.47713535680003,27.96,0.0350729771479485,0,496461.0,0.0,69548.0,0.0,0.0,185.03,30.41333333333333,0.0,0.8297916980204023,-1.5841517097272055,1
BMP SCMEPP LTDA - PRUDENCIAL,2025-03-01,323486.0,0.0,147361.0,0.0,0.0,193.61,2.040339737600028,29.313333333333333,0.0,0,464824.0,0.0,95596.0,0.0,0.0,186.65,29.896666666666665,0.0,0.8323869581646083,-1.6026394257822754,1
BMP SCMEPP LTDA - PRUDENCIAL,2025-06-01,633334.0,0.0,147361.0,0.0,0.0,194.33,0.9327766831999762,31.666666666666668,0.0,0,556936.0,0.0,95596.0,0.0,0.0,189.49,29.07333333333333,0.0,0.8257024496000704,-1.5554705790434535,1
BMP SCMEPP LTDA - PRUDENCIAL,2025-09-01,827866.0,0.0,213057.0,0.0,0.0,,0.6304326271999727,31.94666666666667,0.0,0,186140.0,0.0,119555.0,0.0,0.0,190.99,28.473333333333333,0.0,0.8526427359021183,-1.7554806203834636,1
BMW - PRUDENCIAL,2017-03-01,1190378.0,0.0,120958.0,0.1962,0.0,164.34,0.9630321349999972,41.17333333333333,0.083513955480538,0,1174532.0,0.0,110695.0,0.1992,0.0,163.26,35.07,0.0,0.7180168718768225,-0.9346458270553628,1
BMW - PRUDENCIAL,2017-06-01,1189470.0,0.0,120958.0,0.1993,0.0,165.65,0.2193980018000196,36.63666666666666,0.0861678065707043,0,1226878.0,0.0,110695.0,0.1873999999999999,0.0,163.72,38.303333333333335,0.0,0.7632093085467787,-1.1703557238748457,1
BMW - PRUDENCIAL,2017-09-01,1270993.0,0.0,142432.0,0.1873999999999999,0.0,166.12,0.5911447296000016,36.16333333333333,0.084615959951724,0,1324344.0,0.0,109746.0,0.1742,0.0,162.92,39.71333333333333,0.0,0.7705727295973767,-1.211547967886172,1
BMW - PRUDENCIAL,2017-12-01,1445416.0,0.0,142432.0,0.1739,0.0,167.13,1.144261174399985,33.526666666666664,0.0761107531884403,0,1342270.0,0.0,109746.0,0.1744,0.0,162.73,40.38,0.0,0.776938015476872,-1.247910882236269,1
BMW - PRUDENCIAL,2018-03-01,1283888.0,0.0,167714.0,0.1993,0.0,167.98,0.7014778351999817,33.15,0.0671959437121794,0,1190378.0,0.0,120958.0,0.1962,0.0,164.34,41.17333333333333,0.0,0.8055802204155791,-1.421543154292419,1
BMW - PRUDENCIAL,2018-06-01,1320110.0,0.0,167714.0,0.2133,0.0,167.89,1.8887030879999989,30.82333333333333,0.0106484945092004,0,1189470.0,0.0,120958.0,0.1993,0.0,165.65,36.63666666666666,0.0,0.7509969885348146,-1.1039366507849009,1
BMW - PRUDENCIAL,2018-09-01,1414856.0,0.0,184139.0,0.2030999999999999,0.0,169.35,0.7208535743999933,28.546666666666667,0.0103816926716293,0,1270993.0,0.0,142432.0,0.1873999999999999,0.0,166.12,36.16333333333333,0.0,0.738995744327899,-1.0407554494113707,1
BMW - PRUDENCIAL,2018-12-01,1474279.0,0.0,184139.0,0.1946999999999999,0.0,169.09,0.3894135824999978,28.71666666666667,0.00965945023044,0,1445416.0,0.0,142432.0,0.1739,0.0,167.13,33.526666666666664,0.0,0.6839316205622529,-0.7718993615669894,1
BMW - PRUDENCIAL,2019-03-01,1370220.0,0.0,259986.0,0.2062999999999999,0.0,169.51,1.507011320000018,30.386666666666667,0.0114813062346697,0,1283888.0,0.0,167714.0,0.1993,0.0,167.98,33.15,0.0,0.6989008833750464,-0.8420694324434691,1
BMW - PRUDENCIAL,2019-06-01,1454192.0,0.0,259986.0,0.2293,0.0,170.58,0.710811074100004,30.69666666666667,0.0118644967743041,0,1320110.0,0.0,167714.0,0.2133,0.0,167.89,30.82333333333333,0.0,0.6533140218783209,-0.6336384964456336,1
BMW - PRUDENCIAL,2019-09-01,1609702.0,0.0,217351.0,0.2189999999999999,0.0,170.5,0.2600889164000142,30.59,0.0108344052475169,0,1414856.0,0.0,184139.0,0.2030999999999999,0.0,169.35,28.546666666666667,0.0,0.6099723830935406,-0.4471961330716725,1
BMW - PRUDENCIAL,2019-12-01,1720376.0,0.0,217351.0,0.2117,0.0,171.91,1.767530865000011,29.096666666666664,0.0107966322246187,0,1474279.0,0.0,184139.0,0.1946999999999999,0.0,169.09,28.71666666666667,0.0,0.6047065502933934,-0.4251148995408991,1
BMW - PRUDENCIAL,2020-03-01,1844125.0,0.0,224052.0,0.2024,0.0,168.09,0.5308473674999981,28.24,0.0128641492975345,0,1370220.0,0.0,259986.0,0.2062999999999999,0.0,169.51,30.386666666666667,0.0,0.6502495548396833,-0.6201363331033503,1
BMW - PRUDENCIAL,2020-06-01,1812950.0,0.0,224052.0,0.2087,0.0,153.27,-0.4306129372000034,24.44333333333333,0.0197662933535254,0,1454192.0,0.0,259986.0,0.2293,0.0,170.58,30.69666666666667,0.0,0.6478794172555902,-0.609730912719265,1
BMW - PRUDENCIAL,2020-09-01,1901420.0,0.0,228959.0,0.2061,0.0,165.34,1.2447095295999857,21.71666666666667,0.0178532682326522,0,1609702.0,0.0,217351.0,0.2189999999999999,0.0,170.5,30.59,0.0,0.6259872190898712,-0.5150399834478361,1
BMW - PRUDENCIAL,2020-12-01,1856456.0,0.0,228959.0,0.2155999999999999,0.0,171.47,3.131382328999988,20.72,0.0140177747420804,0,1720376.0,0.0,217351.0,0.2117,0.0,171.91,29.096666666666664,0.0,0.592881383494738,-0.3758897668835941,0
BMW - PRUDENCIAL,2021-03-01,1792771.0,0.0,240218.0,0.235,0.0,173.12,2.052492994999988,22.403333333333336,0.0171753377629403,0,1844125.0,0.0,224052.0,0.2024,0.0,168.09,28.24,0.0,0.5386353924076672,-0.15485025362594107,0
BMW - PRUDENCIAL,2021-06-01,1942510.0,0.0,240218.0,0.2257999999999999,0.0,172.06,1.6786286369000036,21.46333333333333,0.0138820688243422,0,1812950.0,0.0,224052.0,0.2087,0.0,153.27,24.44333333333333,0.0,0.38326685602787114,0.47570492619954097,0
BMW - PRUDENCIAL,2021-09-01,2070464.0,0.0,261480.0,0.2214,0.0,172.27,3.0196768831999954,21.08666666666667,0.0127639534517261,0,1901420.0,0.0,228959.0,0.2061,0.0,165.34,21.71666666666667,0.0,0.39062121339540695,0.4447017290762129,0
BMW - PRUDENCIAL,2021-12-01,1986771.0,0.0,261480.0,0.215,0.0,174.3,2.958021687500012,22.62,0.0141540400394561,0,1856456.0,0.0,228959.0,0.2155999999999999,0.0,171.47,20.72,0.0,0.41226382479596996,0.35461466989670115,0
BMW - PRUDENCIAL,2022-03-01,2110999.0,0.0,297908.0,0.204,0.0,175.72,3.2006523548000043,24.72,0.0146450787418852,0,1792771.0,0.0,240218.0,0.235,0.0,173.12,22.403333333333336,0.0,0.46004453615843505,0.16016335944251595,0
BMW - PRUDENCIAL,2022-06-01,2275464.0,0.0,297908.0,0.1943,0.0,177.81,2.215266379399994,25.546666666666667,0.0161865766556847,0,1942510.0,0.0,240218.0,0.2257999999999999,0.0,172.06,21.46333333333333,0.0,0.4165830737596567,0.33681617175645623,0
BMW - PRUDENCIAL,2022-09-01,2345439.0,0.0,364038.0,0.1859,0.0,179.54,-1.3245430992000151,27.44,0.01784950155924,0,2070464.0,0.0,261480.0,0.2214,0.0,172.27,21.08666666666667,0.0,0.39436581541456023,0.42899720410168646,0
BMW - PRUDENCIAL,2022-12-01,2431691.0,0.0,364038.0,0.1846999999999999,0.0,180.33,1.6286339977999995,29.036666666666665,0.0208359673391172,0,1986771.0,0.0,261480.0,0.215,0.0,174.3,22.62,0.0,0.4470843312070663,0.21245825517435618,0
BMW - PRUDENCIAL,2023-03-01,2632577.0,0.0,374350.0,0.1748,0.0,182.74,2.094210609200031,30.19,0.0207317363175857,0,2110999.0,0.0,297908.0,0.204,0.0,175.72,24.72,0.0,0.48017711771328286,0.07933311168372315,0
BMW - PRUDENCIAL,2023-06-01,2515578.0,0.0,374350.0,0.1864,0.0,184.28,0.760729877599986,32.02333333333333,0.0254769294402119,0,2275464.0,0.0,297908.0,0.1943,0.0,177.81,25.546666666666667,0.0,0.4866481133022472,0.05342024724291187,0
BMW - PRUDENCIAL,2023-09-01,2760507.0,0.0,397020.0,0.1748999999999999,0.0,184.44,0.6111867176000096,31.51333333333333,0.0260885777495503,0,2345439.0,0.0,364038.0,0.1859,0.0,179.54,27.44,0.0,0.5255370687857512,-0.10223723443247204,0
BMW - PRUDENCIAL,2023-12-01,3052603.0,0.0,397020.0,0.1602,0.0,185.03,1.083587763199989,30.41333333333333,0.0227209629165556,0,2431691.0,0.0,364038.0,0.1846999999999999,0.0,180.33,29.036666666666665,0.0,0.5487363897385978,-0.1955664911251622,0
BMW - PRUDENCIAL,2024-03-01,2972711.0,0.0,418244.0,0.1671,0.0,186.65,1.415491577599992,29.896666666666665,0.0269439021003756,0,2632577.0,0.0,374350.0,0.1748,0.0,182.74,30.19,0.0,0.5583333830440935,-0.23440090719929343,0
BMW - PRUDENCIAL,2024-06-01,3057237.0,0.0,418244.0,0.1677,0.0,189.49,1.053515670799987,29.07333333333333,0.0258949523383014,0,2515578.0,0.0,374350.0,0.1864,0.0,184.28,32.02333333333333,0.0,0.615680030519857,-0.47125193786906083,1
BMW - PRUDENCIAL,2024-09-01,3110646.0,0.0,422507.0,0.1717,0.0,190.99,0.8015076655999875,28.473333333333333,0.0245369019192071,0,2760507.0,0.0,397020.0,0.1748999999999999,0.0,184.44,31.51333333333333,0.0,0.5758458611750258,-0.30574309838790376,0
BMW - PRUDENCIAL,2024-12-01,3369917.0,0.0,422507.0,0.1668,0.0,191.11,1.47713535680003,27.96,0.0214319378593536,0,3052603.0,0.0,397020.0,0.1602,0.0,185.03,30.41333333333333,0.0,0.5197529327489613,-0.07905287421169031,0
BNP PARIBAS - PRUDENCIAL,2017-03-01,17116051.0,132134.0,2964763.0,0.1273,0.1108,164.34,0.9630321349999972,41.17333333333333,0.0570017419631384,0,19022287.0,292882.0,2656750.0,0.0948,0.0766,163.26,35.07,203507.05000000002,0.0001781047337131467,8.632960668563564,0
BNP PARIBAS - PRUDENCIAL,2017-06-01,17126479.0,178798.0,2964763.0,0.1219,0.0960999999999999,165.65,0.2193980018000196,36.63666666666666,0.0425083466010291,0,19397197.0,195710.0,2656750.0,0.0957,0.0803999999999999,163.72,38.303333333333335,213602.69999999975,0.00017848339165600784,8.630836505795676,0
BNP PARIBAS - PRUDENCIAL,2017-09-01,17550259.0,138288.0,3299751.0,0.1286999999999999,0.093,166.12,0.5911447296000016,36.16333333333333,0.0454409429142724,0,18110472.0,484881.0,2690365.0,0.1023,0.0849,162.92,39.71333333333333,228411.9885,0.00047329382770186154,7.655320756355444,0
BNP PARIBAS - PRUDENCIAL,2017-12-01,17426963.0,327960.0,3299751.0,0.1296,0.103,167.13,1.144261174399985,33.526666666666664,0.0318449577614709,0,18480783.0,88247.0,2690365.0,0.108,0.0915,162.73,40.38,246168.3975,0.00032968399051812634,8.017046228542176,0
BNP PARIBAS - PRUDENCIAL,2018-03-01,17008988.0,532350.0,3629623.0,0.1307,0.0998,167.98,0.7014778351999817,33.15,0.040018322188734,0,17116051.0,132134.0,2964763.0,0.1273,0.1108,164.34,41.17333333333333,328495.7404,0.0008909524648262019,7.0223281327812686,0
BNP PARIBAS - PRUDENCIAL,2018-06-01,20482307.0,253310.0,3629623.0,0.1105,0.0858,167.89,1.8887030879999989,30.82333333333333,0.0423636717616338,0,17126479.0,178798.0,2964763.0,0.1219,0.0960999999999999,165.65,36.63666666666666,284913.7242999997,0.000642872312458409,7.348921355438654,0
BNP PARIBAS - PRUDENCIAL,2018-09-01,22265226.0,301667.0,3910945.0,0.1011,0.069,169.35,0.7208535743999933,28.546666666666667,0.0353999901083244,0,17550259.0,138288.0,3299751.0,0.1286999999999999,0.093,166.12,36.16333333333333,306876.843,0.0005241751411295246,7.55316037822288,0
BNP PARIBAS - PRUDENCIAL,2018-12-01,20766372.0,209212.0,3910945.0,0.1157,0.0856,169.09,0.3894135824999978,28.71666666666667,0.0340389188403065,0,17426963.0,327960.0,3299751.0,0.1296,0.103,167.13,33.526666666666664,339874.353,0.0005341389104457751,7.534320339398196,0
BNP PARIBAS - PRUDENCIAL,2019-03-01,21180522.0,440499.0,4309968.0,0.1125,0.0935999999999999,169.51,1.507011320000018,30.386666666666667,0.0356167790591203,0,17008988.0,532350.0,3629623.0,0.1307,0.0998,167.98,33.15,362236.3754,0.0008109884500635559,7.116445428169828,0
BNP PARIBAS - PRUDENCIAL,2019-06-01,21582483.0,872334.0,4309968.0,0.1343,0.1099,170.58,0.710811074100004,30.69666666666667,0.0332620145966272,0,20482307.0,253310.0,3629623.0,0.1105,0.0858,167.89,30.82333333333333,311421.6534,7.967172414275188e-05,9.437516138954324,0
BNP PARIBAS - PRUDENCIAL,2019-09-01,21110997.0,264252.0,4549457.0,0.1363,0.0965,170.5,0.2600889164000142,30.59,0.0358413749096871,0,22265226.0,301667.0,3910945.0,0.1011,0.069,169.35,28.546666666666667,269855.205,2.6180072567022934e-05,10.550485845321477,0
BNP PARIBAS - PRUDENCIAL,2019-12-01,22506089.0,264327.0,4549457.0,0.1424,0.1118,171.91,1.767530865000011,29.096666666666664,0.0346159140758025,0,20766372.0,209212.0,3910945.0,0.1157,0.0856,169.09,28.71666666666667,334776.892,6.219419119702059e-05,9.68518675567027,0
BNP PARIBAS - PRUDENCIAL,2020-03-01,30059026.0,143981.0,4593870.0,0.1119,0.0877,168.09,0.5308473674999981,28.24,0.0270497544357956,0,21180522.0,440499.0,4309968.0,0.1125,0.0935999999999999,169.51,30.386666666666667,403413.0047999996,7.372910806347359e-05,9.515039151644936,0
BNP PARIBAS - PRUDENCIAL,2020-06-01,27796841.0,229760.0,4593870.0,0.126,0.0708,153.27,-0.4306129372000034,24.44333333333333,0.0341816866695691,0,21582483.0,872334.0,4309968.0,0.1343,0.1099,170.58,30.69666666666667,473665.4832,8.318982714492632e-05,9.394302294317795,0
BNP PARIBAS - PRUDENCIAL,2020-09-01,28874659.0,327685.0,4974127.0,0.1193999999999999,0.085,165.34,1.2447095295999857,21.71666666666667,0.0305851964886889,0,21110997.0,264252.0,4549457.0,0.1363,0.0965,170.5,30.59,439022.6005,7.792529201562976e-05,9.459682056696165,0
BNP PARIBAS - PRUDENCIAL,2020-12-01,30107890.0,245766.0,4974127.0,0.1142,0.0946,171.47,3.131382328999988,20.72,0.0306293797879165,0,22506089.0,264327.0,4549457.0,0.1424,0.1118,171.91,29.096666666666664,508629.2926,3.565209358271179e-05,10.241667034176373,0
BNP PARIBAS - PRUDENCIAL,2021-03-01,29092432.0,264109.0,4891457.0,0.1096,0.0767,173.12,2.052492994999988,22.403333333333336,0.0303261953747911,0,30059026.0,143981.0,4593870.0,0.1119,0.0877,168.09,28.24,402882.399,3.654436849200669e-07,14.822153281109962,0
BNP PARIBAS - PRUDENCIAL,2021-06-01,28795318.0,341941.0,4891457.0,0.1096,0.0917999999999999,172.06,1.6786286369000036,21.46333333333333,0.0335439184701859,0,27796841.0,229760.0,4593870.0,0.126,0.0708,153.27,24.44333333333333,325245.996,6.446400982338783e-07,14.25457301857744,0
BNP PARIBAS - PRUDENCIAL,2021-09-01,28603293.0,340619.0,4636215.0,0.1119,0.0687,172.27,3.0196768831999954,21.08666666666667,0.0347579165784592,0,28874659.0,327685.0,4974127.0,0.1193999999999999,0.085,165.34,21.71666666666667,422800.79500000004,4.803261638070265e-07,14.548799975647874,0
BNP PARIBAS - PRUDENCIAL,2021-12-01,29221729.0,2298055.0,4636215.0,0.104,0.0842,174.3,2.958021687500012,22.62,0.0298230633211723,0,30107890.0,245766.0,4974127.0,0.1142,0.0946,171.47,20.72,470552.4142,2.6356032343910984e-07,15.148983300247721,0
BNP PARIBAS - PRUDENCIAL,2022-03-01,33423091.0,379133.0,4738521.0,0.0943,0.08,175.72,3.2006523548000043,24.72,0.0395376334933284,0,29092432.0,264109.0,4891457.0,0.1096,0.0767,173.12,22.403333333333336,375174.75190000003,4.867055470052956e-07,14.535606036390826,0
BNP PARIBAS - PRUDENCIAL,2022-06-01,31497668.0,250010.0,4738521.0,0.1025,0.0852999999999999,177.81,2.215266379399994,25.546666666666667,0.0373482756909222,0,28795318.0,341941.0,4891457.0,0.1096,0.0917999999999999,172.06,21.46333333333333,449035.7525999995,5.994101206269441e-07,14.327319198299922,0
BNP PARIBAS - PRUDENCIAL,2022-09-01,29904920.0,588124.0,4542838.0,0.1031,0.0846,179.54,-1.3245430992000151,27.44,0.0428487544381698,0,28603293.0,340619.0,4636215.0,0.1119,0.0687,172.27,21.08666666666667,318507.9705,5.302638593930604e-07,14.449890576209965,0
BNP PARIBAS - PRUDENCIAL,2022-12-01,26018165.0,231070.0,4542838.0,0.1128,0.0867,180.33,1.6286339977999995,29.036666666666665,0.0436334685057911,0,29221729.0,2298055.0,4636215.0,0.104,0.0842,174.3,22.62,390369.303,1.3500172547129206e-06,13.51539183440862,0
BNP PARIBAS - PRUDENCIAL,2023-03-01,27125312.0,356867.0,4480156.0,0.1107,0.1012,182.74,2.094210609200031,30.19,0.0439933711701244,0,33423091.0,379133.0,4738521.0,0.0943,0.08,175.72,24.72,379081.68,5.695800607939962e-08,16.680951519225914,0
BNP PARIBAS - PRUDENCIAL,2023-06-01,28383078.0,512925.0,4480156.0,0.1061999999999999,0.0911999999999999,184.28,0.760729877599986,32.02333333333333,0.0598626035119011,0,31497668.0,250010.0,4738521.0,0.1025,0.0852999999999999,177.81,25.546666666666667,404195.84129999956,1.8128130767594277e-07,15.523215644941557,0
BNP PARIBAS - PRUDENCIAL,2023-09-01,22409411.0,757094.0,3733617.0,0.1171,0.0978999999999999,184.44,0.6111867176000096,31.51333333333333,0.0577700884263788,0,29904920.0,588124.0,4542838.0,0.1031,0.0846,179.54,27.44,384324.09479999996,6.05061465379662e-07,14.317935183445549,0
BNP PARIBAS - PRUDENCIAL,2023-12-01,22570349.0,460513.0,3733617.0,0.1128999999999999,0.0977,185.03,1.083587763199989,30.41333333333333,0.0419070514687002,0,26018165.0,231070.0,4542838.0,0.1128,0.0867,180.33,29.036666666666665,393864.0546,5.191583738749307e-06,12.168466563863838,0
BNP PARIBAS - PRUDENCIAL,2024-03-01,21732416.0,235038.0,3490286.0,0.1211,0.1033999999999999,186.65,1.415491577599992,29.896666666666665,0.0415071836396787,0,27125312.0,356867.0,4480156.0,0.1107,0.1012,182.74,30.19,453391.7872,3.6726739743557854e-06,12.514586885252951,0
BNP PARIBAS - PRUDENCIAL,2024-06-01,22252078.0,437381.0,3490286.0,0.1088,0.0911,189.49,1.053515670799987,29.07333333333333,0.0305959797329063,0,28383078.0,512925.0,4480156.0,0.1061999999999999,0.0911999999999999,184.28,32.02333333333333,408590.22719999956,2.222267980972607e-06,13.01698004835038,0
BNP PARIBAS - PRUDENCIAL,2024-09-01,20481378.0,507048.0,3291573.0,0.1115,0.0867,190.99,0.8015076655999875,28.473333333333333,0.0275130169439369,0,22409411.0,757094.0,3733617.0,0.1171,0.0978999999999999,184.44,31.51333333333333,365521.10429999966,5.877140069598567e-05,9.741796431075672,0
BNP PARIBAS - PRUDENCIAL,2024-12-01,24356005.0,1381009.0,3291573.0,0.083,0.0848,191.11,1.47713535680003,27.96,0.0110045155667919,0,22570349.0,460513.0,3733617.0,0.1128999999999999,0.0977,185.03,30.41333333333333,364774.3809,4.293460390887257e-05,10.055789503823648,0
BNP PARIBAS - PRUDENCIAL,2025-03-01,23139656.0,350233.0,3358769.0,0.1003,0.102,193.61,2.040339737600028,29.313333333333333,0.0023807230602498,0,21732416.0,235038.0,3490286.0,0.1211,0.1033999999999999,186.65,29.896666666666665,360895.57239999966,5.790361832423098e-05,9.756672777496634,0
BNP PARIBAS - PRUDENCIAL,2025-06-01,22439973.0,657444.0,3358769.0,0.0975,0.0926,194.33,0.9327766831999762,31.666666666666668,0.0025410210287026,0,22252078.0,437381.0,3490286.0,0.1088,0.0911,189.49,29.07333333333333,317965.0546,4.6629058768550814e-05,9.9732400024069,0
BNP PARIBAS - PRUDENCIAL,2025-09-01,22293075.0,1219955.0,3333792.0,0.1189,0.1003999999999999,,0.6304326271999727,31.94666666666667,0.0019795495982364,0,20481378.0,507048.0,3291573.0,0.1115,0.0867,190.99,28.473333333333333,285379.3791,0.00012124585474727918,9.01756896327679,0
BOCOM - PRUDENCIAL,2018-03-01,3213638.0,129772.0,303072.0,0.1576,0.1021,167.98,0.7014778351999817,33.15,0.0241745370364052,0,2048097.0,3596.0,232863.0,0.2337,0.1193,164.34,41.17333333333333,27780.5559,0.6107703995487994,-0.45055170811772915,1
BOCOM - PRUDENCIAL,2018-06-01,3581425.0,100758.0,303072.0,0.1437,0.0917999999999999,167.89,1.8887030879999989,30.82333333333333,0.0190786432172209,0,2604286.0,20929.0,232863.0,0.1787,0.1028999999999999,165.65,36.63666666666666,23961.602699999974,0.48134991620541034,0.07463496149201047,0
BOCOM - PRUDENCIAL,2018-09-01,3367991.0,75951.0,354527.0,0.1534,0.1009,169.35,0.7208535743999933,28.546666666666667,0.0117380124503643,0,2750026.0,47697.0,254821.0,0.1485,0.105,166.12,36.16333333333333,26756.204999999998,0.4617536182635906,0.1532849591061202,0
BOCOM - PRUDENCIAL,2018-12-01,3533556.0,87689.0,354527.0,0.1445,0.087,169.09,0.3894135824999978,28.71666666666667,0.0105606350977766,0,3068482.0,10469.0,254821.0,0.1606,0.1057,167.13,33.526666666666664,26934.579700000002,0.3683657454861501,0.5392341973677175,0
BOCOM - PRUDENCIAL,2019-03-01,3672025.0,94330.0,435029.0,0.1415,0.1245,169.51,1.507011320000018,30.386666666666667,0.0101101307017885,0,3213638.0,129772.0,303072.0,0.1576,0.1021,167.98,33.15,30943.6512,0.3687919547856908,0.5374028386403186,0
BOCOM - PRUDENCIAL,2019-06-01,4315918.0,168040.0,435029.0,0.1214,0.1093,170.58,0.710811074100004,30.69666666666667,0.0124699709558736,0,3581425.0,100758.0,303072.0,0.1437,0.0917999999999999,167.89,30.82333333333333,27822.00959999997,0.2904968090347914,0.8929724023734306,0
BOCOM - PRUDENCIAL,2019-09-01,4508274.0,187035.0,501984.0,0.1192,0.1035,170.5,0.2600889164000142,30.59,0.0091255019570484,0,3367991.0,75951.0,354527.0,0.1534,0.1009,169.35,28.546666666666667,35771.774300000005,0.2787376148667356,0.9507320987595224,0
BOCOM - PRUDENCIAL,2019-12-01,4896282.0,144005.0,501984.0,0.114,0.0902999999999999,171.91,1.767530865000011,29.096666666666664,0.0119377582871988,0,3533556.0,87689.0,354527.0,0.1445,0.087,169.09,28.71666666666667,30843.849,0.27400024474211615,0.9744206782450543,0
BOCOM - PRUDENCIAL,2020-03-01,5420695.0,90335.0,610593.0,0.1043999999999999,0.091,168.09,0.5308473674999981,28.24,0.0091599515762256,0,3672025.0,94330.0,435029.0,0.1415,0.1245,169.51,30.386666666666667,54161.1105,0.26476803576656227,1.0213319412295552,0
BOCOM - PRUDENCIAL,2020-06-01,5508285.0,50300.0,610593.0,0.1058,0.0883999999999999,153.27,-0.4306129372000034,24.44333333333333,0.0141058669148243,0,4315918.0,168040.0,435029.0,0.1214,0.1093,170.58,30.69666666666667,47548.6697,0.22595053225941308,1.2313196919803666,0
BOCOM - PRUDENCIAL,2020-09-01,5790581.0,118358.0,736623.0,0.1025,0.0747,165.34,1.2447095295999857,21.71666666666667,0.0074075940260223,0,4508274.0,187035.0,501984.0,0.1192,0.1035,170.5,30.59,51955.344,0.2144500435064101,1.2983072403002838,0
BOCOM - PRUDENCIAL,2020-12-01,5593210.0,129414.0,736623.0,0.1127,0.0718,171.47,3.131382328999988,20.72,0.0039949357424864,0,4896282.0,144005.0,501984.0,0.114,0.0902999999999999,171.91,29.096666666666664,45329.15519999995,0.1718781475259436,1.5723745273706997,0
BOCOM - PRUDENCIAL,2021-03-01,5781853.0,87097.0,819051.0,0.1074,0.0722,173.12,2.052492994999988,22.403333333333336,0.0033078069970019,0,5420695.0,90335.0,610593.0,0.1043999999999999,0.091,168.09,28.24,55563.962999999996,0.11705698133250964,2.0205998309365554,0
BOCOM - PRUDENCIAL,2021-06-01,6341780.0,203964.0,819051.0,0.1045,0.0705,172.06,1.6786286369000036,21.46333333333333,0.0032610735356137,0,5508285.0,50300.0,610593.0,0.1058,0.0883999999999999,153.27,24.44333333333333,53976.42119999994,0.06133822331136455,2.728052025543689,0
BOCOM - PRUDENCIAL,2021-09-01,6195277.0,228786.0,880140.0,0.1061,0.0776999999999999,172.27,3.0196768831999954,21.08666666666667,0.0037356606593052,0,5790581.0,118358.0,736623.0,0.1025,0.0747,165.34,21.71666666666667,55025.7381,0.06306275695601835,2.6984859308980584,0
BOCOM - PRUDENCIAL,2021-12-01,6930701.0,131352.0,880140.0,0.1007,0.0658,174.3,2.958021687500012,22.62,0.0033464650597424,0,5593210.0,129414.0,736623.0,0.1127,0.0718,171.47,20.72,52889.5314,0.07523512755972998,2.508921269658557,0
BOCOM - PRUDENCIAL,2022-03-01,7292786.0,325125.0,972453.0,0.0977,0.0705,175.72,3.2006523548000043,24.72,0.0037868549583448,0,5781853.0,87097.0,819051.0,0.1074,0.0722,173.12,22.403333333333336,59135.4822,0.07954359313259336,2.4485644288920483,0
BOCOM - PRUDENCIAL,2022-06-01,9177002.0,12746.0,972453.0,0.0868,0.0596999999999999,177.81,2.215266379399994,25.546666666666667,0.0032288846568864,0,6341780.0,203964.0,819051.0,0.1045,0.0705,172.06,21.46333333333333,57743.095499999996,0.05764903339233513,2.794004301563929,0
BOCOM - PRUDENCIAL,2022-09-01,9818376.0,59336.0,1067562.0,0.0876,0.0578,179.54,-1.3245430992000151,27.44,0.0021955496948262,0,6195277.0,228786.0,880140.0,0.1061,0.0776999999999999,172.27,21.08666666666667,68386.87799999991,0.06133293732609935,2.7281438383186276,0
BOCOM - PRUDENCIAL,2022-12-01,10400960.0,86324.0,1067562.0,0.0841,0.0558,180.33,1.6286339977999995,29.036666666666665,0.0020883975817253,0,6930701.0,131352.0,880140.0,0.1007,0.0658,174.3,22.62,57913.212,0.04770768007487023,2.993779653715535,0
BOCOM - PRUDENCIAL,2023-03-01,10732683.0,34376.0,1180692.0,0.0838,0.057,182.74,2.094210609200031,30.19,0.0023033719420462,0,7292786.0,325125.0,972453.0,0.0977,0.0705,175.72,24.72,68557.9365,0.05256780351262516,2.891651542252845,0
BOCOM - PRUDENCIAL,2023-06-01,11409301.0,20087.0,1180692.0,0.0833,0.0542,184.28,0.760729877599986,32.02333333333333,0.0024401273577391,0,9177002.0,12746.0,972453.0,0.0868,0.0596999999999999,177.81,25.546666666666667,58055.4440999999,0.018509265458357363,3.970801131378751,0
BOCOM - PRUDENCIAL,2023-09-01,11828292.0,103211.0,1252058.0,0.0827,0.0524,184.44,0.6111867176000096,31.51333333333333,0.0051418233555523,0,9818376.0,59336.0,1067562.0,0.0876,0.0578,179.54,27.44,61705.0836,0.016320866954219148,4.09885528935397,0
BOCOM - PRUDENCIAL,2023-12-01,11358732.0,335004.0,1252058.0,0.0878999999999999,0.0486,185.03,1.083587763199989,30.41333333333333,0.0032846918092525,0,10400960.0,86324.0,1067562.0,0.0841,0.0558,180.33,29.036666666666665,59569.9596,0.013852516220677574,4.265339028672507,0
BOCOM - PRUDENCIAL,2024-03-01,10788062.0,318574.0,1380899.0,0.0969,0.0552,186.65,1.415491577599992,29.896666666666665,0.0028876352719099,0,10732683.0,34376.0,1180692.0,0.0838,0.057,182.74,30.19,67299.444,0.013201915797007942,4.314103488132792,0
BOCOM - PRUDENCIAL,2024-06-01,11825548.0,375161.0,1380899.0,0.0917999999999999,0.0501,189.49,1.053515670799987,29.07333333333333,0.0020669929939581,0,11409301.0,20087.0,1180692.0,0.0833,0.0542,184.28,32.02333333333333,63993.5064,0.010775535659430768,4.519642918956274,0
BOCOM - PRUDENCIAL,2024-09-01,12195327.0,229459.0,1501000.0,0.0929,0.0461,190.99,0.8015076655999875,28.473333333333333,0.0017384153343027,0,11828292.0,103211.0,1252058.0,0.0827,0.0524,184.44,31.51333333333333,65607.8392,0.008741578055333786,4.730884540401588,0
BOCOM - PRUDENCIAL,2024-12-01,12981079.0,451847.0,1501000.0,0.089,0.0472,191.11,1.47713535680003,27.96,0.0014651269789777,0,11358732.0,335004.0,1252058.0,0.0878999999999999,0.0486,185.03,30.41333333333333,60850.0188,0.01198246584339316,4.412256043307029,0
BOCOM - PRUDENCIAL,2025-03-01,12796305.0,636344.0,1202171.0,0.0967,0.0566,193.61,2.040339737600028,29.313333333333333,0.002651938120907,0,10788062.0,318574.0,1380899.0,0.0969,0.0552,186.65,29.896666666666665,76225.6248,0.016420193830768377,4.092686871193364,0
BOCOM - PRUDENCIAL,2025-06-01,13037316.0,469826.0,1202171.0,0.0973,0.0584,194.33,0.9327766831999762,31.666666666666668,0.0048404567534695,0,11825548.0,375161.0,1380899.0,0.0917999999999999,0.0501,189.49,29.07333333333333,69183.0399,0.00963670700910716,4.632492384832949,0
BOCOM - PRUDENCIAL,2025-09-01,12841250.0,514219.0,1253711.0,0.1058,0.0667,,0.6304326271999727,31.94666666666667,0.0061877742784173,0,12195327.0,229459.0,1501000.0,0.0929,0.0461,190.99,28.473333333333333,69196.1,0.007378028143980997,4.901843484920465,0
BOFA MERRILL LYNCH - PRUDENCIAL,2017-03-01,6260831.0,679097.0,1724613.0,0.17,0.1127,164.34,0.9630321349999972,41.17333333333333,0.0,0,7005934.0,259753.0,1340143.0,0.1322,0.0899,163.26,35.07,120478.85569999999,0.09663251604797554,2.235214140083473,0
BOFA MERRILL LYNCH - PRUDENCIAL,2017-06-01,6127942.0,309840.0,1724613.0,0.1869,0.1051,165.65,0.2193980018000196,36.63666666666666,5.73700979044434e-09,0,6929925.0,245667.0,1340143.0,0.1639999999999999,0.0988,163.72,38.303333333333335,132406.1284,0.12221816748210096,1.9715903747928483,0
BOFA MERRILL LYNCH - PRUDENCIAL,2017-09-01,5565245.0,349618.0,1838832.0,0.2006,0.11,166.12,0.5911447296000016,36.16333333333333,0.0,0,6193551.0,205786.0,1606920.0,0.1737,0.0894,162.92,39.71333333333333,143658.648,0.1962574027254779,1.409851988554699,0
BOFA MERRILL LYNCH - PRUDENCIAL,2017-12-01,5036497.0,484407.0,1838832.0,0.1673,0.1192,167.13,1.144261174399985,33.526666666666664,0.0,0,6047334.0,163974.0,1606920.0,0.1814,0.1144,162.73,40.38,183831.64800000002,0.20921940416158546,1.3296370717321513,0
BOFA MERRILL LYNCH - PRUDENCIAL,2018-03-01,3723752.0,415208.0,2078901.0,0.1848,0.1315,167.98,0.7014778351999817,33.15,3.1467012956687324e-07,0,6260831.0,679097.0,1724613.0,0.17,0.1127,164.34,41.17333333333333,194363.88509999998,0.26170917360476287,1.0371039579971406,0
BOFA MERRILL LYNCH - PRUDENCIAL,2018-06-01,4082321.0,1289413.0,2078901.0,0.1736,0.084,167.89,1.8887030879999989,30.82333333333333,2.288141708707453e-07,0,6127942.0,309840.0,1724613.0,0.1869,0.1051,165.65,36.63666666666666,181256.8263,0.18609609115477116,1.4755791516323309,0
BOFA MERRILL LYNCH - PRUDENCIAL,2018-09-01,4611207.0,523047.0,2080098.0,0.1722,0.0871,169.35,0.7208535743999933,28.546666666666667,0.0,0,5565245.0,349618.0,1838832.0,0.2006,0.11,166.12,36.16333333333333,202271.52,0.24261487538468854,1.1383965642050333,0
BOFA MERRILL LYNCH - PRUDENCIAL,2018-12-01,3858377.0,1020624.0,2080098.0,0.1964,0.1659,169.09,0.3894135824999978,28.71666666666667,0.0,0,5036497.0,484407.0,1838832.0,0.1673,0.1192,167.13,33.526666666666664,219188.7744,0.28211313064209914,0.934003830225037,0
BOFA MERRILL LYNCH - PRUDENCIAL,2019-03-01,4977140.0,471832.0,2206007.0,0.1875,0.1682999999999999,169.51,1.507011320000018,30.386666666666667,0.0,0,3723752.0,415208.0,2078901.0,0.1848,0.1315,167.98,33.15,273375.4815,0.4580690613617093,0.16811861227303884,0
BOFA MERRILL LYNCH - PRUDENCIAL,2019-06-01,4282686.0,332842.0,2206007.0,0.2118,0.1536,170.58,0.710811074100004,30.69666666666667,0.0,0,4082321.0,1289413.0,2078901.0,0.1736,0.084,167.89,30.82333333333333,174627.684,0.4760798562898012,0.09575366992350964,0
BOFA MERRILL LYNCH - PRUDENCIAL,2019-09-01,3927651.0,668898.0,2148851.0,0.2153,0.1551,170.5,0.2600889164000142,30.59,0.0,0,4611207.0,523047.0,2080098.0,0.1722,0.0871,169.35,28.546666666666667,181176.53579999998,0.28267452159164186,0.9312335471314241,0
BOFA MERRILL LYNCH - PRUDENCIAL,2019-12-01,4267543.0,481779.0,2148851.0,0.2304,0.1501,171.91,1.767530865000011,29.096666666666664,0.0,0,3858377.0,1020624.0,2080098.0,0.1964,0.1659,169.09,28.71666666666667,345088.2582,0.43981723248974797,0.24190384130171955,0
BOFA MERRILL LYNCH - PRUDENCIAL,2020-03-01,5638288.0,1631625.0,2275900.0,0.1671,0.0908,168.09,0.5308473674999981,28.24,0.0,0,4977140.0,471832.0,2206007.0,0.1875,0.1682999999999999,169.51,30.386666666666667,371270.9780999998,0.27704243253489697,0.9591798505361633,0
BOFA MERRILL LYNCH - PRUDENCIAL,2020-06-01,5782831.0,279143.0,2275900.0,0.1914,0.1048,153.27,-0.4306129372000034,24.44333333333333,0.0,0,4282686.0,332842.0,2206007.0,0.2118,0.1536,170.58,30.69666666666667,338842.6752,0.35181157623037107,0.6110856941846515,0
BOFA MERRILL LYNCH - PRUDENCIAL,2020-09-01,5629062.0,237523.0,2355913.0,0.2009,0.108,165.34,1.2447095295999857,21.71666666666667,0.0,0,3927651.0,668898.0,2148851.0,0.2153,0.1551,170.5,30.59,333286.7901,0.43271676237210993,0.2707753309431796,0
BOFA MERRILL LYNCH - PRUDENCIAL,2020-12-01,5725424.0,415790.0,2355913.0,0.2148,0.1193,171.47,3.131382328999988,20.72,0.0,0,4267543.0,481779.0,2148851.0,0.2304,0.1501,171.91,29.096666666666664,322542.53510000004,0.34294395780736575,0.6502022696400533,0
BOFA MERRILL LYNCH - PRUDENCIAL,2021-03-01,5980908.0,343599.0,2665323.0,0.2089,0.105,173.12,2.052492994999988,22.403333333333336,0.0,0,5638288.0,1631625.0,2275900.0,0.1671,0.0908,168.09,28.24,206651.72,0.2830624244116493,0.9293213193345106,0
BOFA MERRILL LYNCH - PRUDENCIAL,2021-06-01,6197178.0,766470.0,2665323.0,0.213,0.0901,172.06,1.6786286369000036,21.46333333333333,0.0,0,5782831.0,279143.0,2275900.0,0.1914,0.1048,153.27,24.44333333333333,238514.32,0.08584019047199237,2.3655180853516247,0
BOFA MERRILL LYNCH - PRUDENCIAL,2021-09-01,5256599.0,527905.0,2912163.0,0.2153999999999999,0.0874,172.27,3.0196768831999954,21.08666666666667,0.0,0,5629062.0,237523.0,2355913.0,0.2009,0.108,165.34,21.71666666666667,254438.604,0.099712754668824,2.2004202747282147,0
BOFA MERRILL LYNCH - PRUDENCIAL,2021-12-01,5938361.0,452589.0,2912163.0,0.1937,0.0993999999999999,174.3,2.958021687500012,22.62,0.0,0,5725424.0,415790.0,2355913.0,0.2148,0.1193,171.47,20.72,281060.4209,0.11002238010028177,2.090512515787017,0
BOFA MERRILL LYNCH - PRUDENCIAL,2022-03-01,8428494.0,376958.0,3321589.0,0.1838,0.1082,175.72,3.2006523548000043,24.72,0.0,0,5980908.0,343599.0,2665323.0,0.2089,0.105,173.12,22.403333333333336,279858.915,0.1171952288103676,2.019262912586071,0
BOFA MERRILL LYNCH - PRUDENCIAL,2022-06-01,7101111.0,611630.0,3321589.0,0.2171999999999999,0.0934,177.81,2.215266379399994,25.546666666666667,0.0,0,6197178.0,766470.0,2665323.0,0.213,0.0901,172.06,21.46333333333333,240145.6023,0.11486787684817282,2.0419543547722143,0
BOFA MERRILL LYNCH - PRUDENCIAL,2022-09-01,6903447.0,403657.0,3795741.0,0.2122,0.1217999999999999,179.54,-1.3245430992000151,27.44,0.0,0,5256599.0,527905.0,2912163.0,0.2153999999999999,0.0874,172.27,21.08666666666667,254523.0462,0.16766446723407483,1.6022708807610468,0
BOFA MERRILL LYNCH - PRUDENCIAL,2022-12-01,7427441.0,333321.0,3795741.0,0.1853,0.1296,180.33,1.6286339977999995,29.036666666666665,0.0,0,5938361.0,452589.0,2912163.0,0.1937,0.0993999999999999,174.3,22.62,289469.0021999997,0.13904272036462256,1.8232636595008056,0
BOFA MERRILL LYNCH - PRUDENCIAL,2023-03-01,8554437.0,654038.0,4094099.0,0.2042,0.13,182.74,2.094210609200031,30.19,0.0,0,8428494.0,376958.0,3321589.0,0.1838,0.1082,175.72,24.72,359395.92980000004,0.05110984864145632,2.9213158286738174,0
BOFA MERRILL LYNCH - PRUDENCIAL,2023-06-01,8944700.0,290170.0,4094099.0,0.2115,0.1309,184.28,0.760729877599986,32.02333333333333,0.0,0,7101111.0,611630.0,3321589.0,0.2171999999999999,0.0934,177.81,25.546666666666667,310236.4126,0.11917896004112295,2.0002282432356764,0
BOFA MERRILL LYNCH - PRUDENCIAL,2023-09-01,6877398.0,535324.0,4523919.0,0.2244,0.1378,184.44,0.6111867176000096,31.51333333333333,0.0,0,6903447.0,403657.0,3795741.0,0.2122,0.1217999999999999,179.54,27.44,462321.2537999996,0.17287633532402538,1.5653777038634327,0
BOFA MERRILL LYNCH - PRUDENCIAL,2023-12-01,8116871.0,602115.0,4523919.0,0.2194,0.1438,185.03,1.083587763199989,30.41333333333333,0.0,0,7427441.0,333321.0,3795741.0,0.1853,0.1296,180.33,29.036666666666665,491928.03359999997,0.15317414482316627,1.7099195961239464,0
BOFA MERRILL LYNCH - PRUDENCIAL,2024-03-01,7007119.0,497220.0,4772526.0,0.2542999999999999,0.1362,186.65,1.415491577599992,29.896666666666665,0.0,0,8554437.0,654038.0,4094099.0,0.2042,0.13,182.74,30.19,532232.87,0.12630718150941106,1.9340119592696468,0
BOFA MERRILL LYNCH - PRUDENCIAL,2024-06-01,7386215.0,578413.0,4772526.0,0.2289999999999999,0.1273,189.49,1.053515670799987,29.07333333333333,0.0,0,8944700.0,290170.0,4094099.0,0.2115,0.1309,184.28,32.02333333333333,535917.5591,0.10285378623421464,2.1659104233818063,0
BOFA MERRILL LYNCH - PRUDENCIAL,2024-09-01,5535885.0,648628.0,5032071.0,0.2542,0.147,190.99,0.8015076655999875,28.473333333333333,0.0,0,6877398.0,535324.0,4523919.0,0.2244,0.1378,184.44,31.51333333333333,623396.0382000001,0.32639275287354735,0.7245458021794605,0
BOFA MERRILL LYNCH - PRUDENCIAL,2024-12-01,7218823.0,924899.0,5032071.0,0.1932,0.1093,191.11,1.47713535680003,27.96,0.0,0,8116871.0,602115.0,4523919.0,0.2194,0.1438,185.03,30.41333333333333,650539.5522,0.19450565824910107,1.420994924308311,0
BOFA MERRILL LYNCH - PRUDENCIAL,2025-03-01,5749521.0,523246.0,3368125.0,0.2693,0.1299,193.61,2.040339737600028,29.313333333333333,0.0,0,7007119.0,497220.0,4772526.0,0.2542999999999999,0.1362,186.65,29.896666666666665,650018.0412,0.3052826625245477,0.8222669445080477,0
BOFA MERRILL LYNCH - PRUDENCIAL,2025-06-01,6353504.0,487095.0,3368125.0,0.2267,0.1268999999999999,194.33,0.9327766831999762,31.666666666666668,0.0,0,7386215.0,578413.0,4772526.0,0.2289999999999999,0.1273,189.49,29.07333333333333,607542.5597999999,0.26304318526223897,1.0302110733782979,0
BOFA MERRILL LYNCH - PRUDENCIAL,2025-09-01,7326467.0,818688.0,3297287.0,0.2423,0.1509,,0.6304326271999727,31.94666666666667,0.0,0,5535885.0,648628.0,5032071.0,0.2542,0.147,190.99,28.473333333333333,739714.4369999999,0.5617553879702166,-0.24828927275232318,0
BR PARTNERS - PRUDENCIAL,2017-03-01,80143.0,4086.0,84144.0,0.6309,0.4421,164.34,0.9630321349999972,41.17333333333333,0.0,0,145965.0,400472.0,51892.0,0.1923,0.3339999999999999,163.26,35.07,17331.927999999996,0.5626518868161018,-0.2519316427523324,0
BR PARTNERS - PRUDENCIAL,2017-06-01,91745.0,55267.0,84144.0,0.4988,0.4603,165.65,0.2193980018000196,36.63666666666666,0.0,0,148724.0,4935.0,51892.0,0.5069,0.4045,163.72,38.303333333333335,20990.314000000002,0.4557062535213298,0.17764065538370039,0
BR PARTNERS - PRUDENCIAL,2017-09-01,104976.0,12865.0,83683.0,0.5989,0.45,166.12,0.5911447296000016,36.16333333333333,0.0,0,141985.0,8933.0,74861.0,0.4721,0.4095,162.92,39.71333333333333,30655.5795,0.4841513486188335,0.0634158497815209,0
BR PARTNERS - PRUDENCIAL,2017-12-01,112965.0,33729.0,83683.0,0.5004,0.4422999999999999,167.13,1.144261174399985,33.526666666666664,0.0,0,82570.0,2850.0,74861.0,0.5754,0.4064,162.73,40.38,30423.5104,0.4927622023220694,0.02895321333492161,0
BR PARTNERS - PRUDENCIAL,2018-03-01,78229.0,11882.0,95909.0,0.583,0.5067,167.98,0.7014778351999817,33.15,0.0,0,80143.0,4086.0,84144.0,0.6309,0.4421,164.34,41.17333333333333,37200.0624,0.47420636355742607,0.10326621668741803,0
BR PARTNERS - PRUDENCIAL,2018-06-01,148294.0,4699.0,95909.0,0.4987,0.5588000000000001,167.89,1.8887030879999989,30.82333333333333,0.0,0,91745.0,55267.0,84144.0,0.4988,0.4603,165.65,36.63666666666666,38731.4832,0.39964863471548645,0.40692934492257987,0
BR PARTNERS - PRUDENCIAL,2018-09-01,156092.0,5237.0,93731.0,0.4857,0.5101,169.35,0.7208535743999933,28.546666666666667,0.0,0,104976.0,12865.0,83683.0,0.5989,0.45,166.12,36.16333333333333,37657.35,0.38424476550022196,0.4715697784565936,0
BR PARTNERS - PRUDENCIAL,2018-12-01,138148.0,1150.0,93731.0,0.5366,0.4216,169.09,0.3894135824999978,28.71666666666667,0.0,0,112965.0,33729.0,83683.0,0.5004,0.4422999999999999,167.13,33.526666666666664,37012.99089999999,0.36434653022207936,0.5565481352972323,0
BR PARTNERS - PRUDENCIAL,2019-03-01,90183.0,4404.0,96006.0,0.5871999999999999,0.473,169.51,1.507011320000018,30.386666666666667,0.0,0,78229.0,11882.0,95909.0,0.583,0.5067,167.98,33.15,48597.0903,0.2961073476700935,0.8659038125614942,0
BR PARTNERS - PRUDENCIAL,2019-06-01,99766.0,50.0,96006.0,0.6703,0.4149,170.58,0.710811074100004,30.69666666666667,0.0,0,148294.0,4699.0,95909.0,0.4987,0.5588000000000001,167.89,30.82333333333333,53593.94920000001,0.21956261405784155,1.2682170643537598,0
BR PARTNERS - PRUDENCIAL,2019-09-01,111701.0,1941.0,94673.0,0.665,0.4288,170.5,0.2600889164000142,30.59,0.0,0,156092.0,5237.0,93731.0,0.4857,0.5101,169.35,28.546666666666667,47812.1831,0.23183693520077955,1.1979677756709708,0
BR PARTNERS - PRUDENCIAL,2019-12-01,186366.0,445.0,94673.0,0.4846999999999999,0.5347999999999999,171.91,1.767530865000011,29.096666666666664,0.0,0,138148.0,1150.0,93731.0,0.5366,0.4216,169.09,28.71666666666667,39516.9896,0.3037812549658482,0.8293560135737005,0
BR PARTNERS - PRUDENCIAL,2020-03-01,143697.0,17138.0,90811.0,0.4306,0.5182,168.09,0.5308473674999981,28.24,0.0,0,90183.0,4404.0,96006.0,0.5871999999999999,0.473,169.51,30.386666666666667,45410.837999999996,0.2872202064110192,0.9089233366724553,0
BR PARTNERS - PRUDENCIAL,2020-06-01,208255.0,1335.0,90811.0,0.4571,0.4385,153.27,-0.4306129372000034,24.44333333333333,0.0,0,99766.0,50.0,96006.0,0.6703,0.4149,170.58,30.69666666666667,39832.8894,0.34025159143036865,0.6621732446012152,0
BR PARTNERS - PRUDENCIAL,2020-09-01,214663.0,2365.0,92004.0,0.3949,0.4274,165.34,1.2447095295999857,21.71666666666667,0.0,0,111701.0,1941.0,94673.0,0.665,0.4288,170.5,30.59,40595.782400000004,0.32381053779444313,0.7363147215976422,0
BR PARTNERS - PRUDENCIAL,2020-12-01,311285.0,26890.0,92004.0,0.3956,0.4991,171.47,3.131382328999988,20.72,0.0,0,186366.0,445.0,94673.0,0.4846999999999999,0.5347999999999999,171.91,29.096666666666664,50631.12039999999,0.2281206076947206,1.2189538401552493,0
BR PARTNERS - PRUDENCIAL,2021-03-01,365453.0,31198.0,94916.0,0.3646,0.507,173.12,2.052492994999988,22.403333333333336,0.0,0,143697.0,17138.0,90811.0,0.4306,0.5182,168.09,28.24,47058.2602,0.22321101657941494,1.2470511482791757,0
BR PARTNERS - PRUDENCIAL,2021-06-01,585620.0,198372.0,94916.0,0.2298,0.2751,172.06,1.6786286369000036,21.46333333333333,0.0,0,208255.0,1335.0,90811.0,0.4571,0.4385,153.27,24.44333333333333,39820.6235,0.16704598260549766,1.6067093200967817,0
BR PARTNERS - PRUDENCIAL,2021-09-01,782310.0,1706.0,109663.0,0.3504,0.6031,172.27,3.0196768831999954,21.08666666666667,0.0,0,214663.0,2365.0,92004.0,0.3949,0.4274,165.34,21.71666666666667,39322.5096,0.19031998571297706,1.4479323347231492,0
BR PARTNERS - PRUDENCIAL,2021-12-01,874706.0,3239.0,109663.0,0.3449,0.4606,174.3,2.958021687500012,22.62,0.0,0,311285.0,26890.0,92004.0,0.3956,0.4991,171.47,20.72,45919.1964,0.15068718473148152,1.729221506264436,0
BR PARTNERS - PRUDENCIAL,2022-03-01,1036429.0,1181.0,153348.0,0.288,0.3935,175.72,3.2006523548000043,24.72,0.0,0,365453.0,31198.0,94916.0,0.3646,0.507,173.12,22.403333333333336,48122.412000000004,0.16758000793602648,1.6028762151856444,0
BR PARTNERS - PRUDENCIAL,2022-06-01,1155330.0,6145.0,153348.0,0.2877,0.4192,177.81,2.215266379399994,25.546666666666667,0.0,0,585620.0,198372.0,94916.0,0.2298,0.2751,172.06,21.46333333333333,26111.391600000003,0.33951884651686354,0.665439131968492,0
BR PARTNERS - PRUDENCIAL,2022-09-01,1328222.0,1488.0,239216.0,0.2476,0.3828,179.54,-1.3245430992000151,27.44,0.0,0,782310.0,1706.0,109663.0,0.3504,0.6031,172.27,21.08666666666667,66137.75529999999,0.08632608791028092,2.359341892072963,0
BR PARTNERS - PRUDENCIAL,2022-12-01,1316057.0,657.0,239216.0,0.2432,0.2889,180.33,1.6286339977999995,29.036666666666665,0.0,0,874706.0,3239.0,109663.0,0.3449,0.4606,174.3,22.62,50510.7778,0.1634631117807376,1.632683269001501,0
BR PARTNERS - PRUDENCIAL,2023-03-01,2459204.0,691.0,261276.0,0.1993,0.256,182.74,2.094210609200031,30.19,0.0,0,1036429.0,1181.0,153348.0,0.288,0.3935,175.72,24.72,60342.438,0.23665742208678467,1.1710932997419903,0
BR PARTNERS - PRUDENCIAL,2023-06-01,2562018.0,1408.0,261276.0,0.1864,0.2537999999999999,184.28,0.760729877599986,32.02333333333333,0.0,0,1155330.0,6145.0,153348.0,0.2877,0.4192,177.81,25.546666666666667,64283.4816,0.22629984717770898,1.2293235218751541,0
BR PARTNERS - PRUDENCIAL,2023-09-01,2555328.0,8460.0,335349.0,0.1743,0.247,184.44,0.6111867176000096,31.51333333333333,0.0,0,1328222.0,1488.0,239216.0,0.2476,0.3828,179.54,27.44,91571.8848,0.2911522661028375,0.8897943602916227,0
BR PARTNERS - PRUDENCIAL,2023-12-01,2527930.0,5553.0,335349.0,0.1639999999999999,0.1541,185.03,1.083587763199989,30.41333333333333,0.0,0,1316057.0,657.0,239216.0,0.2432,0.2889,180.33,29.036666666666665,69109.5024,0.4095386528864842,0.36587288648837246,0
BR PARTNERS - PRUDENCIAL,2024-03-01,2525889.0,3045.0,365888.0,0.1605,0.1964999999999999,186.65,1.415491577599992,29.896666666666665,0.0,0,2459204.0,691.0,261276.0,0.1993,0.256,182.74,30.19,66886.656,0.3330152946869118,0.6945786963211373,0
BR PARTNERS - PRUDENCIAL,2024-06-01,2587002.0,4576.0,365888.0,0.1639,0.1332,189.49,1.053515670799987,29.07333333333333,0.0,0,2562018.0,1408.0,261276.0,0.1864,0.2537999999999999,184.28,32.02333333333333,66311.84879999998,0.36373697852202996,0.5591810138222761,0
BR PARTNERS - PRUDENCIAL,2024-09-01,2608542.0,3066.0,428629.0,0.1553,0.2097,190.99,0.8015076655999875,28.473333333333333,0.0,0,2555328.0,8460.0,335349.0,0.1743,0.247,184.44,31.51333333333333,82831.203,0.37566259240497674,0.5079995597986348,0
BR PARTNERS - PRUDENCIAL,2024-12-01,3812736.0,5927.0,428629.0,0.1024,0.1429,191.11,1.47713535680003,27.96,0.0316471762008048,0,2527930.0,5553.0,335349.0,0.1639999999999999,0.1541,185.03,30.41333333333333,51677.2809,0.44796128061565044,0.20891138632777642,0
BRADESCO - PRUDENCIAL,2017-03-01,546287465.0,3235147.0,48156699.0,0.1118,0.0675,164.34,0.9630321349999972,41.17333333333333,0.097187937867169,0,543276415.0,5533358.0,38501528.0,0.1286999999999999,0.0791,163.26,35.07,3045470.8648,1.0232800645884333e-127,292.40529359291577,0
BRADESCO - PRUDENCIAL,2017-06-01,550858207.0,5388425.0,47222493.0,0.1163,0.0718,165.65,0.2193980018000196,36.63666666666666,0.0932080138977624,0,529475417.0,3337266.0,38501528.0,0.1362,0.0813,163.72,38.303333333333335,3130174.2264,1.1892675021245492e-124,285.3472139581966,0
BRADESCO - PRUDENCIAL,2017-09-01,547411237.0,3275666.0,47605162.0,0.1247,0.0742999999999999,166.12,0.5911447296000016,36.16333333333333,0.092161598031397,0,588914119.0,2947880.0,50443507.0,0.1106,0.0667,162.92,39.71333333333333,3364581.9168999996,1.2049195267598009e-138,317.5703300513377,0
BRADESCO - PRUDENCIAL,2017-12-01,554928771.0,2729035.0,47605162.0,0.1227999999999999,0.0753,167.13,1.144261174399985,33.526666666666664,0.0923185274652695,0,593241249.0,3384193.0,50443507.0,0.1118,0.0716,162.73,40.38,3611755.1012,2.3640447914870767e-139,319.1989538795784,0
BRADESCO - PRUDENCIAL,2018-03-01,567175775.0,2855241.0,53509834.0,0.1158,0.0706,167.98,0.7014778351999817,33.15,0.0930647736690548,0,546287465.0,3235147.0,48156699.0,0.1118,0.0675,164.34,41.17333333333333,3250577.1825,2.84944046651764e-128,293.6837692558697,0
BRADESCO - PRUDENCIAL,2018-06-01,588341325.0,4410823.0,53509834.0,0.1058,0.0674,167.89,1.8887030879999989,30.82333333333333,0.0860897139439725,0,550858207.0,5388425.0,47222493.0,0.1163,0.0718,165.65,36.63666666666666,3390574.9974,6.162353419066262e-129,295.2150182431987,0
BRADESCO - PRUDENCIAL,2018-09-01,590790718.0,4204991.0,53150786.0,0.1143,0.0704,169.35,0.7208535743999933,28.546666666666667,0.0840297306991127,0,547411237.0,3275666.0,47605162.0,0.1247,0.0742999999999999,166.12,36.16333333333333,3537063.536599995,1.9471426151942834e-128,294.06452893094297,0
BRADESCO - PRUDENCIAL,2018-12-01,598057619.0,3715736.0,53150786.0,0.1226,0.0783,169.09,0.3894135824999978,28.71666666666667,0.0818646818335832,0,554928771.0,2729035.0,47605162.0,0.1227999999999999,0.0753,167.13,33.526666666666664,3584668.6986000002,1.975058449121898e-130,298.65546409691865,0
BRADESCO - PRUDENCIAL,2019-03-01,612394209.0,5161867.0,57494077.0,0.1303,0.0828999999999999,169.51,1.507011320000018,30.386666666666667,0.0844974595598667,0,567175775.0,2855241.0,53509834.0,0.1158,0.0706,167.98,33.15,3777794.2803999996,4.842580163115764e-133,304.6663696980695,0
BRADESCO - PRUDENCIAL,2019-06-01,632614591.0,4229468.0,57494077.0,0.1366,0.0877,170.58,0.710811074100004,30.69666666666667,0.0825495158664406,0,588341325.0,4410823.0,53509834.0,0.1058,0.0674,167.89,30.82333333333333,3606562.8116,4.231772033054252e-138,316.31412200759894,0
BRADESCO - PRUDENCIAL,2019-09-01,659400626.0,6387679.0,64572141.0,0.1338,0.0892,170.5,0.2600889164000142,30.59,0.0792143116042377,0,590790718.0,4204991.0,53150786.0,0.1143,0.0704,169.35,28.546666666666667,3741815.3344,1.083915626352888e-138,317.676162768758,0
BRADESCO - PRUDENCIAL,2019-12-01,680907697.0,8376867.0,64572141.0,0.1202,0.0821,171.91,1.767530865000011,29.096666666666664,0.0776689281933735,0,598057619.0,3715736.0,53150786.0,0.1226,0.0783,169.09,28.71666666666667,4161706.5437999996,3.4933514921254155e-140,321.1110514309276,0
BRADESCO - PRUDENCIAL,2020-03-01,781319286.0,5972447.0,63720003.0,0.1033,0.0739,168.09,0.5308473674999981,28.24,0.0782535336603874,0,612394209.0,5161867.0,57494077.0,0.1303,0.0828999999999999,169.51,30.386666666666667,4766258.983299995,1.3258818499211792e-142,326.6850054200842,0
BRADESCO - PRUDENCIAL,2020-06-01,786297279.0,9031778.0,63720003.0,0.1147,0.0789,153.27,-0.4306129372000034,24.44333333333333,0.078026035027696,0,632614591.0,4229468.0,57494077.0,0.1366,0.0877,170.58,30.69666666666667,5042230.5529000005,1.771586777207532e-147,337.90813304094297,0
BRADESCO - PRUDENCIAL,2020-09-01,787660415.0,10553866.0,64413820.0,0.1185,0.0771,165.34,1.2447095295999857,21.71666666666667,0.0793700283903924,0,659400626.0,6387679.0,64572141.0,0.1338,0.0892,170.5,30.59,5759834.977200001,1.1854283501165863e-152,349.82282994903323,0
BRADESCO - PRUDENCIAL,2020-12-01,779588540.0,6608819.0,64413820.0,0.1268999999999999,0.0823,171.47,3.131382328999988,20.72,0.0770235577034159,0,680907697.0,8376867.0,64572141.0,0.1202,0.0821,171.91,29.096666666666664,5301372.7761,6.32986319710297e-158,361.96316606906873,0
BRADESCO - PRUDENCIAL,2021-03-01,797724844.0,7006587.0,66907975.0,0.1256,0.0813,173.12,2.052492994999988,22.403333333333336,0.0748114036705529,0,781319286.0,5972447.0,63720003.0,0.1033,0.0739,168.09,28.24,4708908.2217,1.1522645362208803e-183,421.2313428499619,0
BRADESCO - PRUDENCIAL,2021-06-01,799070311.0,9866480.0,66907975.0,0.1307,0.0837,172.06,1.6786286369000036,21.46333333333333,0.0694067354081374,0,786297279.0,9031778.0,63720003.0,0.1147,0.0789,153.27,24.44333333333333,5027508.2367,3.5990452632567646e-184,422.3949885053662,0
BRADESCO - PRUDENCIAL,2021-09-01,846972061.0,5839020.0,71593740.0,0.1268,0.0824,172.27,3.0196768831999954,21.08666666666667,0.0679955442176284,0,787660415.0,10553866.0,64413820.0,0.1185,0.0771,165.34,21.71666666666667,4966305.522,3.6612788300066816e-184,422.3778446175139,0
BRADESCO - PRUDENCIAL,2021-12-01,873736764.0,4028992.0,71593740.0,0.1249,0.0852999999999999,174.3,2.958021687500012,22.62,0.0682851423057068,0,779588540.0,6608819.0,64413820.0,0.1268999999999999,0.0823,171.47,20.72,5301257.386,9.738497295498875e-183,419.09698519403486,0
BRADESCO - PRUDENCIAL,2022-03-01,890991103.0,2905693.0,74882037.0,0.1247,0.085,175.72,3.2006523548000043,24.72,0.0734054630034027,0,797724844.0,7006587.0,66907975.0,0.1256,0.0813,173.12,22.403333333333336,5439618.3675,8.371258953799725e-187,428.45860810415564,0
BRADESCO - PRUDENCIAL,2022-06-01,890743480.0,4028905.0,75255092.0,0.1188,0.0814,177.81,2.215266379399994,25.546666666666667,0.0792528972904552,0,799070311.0,9866480.0,66907975.0,0.1307,0.0837,172.06,21.46333333333333,5600197.507499999,2.239972739575918e-186,427.47436360103177,0
BRADESCO - PRUDENCIAL,2022-09-01,900057013.0,3890056.0,79338983.0,0.1213,0.0756,179.54,-1.3245430992000151,27.44,0.0822126770935603,0,846972061.0,5839020.0,71593740.0,0.1268,0.0824,172.27,21.08666666666667,5899324.176,1.3794667691258634e-198,455.5901513876075,0
BRADESCO - PRUDENCIAL,2022-12-01,883428287.0,2843339.0,79338983.0,0.1096,0.0736,180.33,1.6286339977999995,29.036666666666665,0.0930514972372572,0,873736764.0,4028992.0,71593740.0,0.1249,0.0852999999999999,174.3,22.62,6106946.021999993,2.861602482838016e-205,470.97856228727727,0
BRADESCO - PRUDENCIAL,2023-03-01,850495307.0,5008521.0,82977742.0,0.1107,0.0721,182.74,2.094210609200031,30.19,0.1042162594857018,0,890991103.0,2905693.0,74882037.0,0.1247,0.085,175.72,24.72,6364973.1450000005,2.570778639298219e-209,480.2960756103457,0
BRADESCO - PRUDENCIAL,2023-06-01,855319453.0,7672854.0,82977742.0,0.1143,0.0741,184.28,0.760729877599986,32.02333333333333,0.1098534618999272,0,890743480.0,4028905.0,75255092.0,0.1188,0.0814,177.81,25.546666666666667,6125764.4888,3.623488517711551e-209,479.95284719513245,0
BRADESCO - PRUDENCIAL,2023-09-01,834953059.0,3658176.0,86380759.0,0.1185,0.0749,184.44,0.6111867176000096,31.51333333333333,0.1103141476461181,0,900057013.0,3890056.0,79338983.0,0.1213,0.0756,179.54,27.44,5998027.1148,2.128049579140558e-211,485.0902487521673,0
BRADESCO - PRUDENCIAL,2023-12-01,842399937.0,1674317.0,86380759.0,0.1168,0.0732,185.03,1.083587763199989,30.41333333333333,0.099566348526228,0,883428287.0,2843339.0,79338983.0,0.1096,0.0736,180.33,29.036666666666665,5839349.1488,1.171952143772595e-207,476.47644339250485,0
BRADESCO - PRUDENCIAL,2024-03-01,829473012.0,4413281.0,89885721.0,0.1121,0.0693,186.65,1.415491577599992,29.896666666666665,0.0917884421065277,0,850495307.0,5008521.0,82977742.0,0.1107,0.0721,182.74,30.19,5982695.1981999995,8.200683635847308e-199,456.1102159848947,0
BRADESCO - PRUDENCIAL,2024-06-01,865257299.0,1877658.0,89885721.0,0.1110999999999999,0.0683,189.49,1.053515670799987,29.07333333333333,0.0876919754025196,0,855319453.0,7672854.0,82977742.0,0.1143,0.0741,184.28,32.02333333333333,6148650.6822,3.7349758387892885e-199,456.8966921562162,0
BRADESCO - PRUDENCIAL,2024-09-01,880158816.0,2589411.0,93224674.0,0.1123,0.0701,190.99,0.8015076655999875,28.473333333333333,0.0822196715685914,0,834953059.0,3658176.0,86380759.0,0.1185,0.0749,184.44,31.51333333333333,6469918.849099999,1.0691034275541157e-194,446.6346876618944,0
BRADESCO - PRUDENCIAL,2024-12-01,887255002.0,2438714.0,93224674.0,0.1051,0.067,191.11,1.47713535680003,27.96,0.0767731786428576,0,842399937.0,1674317.0,86380759.0,0.1168,0.0732,185.03,30.41333333333333,6323071.5588,3.882765760376475e-197,452.25271559539146,0
BRADESCO - PRUDENCIAL,2025-03-01,900690719.0,3046032.0,113123058.0,0.1108,0.0701,193.61,2.040339737600028,29.313333333333333,0.0571040772982258,0,829473012.0,4413281.0,89885721.0,0.1121,0.0693,186.65,29.896666666666665,6229080.4653,2.401557009546112e-193,443.52280566696925,0
BRADESCO - PRUDENCIAL,2025-06-01,916623420.0,3410533.0,113123058.0,0.1106,0.0697,194.33,0.9327766831999762,31.666666666666668,0.0514107299709439,0,865257299.0,1877658.0,89885721.0,0.1110999999999999,0.0683,189.49,29.07333333333333,6139194.7443,9.443125092013503e-203,465.1794869046353,0
BRADESCO - PRUDENCIAL,2025-09-01,924687572.0,5052136.0,114757266.0,0.1139,0.0706,,0.6304326271999727,31.94666666666667,0.0411220391342174,0,880158816.0,2589411.0,93224674.0,0.1123,0.0701,190.99,28.473333333333333,6535049.647399999,9.157886504575158e-206,472.1179137357514,0
BRASIL PLURAL - PRUDENCIAL,2017-03-01,232589.0,5664.0,251808.0,0.1119999999999999,0.095,164.34,0.9630321349999972,41.17333333333333,0.195643733713925,1,188104.0,42299.0,227363.0,0.1329,0.1231,163.26,35.07,27988.3853,0.7429910036388203,-1.0615728465186842,1
BRASIL PLURAL - PRUDENCIAL,2017-06-01,236163.0,103.0,251808.0,0.1208,0.0824,165.65,0.2193980018000196,36.63666666666666,0.1575279712983559,0,193410.0,37952.0,227363.0,0.1568,0.1032,163.72,38.303333333333335,23463.8616,0.7993053735188489,-1.3819585853338796,1
BRASIL PLURAL - PRUDENCIAL,2017-09-01,216795.0,438.0,262617.0,0.1108,0.0645,166.12,0.5911447296000016,36.16333333333333,0.1322831303973152,0,180650.0,56772.0,234402.0,0.138,0.1365,162.92,39.71333333333333,31995.873000000003,0.7969287522093145,-1.3672083875292618,1
BRASIL PLURAL - PRUDENCIAL,2017-12-01,187854.0,4022.0,262617.0,0.1411,0.0825,167.13,1.144261174399985,33.526666666666664,0.0849667456181926,0,193568.0,12916.0,234402.0,0.1562,0.1235,162.73,40.38,28948.647,0.8062288712073071,-1.4256899468750257,1
BRASIL PLURAL - PRUDENCIAL,2018-03-01,179396.0,2192.0,257868.0,0.1096,0.0663,167.98,0.7014778351999817,33.15,0.09190083718646,0,232589.0,5664.0,251808.0,0.1119999999999999,0.095,164.34,41.17333333333333,23921.760000000002,0.8377611117725777,-1.6416631220041706,1
BRASIL PLURAL - PRUDENCIAL,2018-06-01,168498.0,3669.0,257868.0,0.1076999999999999,0.0665,167.89,1.8887030879999989,30.82333333333333,0.0784495943817637,0,236163.0,103.0,251808.0,0.1208,0.0824,165.65,36.63666666666666,20748.9792,0.7966305081985143,-1.3653664863156583,1
BRASIL PLURAL - PRUDENCIAL,2018-09-01,172478.0,1254.0,254356.0,0.0956,0.0622,169.35,0.7208535743999933,28.546666666666667,0.0652012450541934,0,216795.0,438.0,262617.0,0.1108,0.0645,166.12,36.16333333333333,16938.7965,0.8068695765627623,-1.4297963097465456,1
BRASIL PLURAL - PRUDENCIAL,2018-12-01,174324.0,5077.0,254356.0,0.1301,0.0753,169.09,0.3894135824999978,28.71666666666667,0.1272059689616499,0,187854.0,4022.0,262617.0,0.1411,0.0825,167.13,33.526666666666664,21665.9025,0.7654626882707561,-1.182865784757287,1
BRASIL PLURAL - PRUDENCIAL,2019-03-01,206692.0,1514.0,298328.0,0.1079,0.0636,169.51,1.507011320000018,30.386666666666667,0.1358059174447591,0,179396.0,2192.0,257868.0,0.1096,0.0663,167.98,33.15,17096.6484,0.77864285390138,-1.2577750300822157,1
BRASIL PLURAL - PRUDENCIAL,2019-06-01,192787.0,1139.0,298328.0,0.1229,0.0487999999999999,170.58,0.710811074100004,30.69666666666667,0.1814982707954084,1,168498.0,3669.0,257868.0,0.1076999999999999,0.0665,167.89,30.82333333333333,17148.222,0.7473345446056648,-1.0844466323505428,1
BRASIL PLURAL - PRUDENCIAL,2019-09-01,177713.0,827.0,302709.0,0.1386,0.0695,170.5,0.2600889164000142,30.59,0.0589356831716022,0,172478.0,1254.0,254356.0,0.0956,0.0622,169.35,28.546666666666667,15820.9432,0.7239371822859246,-0.9640761832273286,1
BRB - PRUDENCIAL,2017-03-01,8259398.0,48642.0,903306.0,0.1125999999999999,0.0715,164.34,0.9630321349999972,41.17333333333333,0.0641225473605352,0,9170432.0,26522.0,808794.0,0.1132,0.0781,163.26,35.07,63166.8114,0.024761991002541818,3.673371696461272,0
BRB - PRUDENCIAL,2017-06-01,8138469.0,62613.0,903306.0,0.1119999999999999,0.0705,165.65,0.2193980018000196,36.63666666666666,0.0613619142907376,0,9349981.0,23800.0,808794.0,0.0943,0.0665,163.72,38.303333333333335,53784.801,0.030017286266551816,3.4755048259457575,0
BRB - PRUDENCIAL,2017-09-01,7882110.0,52702.0,916964.0,0.1181,0.0692,166.12,0.5911447296000016,36.16333333333333,0.0546498783488113,0,8659681.0,30004.0,855810.0,0.113,0.0716,162.92,39.71333333333333,61275.996,0.04705901028816422,3.0081506290604456,0
BRB - PRUDENCIAL,2017-12-01,7886946.0,44432.0,916964.0,0.1201,0.0677,167.13,1.144261174399985,33.526666666666664,0.0492986328147523,0,8609477.0,33319.0,855810.0,0.1124,0.0739,162.73,40.38,63244.359,0.050342681084083234,2.937247954889391,0
BRB - PRUDENCIAL,2018-03-01,7776083.0,88356.0,939362.0,0.1202,0.0673,167.98,0.7014778351999817,33.15,0.0473052203791141,0,8259398.0,48642.0,903306.0,0.1125999999999999,0.0715,164.34,41.17333333333333,64586.37899999999,0.06809821696409735,2.6162763960307087,0
BRB - PRUDENCIAL,2018-06-01,7705399.0,84799.0,939362.0,0.1282,0.0691,167.89,1.8887030879999989,30.82333333333333,0.0496905199878764,0,8138469.0,62613.0,903306.0,0.1119999999999999,0.0705,165.65,36.63666666666666,63683.073,0.054446566897292915,2.8545506028357703,0
BRB - PRUDENCIAL,2018-09-01,7731054.0,57363.0,898082.0,0.1377,0.0706,169.35,0.7208535743999933,28.546666666666667,0.0583358298373344,0,7882110.0,52702.0,916964.0,0.1181,0.0692,166.12,36.16333333333333,63453.9088,0.06079226208170665,2.7375741755062863,0
BRB - PRUDENCIAL,2018-12-01,7721201.0,52741.0,898082.0,0.122,0.0639,169.09,0.3894135824999978,28.71666666666667,0.0562142650608811,0,7886946.0,44432.0,916964.0,0.1201,0.0677,167.13,33.526666666666664,62078.462799999994,0.05117458605934711,2.919981770554049,0
BRB - PRUDENCIAL,2019-03-01,7879157.0,36023.0,917772.0,0.1289,0.0677,169.51,1.507011320000018,30.386666666666667,0.0553378329865797,0,7776083.0,88356.0,939362.0,0.1202,0.0673,167.98,33.15,63219.0626,0.05532855592968214,2.8375480315722044,0
BRB - PRUDENCIAL,2019-06-01,8145771.0,30698.0,917772.0,0.1351,0.0692,170.58,0.710811074100004,30.69666666666667,0.0454060615184411,0,7705399.0,84799.0,939362.0,0.1282,0.0691,167.89,30.82333333333333,64909.91419999999,0.04793673075807279,2.9887494597448065,0
BRB - PRUDENCIAL,2019-09-01,8583242.0,31406.0,864184.0,0.1362,0.073,170.5,0.2600889164000142,30.59,0.0406422482492644,0,7731054.0,57363.0,898082.0,0.1377,0.0706,169.35,28.546666666666667,63404.589199999995,0.0401172163174373,3.175005600006316,0
BRB - PRUDENCIAL,2019-12-01,9318819.0,48727.0,864184.0,0.1461,0.0808,171.91,1.767530865000011,29.096666666666664,0.0383416264745938,0,7721201.0,52741.0,898082.0,0.122,0.0639,169.09,28.71666666666667,57387.4398,0.041494993798812684,3.1398019969239632,0
BRB - PRUDENCIAL,2020-03-01,10146151.0,48595.0,847386.0,0.1383,0.0788,168.09,0.5308473674999981,28.24,0.035580816752201,0,7879157.0,36023.0,917772.0,0.1289,0.0677,169.51,30.386666666666667,62133.164399999994,0.0427609964922289,3.1084267126155907,0
BRB - PRUDENCIAL,2020-06-01,11080266.0,34230.0,847386.0,0.1398,0.0783,153.27,-0.4306129372000034,24.44333333333333,0.0338094454848662,0,8145771.0,30698.0,917772.0,0.1351,0.0692,170.58,30.69666666666667,63509.8224,0.03845645088587318,3.2190134017535614,0
BRB - PRUDENCIAL,2020-09-01,11832040.0,26153.0,867656.0,0.1336999999999999,0.0712,165.34,1.2447095295999857,21.71666666666667,0.031261243531374,0,8583242.0,31406.0,864184.0,0.1362,0.073,170.5,30.59,63085.43199999999,0.02939727438716083,3.4970152831160393,0
BRB - PRUDENCIAL,2020-12-01,12842681.0,13403.0,867656.0,0.1282,0.0622,171.47,3.131382328999988,20.72,0.030477672497635,0,9318819.0,48727.0,864184.0,0.1461,0.0808,171.91,29.096666666666664,69826.06719999999,0.017840678644158395,4.008272369982903,0
BRB - PRUDENCIAL,2021-03-01,13689148.0,13240.0,956177.0,0.1258,0.061,173.12,2.052492994999988,22.403333333333336,0.0271695114868769,0,10146151.0,48595.0,847386.0,0.1383,0.0788,168.09,28.24,66774.0168,0.009703692816186061,4.625497682873875,0
BRB - PRUDENCIAL,2021-06-01,14479943.0,10021.0,956177.0,0.1275,0.0712,172.06,1.6786286369000036,21.46333333333333,0.0261786837986431,0,11080266.0,34230.0,847386.0,0.1398,0.0783,153.27,24.44333333333333,66350.3238,0.0030094746647849487,5.802975733285798,0
BRB - PRUDENCIAL,2021-09-01,16289561.0,857301.0,1088719.0,0.1143,0.077,172.27,3.0196768831999954,21.08666666666667,0.0249298321280251,0,11832040.0,26153.0,867656.0,0.1336999999999999,0.0712,165.34,21.71666666666667,61777.1072,0.0021829648947880626,6.1248859317861575,0
BRB - PRUDENCIAL,2021-12-01,16831613.0,14051.0,1088719.0,0.123,0.075,174.3,2.958021687500012,22.62,0.0429879885481361,0,12842681.0,13403.0,867656.0,0.1282,0.0622,171.47,20.72,53968.203199999996,0.0013525834565782137,6.60438534480594,0
BRB - PRUDENCIAL,2022-03-01,18789797.0,20112.0,1241540.0,0.1023,0.0575,175.72,3.2006523548000043,24.72,0.0442183244571218,0,13689148.0,13240.0,956177.0,0.1258,0.061,173.12,22.403333333333336,58326.797,0.0010163546237128972,6.890516080276126,0
BRB - PRUDENCIAL,2022-06-01,20363955.0,26953.0,1241540.0,0.0923,0.0562999999999999,177.81,2.215266379399994,25.546666666666667,0.0316368800319125,0,14479943.0,10021.0,956177.0,0.1275,0.0712,172.06,21.46333333333333,68079.8024,0.0005754696819090065,7.459748377266905,0
BRB - PRUDENCIAL,2022-09-01,21617078.0,24829.0,1417427.0,0.0797,0.0521,179.54,-1.3245430992000151,27.44,0.0302423983361764,0,16289561.0,857301.0,1088719.0,0.1143,0.077,172.27,21.08666666666667,83831.363,0.00032357599393186687,8.035752931664373,0
BRB - PRUDENCIAL,2022-12-01,22373710.0,27381.0,1417427.0,0.0781,0.0504999999999999,180.33,1.6286339977999995,29.036666666666665,0.0282066573784952,0,16831613.0,14051.0,1088719.0,0.123,0.075,174.3,22.62,81653.925,0.0001812906880572957,8.615227496566126,0
BRB - PRUDENCIAL,2023-03-01,23170949.0,26733.0,1623265.0,0.0701,0.0482,182.74,2.094210609200031,30.19,0.0256619506142766,0,18789797.0,20112.0,1241540.0,0.1023,0.0575,175.72,24.72,71388.55,7.925637394557472e-05,9.442743460690851,0
BRB - PRUDENCIAL,2023-06-01,24360413.0,20259.0,1623265.0,0.0793,0.0513999999999999,184.28,0.760729877599986,32.02333333333333,0.0256815038341364,0,20363955.0,26953.0,1241540.0,0.0923,0.0562999999999999,177.81,25.546666666666667,69898.70199999987,3.7001984317974703e-05,10.204502013973661,0
BRB - PRUDENCIAL,2023-09-01,25014000.0,25922.0,1810956.0,0.0759,0.049,184.44,0.6111867176000096,31.51333333333333,0.026358604441568,0,21617078.0,24829.0,1417427.0,0.0797,0.0521,179.54,27.44,73847.9467,2.3023452980696196e-05,10.67897414313983,0
BRB - PRUDENCIAL,2023-12-01,25873032.0,51840.0,1810956.0,0.0787,0.0504999999999999,185.03,1.083587763199989,30.41333333333333,0.0301015543891763,0,22373710.0,27381.0,1417427.0,0.0781,0.0504999999999999,180.33,29.036666666666665,71580.06349999986,1.7395140215057564e-05,10.959302293548424,0
BRB - PRUDENCIAL,2024-03-01,26192754.0,33402.0,2033160.0,0.0751999999999999,0.0492,186.65,1.415491577599992,29.896666666666665,0.0384223590111076,0,23170949.0,26733.0,1623265.0,0.0701,0.0482,182.74,30.19,78241.373,1.340314160674072e-05,11.220008027090447,0
BRB - PRUDENCIAL,2024-06-01,26564588.0,44340.0,2033160.0,0.0722,0.0451,189.49,1.053515670799987,29.07333333333333,0.0420456624038243,0,24360413.0,20259.0,1623265.0,0.0793,0.0513999999999999,184.28,32.02333333333333,83435.82099999984,8.102002450151122e-06,11.723391208835427,0
BRB - PRUDENCIAL,2024-09-01,29368119.0,28301.0,2258254.0,0.077,0.0495,190.99,0.8015076655999875,28.473333333333333,0.0246142759510958,0,25014000.0,25922.0,1810956.0,0.0759,0.049,184.44,31.51333333333333,88736.844,5.630250358984126e-06,12.087351017899092,0
BRB - PRUDENCIAL,2024-12-01,32667001.0,19906.0,2258254.0,0.0723,0.0466,191.11,1.47713535680003,27.96,0.0192676396090613,0,25873032.0,51840.0,1810956.0,0.0787,0.0504999999999999,185.03,30.41333333333333,91453.27799999982,3.273093324992722e-06,12.629771776259188,0
BRB - PRUDENCIAL,2025-03-01,38153178.0,18305.0,2558401.0,0.0709,0.0467999999999999,193.61,2.040339737600028,29.313333333333333,0.0188295671808536,0,26192754.0,33402.0,2033160.0,0.0751999999999999,0.0492,186.65,29.896666666666665,100031.472,2.8180760652970977e-06,12.77945333421871,0
BRB - PRUDENCIAL,2025-06-01,41542121.0,20679.0,2558401.0,0.0807,0.0528,194.33,0.9327766831999762,31.666666666666668,0.0232049237269546,0,26564588.0,44340.0,2033160.0,0.0722,0.0451,189.49,29.07333333333333,91695.516,2.3130236970735348e-06,12.976952616673103,0
BRINKS PAY IP - PRUDENCIAL,2024-09-01,90627.0,0.0,0.0,0.0,0.0,190.99,0.8015076655999875,28.473333333333333,0.0,0,127659.0,0.0,0.0,0.0,0.0,184.44,31.51333333333333,0.0,0.8650232421019625,-1.8576537754137556,1
BS2 - PRUDENCIAL,2018-12-01,1865855.0,99611.0,341711.0,0.0962,0.039,169.09,0.3894135824999978,28.71666666666667,0.0303078548876729,0,1483742.0,14915.0,430889.0,0.0946,0.0487,167.13,33.526666666666664,20984.2943,0.6560949979961808,-0.6459401299179414,1
BS2 - PRUDENCIAL,2019-03-01,2127390.0,115523.0,275453.0,0.0823,0.0336,169.51,1.507011320000018,30.386666666666667,0.02769163987121,0,1538174.0,29644.0,465655.0,0.0944,0.0479,167.98,33.15,22304.874499999998,0.6509572787908068,-0.6232496907390481,1
BS2 - PRUDENCIAL,2019-06-01,2301862.0,64690.0,275453.0,0.1117,0.0436,170.58,0.710811074100004,30.69666666666667,0.0370747861320513,0,1666557.0,31278.0,465655.0,0.1178999999999999,0.0630999999999999,167.89,30.82333333333333,29382.830499999956,0.5758774056746948,-0.3058722494372701,0
BS2 - PRUDENCIAL,2019-09-01,2618779.0,61292.0,316961.0,0.0919,0.0344,170.5,0.2600889164000142,30.59,0.0399515480597951,0,1896147.0,38647.0,341711.0,0.1039,0.0476999999999999,169.35,28.546666666666667,16299.614699999967,0.5202174888471738,-0.08091407225347975,0
BS2 - PRUDENCIAL,2019-12-01,2912530.0,23100.0,316961.0,0.1061999999999999,0.0353,171.91,1.767530865000011,29.096666666666664,0.0308911088433673,0,1865855.0,99611.0,341711.0,0.0962,0.039,169.09,28.71666666666667,13326.729,0.5432378610459141,-0.17338450190104773,0
BS2 - PRUDENCIAL,2020-03-01,3080441.0,63107.0,360989.0,0.0865,0.0299,168.09,0.5308473674999981,28.24,0.0318410140482622,0,2127390.0,115523.0,275453.0,0.0823,0.0336,169.51,30.386666666666667,9255.2208,0.5476430488870357,-0.19115212082561106,0
BS2 - PRUDENCIAL,2020-06-01,3153665.0,13178.0,360989.0,0.0810999999999999,0.0278,153.27,-0.4306129372000034,24.44333333333333,0.0254017777707712,0,2301862.0,64690.0,275453.0,0.1117,0.0436,170.58,30.69666666666667,12009.7508,0.5152030805161201,-0.06083107329365262,0
BS2 - PRUDENCIAL,2020-09-01,3573560.0,70086.0,430587.0,0.076,0.0277,165.34,1.2447095295999857,21.71666666666667,0.0179131203185785,0,2618779.0,61292.0,316961.0,0.0919,0.0344,170.5,30.59,10903.4584,0.4807508202632926,0.07703479255639538,0
BS2 - PRUDENCIAL,2020-12-01,3731254.0,69715.0,430587.0,0.0851,0.0318,171.47,3.131382328999988,20.72,0.0149544189340596,0,2912530.0,23100.0,316961.0,0.1061999999999999,0.0353,171.91,29.096666666666664,11188.7233,0.4123501679990631,0.35425833616824126,0
BS2 - PRUDENCIAL,2021-03-01,3874251.0,69689.0,526354.0,0.0809,0.03,173.12,2.052492994999988,22.403333333333336,0.0137594796921323,0,3080441.0,63107.0,360989.0,0.0865,0.0299,168.09,28.24,10793.5711,0.366366990358624,0.5478344009256241,0
BS2 - PRUDENCIAL,2021-06-01,3957906.0,27773.0,526354.0,0.0943,0.0327999999999999,172.06,1.6786286369000036,21.46333333333333,0.0147285835159447,0,3153665.0,13178.0,360989.0,0.0810999999999999,0.0278,153.27,24.44333333333333,10035.4942,0.22285970283446152,1.2490784586294594,0
BS2 - PRUDENCIAL,2021-09-01,4076695.0,61820.0,692261.0,0.0882,0.0327,172.27,3.0196768831999954,21.08666666666667,0.0152977166387632,0,3573560.0,70086.0,430587.0,0.076,0.0277,165.34,21.71666666666667,11927.2599,0.20344871644591186,1.3648775480482913,0
BS2 - PRUDENCIAL,2021-12-01,4419368.0,91007.0,692261.0,0.106,0.0412999999999999,174.3,2.958021687500012,22.62,0.0138618160075887,0,3731254.0,69715.0,430587.0,0.0851,0.0318,171.47,20.72,13692.6666,0.19727716179453256,1.403399843963328,0
BS2 - PRUDENCIAL,2022-03-01,4183911.0,38568.0,988740.0,0.1008,0.0407,175.72,3.2006523548000043,24.72,0.0079886606230658,0,3874251.0,69689.0,526354.0,0.0809,0.03,173.12,22.403333333333336,15790.619999999999,0.2151015909190908,1.2944438619214653,0
BS2 - PRUDENCIAL,2022-06-01,4439745.0,37518.0,988740.0,0.102,0.0404,177.81,2.215266379399994,25.546666666666667,0.0098272460150174,0,3957906.0,27773.0,526354.0,0.0943,0.0327999999999999,172.06,21.46333333333333,17264.411199999948,0.18583213981796862,1.4773227691641846,0
BS2 - PRUDENCIAL,2022-09-01,5071075.0,31429.0,1216427.0,0.0996,0.0446,179.54,-1.3245430992000151,27.44,0.0172234090126051,0,4076695.0,61820.0,692261.0,0.0882,0.0327,172.27,21.08666666666667,22636.9347,0.17884829551857154,1.5241699371972353,0
BS2 - PRUDENCIAL,2022-12-01,5154639.0,115182.0,1216427.0,0.0922,0.0421,180.33,1.6286339977999995,29.036666666666665,0.0354454604864006,0,4419368.0,91007.0,692261.0,0.106,0.0412999999999999,174.3,22.62,28590.37929999993,0.17207826091198236,1.5709692533971422,0
BS2 - PRUDENCIAL,2023-03-01,4993386.0,19830.0,1509572.0,0.0969999999999999,0.0433,182.74,2.094210609200031,30.19,0.0601251937133667,0,4183911.0,38568.0,988740.0,0.1008,0.0407,175.72,24.72,40241.718,0.22778841796238805,1.220841375890038,0
BS2 - PRUDENCIAL,2023-06-01,5118293.0,36784.0,1509572.0,0.1005,0.0454,184.28,0.760729877599986,32.02333333333333,0.0567803788036432,0,4439745.0,37518.0,988740.0,0.102,0.0404,177.81,25.546666666666667,39945.096,0.2223350861224133,1.2521100887459298,0
BS2 - PRUDENCIAL,2023-09-01,4253207.0,189657.0,1739573.0,0.1105,0.0566,184.44,0.6111867176000096,31.51333333333333,0.0448999985312805,0,5071075.0,31429.0,1216427.0,0.0996,0.0446,179.54,27.44,54252.6442,0.1985084787605499,1.3956425801286754,0
BS2 - PRUDENCIAL,2023-12-01,4086733.0,77942.0,1739573.0,0.1227999999999999,0.0586,185.03,1.083587763199989,30.41333333333333,0.0557470543651198,0,5154639.0,115182.0,1216427.0,0.0922,0.0421,180.33,29.036666666666665,51211.5767,0.2228203443093004,1.2493057250097643,0
BS2 - PRUDENCIAL,2024-03-01,2449843.0,55416.0,1120717.0,0.1397,0.0654,186.65,1.415491577599992,29.896666666666665,0.0350899016012362,0,4993386.0,19830.0,1509572.0,0.0969999999999999,0.0433,182.74,30.19,65364.467599999996,0.2649535619607984,1.0203791056122729,0
BS2 - PRUDENCIAL,2024-06-01,2675036.0,94104.0,1120717.0,0.1429,0.0739,189.49,1.053515670799987,29.07333333333333,0.0309442811879358,0,5118293.0,36784.0,1509572.0,0.1005,0.0454,184.28,32.02333333333333,68534.56880000001,0.28723879314486617,0.9088325495353379,0
BS2 - PRUDENCIAL,2024-09-01,3007244.0,78632.0,1201065.0,0.142,0.081,190.99,0.8015076655999875,28.473333333333333,0.0332325171715304,0,4253207.0,189657.0,1739573.0,0.1105,0.0566,184.44,31.51333333333333,98459.8318,0.41291395371523043,0.3519321690323485,0
BS2 - PRUDENCIAL,2024-12-01,3172529.0,34673.0,1201065.0,0.1361,0.0678,191.11,1.47713535680003,27.96,0.021008558318817,0,4086733.0,77942.0,1739573.0,0.1227999999999999,0.0586,185.03,30.41333333333333,101938.9778,0.4026136206617335,0.39458676140563476,0
BS2 - PRUDENCIAL,2025-03-01,3385818.0,62760.0,1402268.0,0.1219,0.0934,193.61,2.040339737600028,29.313333333333333,0.0170207255831174,0,2449843.0,55416.0,1120717.0,0.1397,0.0654,186.65,29.896666666666665,73294.8918,0.5918083023527327,-0.37144585737150926,0
BS2 - PRUDENCIAL,2025-06-01,3375202.0,58357.0,1402268.0,0.1216,0.0875,194.33,0.9327766831999762,31.666666666666668,0.0246615651672041,0,2675036.0,94104.0,1120717.0,0.1429,0.0739,189.49,29.07333333333333,82820.98629999999,0.5623770252766066,-0.250814736835676,0
BS2 - PRUDENCIAL,2025-09-01,3380610.0,33732.0,1383053.0,0.1348,0.0938,,0.6304326271999727,31.94666666666667,0.0301490726576369,0,3007244.0,78632.0,1201065.0,0.142,0.081,190.99,28.473333333333333,97286.265,0.512864263411921,-0.051468412074641076,0
BTG PACTUAL - PRUDENCIAL,2017-03-01,54162329.0,2020636.0,7080091.0,0.1248,0.1307,164.34,0.9630321349999972,41.17333333333333,0.0928844017482199,0,115522490.0,3705896.0,2167323.0,0.1039,0.0896,163.26,35.07,194192.1408,2.4221710559817107e-27,61.285133242380795,0
BTG PACTUAL - PRUDENCIAL,2017-06-01,53157140.0,1518681.0,7080091.0,0.1163,0.1156,165.65,0.2193980018000196,36.63666666666666,0.0950528174060668,0,104373564.0,2317051.0,2167323.0,0.0978999999999999,0.0919,163.72,38.303333333333335,199176.98369999998,8.112702401591439e-25,55.47119629388345,0
BTG PACTUAL - PRUDENCIAL,2017-09-01,54478444.0,6918435.0,4615858.0,0.1116,0.1325,166.12,0.5911447296000016,36.16333333333333,0.0855750347035948,0,98224298.0,4494704.0,3385968.0,0.1137,0.1177,162.92,39.71333333333333,398528.4336,1.310208896133124e-22,50.38668545877173,0
BTG PACTUAL - PRUDENCIAL,2017-12-01,55997138.0,2349903.0,4615858.0,0.1238,0.1181,167.13,1.144261174399985,33.526666666666664,0.0643981544403507,0,55813608.0,2943558.0,3385968.0,0.1308,0.1363,162.73,40.38,461507.43840000004,1.4947524142162203e-12,27.229060532119043,0
BTG PACTUAL - PRUDENCIAL,2018-03-01,55429646.0,1208209.0,8934201.0,0.1101999999999999,0.0892999999999999,167.98,0.7014778351999817,33.15,0.0849687895810725,0,54162329.0,2020636.0,7080091.0,0.1248,0.1307,164.34,41.17333333333333,925367.8937000001,9.485469486774437e-12,25.38126001604215,0
BTG PACTUAL - PRUDENCIAL,2018-06-01,57021780.0,1246729.0,8934201.0,0.1107,0.0775,167.89,1.8887030879999989,30.82333333333333,0.0665631418591384,0,53157140.0,1518681.0,7080091.0,0.1163,0.1156,165.65,36.63666666666666,818458.5196,7.923437190961889e-12,25.56119601558236,0
BTG PACTUAL - PRUDENCIAL,2018-09-01,56118016.0,1252554.0,4370623.0,0.1096,0.0705,169.35,0.7208535743999933,28.546666666666667,0.049864179535953,0,54478444.0,6918435.0,4615858.0,0.1116,0.1325,166.12,36.16333333333333,611601.185,3.0737273555820036e-11,24.205545075515737,0
BTG PACTUAL - PRUDENCIAL,2018-12-01,52997712.0,1597663.0,4370623.0,0.1059,0.0933,169.09,0.3894135824999978,28.71666666666667,0.0450433276975043,0,55997138.0,2349903.0,4615858.0,0.1238,0.1181,167.13,33.526666666666664,545132.8298,9.222921642042327e-13,27.711914340733667,0
BTG PACTUAL - PRUDENCIAL,2019-03-01,53689820.0,3097690.0,6958234.0,0.1024,0.0595,169.51,1.507011320000018,30.386666666666667,0.0628449500740331,0,55429646.0,1208209.0,8934201.0,0.1101999999999999,0.0892999999999999,167.98,33.15,797824.149299999,1.8365789217329072e-12,27.023116556682336,0
BTG PACTUAL - PRUDENCIAL,2019-06-01,59671750.0,2166375.0,6958234.0,0.0934,0.0971,170.58,0.710811074100004,30.69666666666667,0.0739492252717979,0,57021780.0,1246729.0,8934201.0,0.1107,0.0775,167.89,30.82333333333333,692400.5775,5.312146183035893e-13,28.263610277829763,0
BTG PACTUAL - PRUDENCIAL,2019-09-01,65736974.0,2454495.0,5938507.0,0.1182,0.1009,170.5,0.2600889164000142,30.59,0.0649135926142656,0,56118016.0,1252554.0,4370623.0,0.1096,0.0705,169.35,28.546666666666667,308128.9215,2.5280433710124687e-13,29.006160576629963,0
BTG PACTUAL - PRUDENCIAL,2019-12-01,70166108.0,1675705.0,5938507.0,0.1191,0.0907,171.91,1.767530865000011,29.096666666666664,0.0620882053630724,0,52997712.0,1597663.0,4370623.0,0.1059,0.0933,169.09,28.71666666666667,407779.1259,1.9956643204510415e-12,26.940044128407205,0
BTG PACTUAL - PRUDENCIAL,2020-03-01,76582040.0,4842925.0,7959324.0,0.1497,0.0716,168.09,0.5308473674999981,28.24,0.0560353536149366,0,53689820.0,3097690.0,6958234.0,0.1024,0.0595,169.51,30.386666666666667,414014.923,4.715555821913603e-12,26.080154323129292,0
BTG PACTUAL - PRUDENCIAL,2020-06-01,97693465.0,3543373.0,7959324.0,0.1571,0.0788,153.27,-0.4306129372000034,24.44333333333333,0.0522787119364978,0,59671750.0,2166375.0,6958234.0,0.0934,0.0971,170.58,30.69666666666667,675644.5214000001,1.6049459228798046e-13,29.46051614591785,0
BTG PACTUAL - PRUDENCIAL,2020-09-01,110036814.0,1133098.0,7025255.0,0.1415,0.0816,165.34,1.2447095295999857,21.71666666666667,0.0434725096067513,0,65736974.0,2454495.0,5938507.0,0.1182,0.1009,170.5,30.59,599195.3563,4.6590559912534696e-15,32.99996354437885,0
BTG PACTUAL - PRUDENCIAL,2020-12-01,120923516.0,11134822.0,7025255.0,0.1384,0.0737,171.47,3.131382328999988,20.72,0.0417470903946859,0,70166108.0,1675705.0,5938507.0,0.1191,0.0907,171.91,29.096666666666664,538622.5849,2.1615831198444252e-16,36.070520608913746,0
BTG PACTUAL - PRUDENCIAL,2021-03-01,136582110.0,2970701.0,9943021.0,0.15,0.0783,173.12,2.052492994999988,22.403333333333336,0.0256531178386903,0,76582040.0,4842925.0,7959324.0,0.1497,0.0716,168.09,28.24,569887.5984,3.3954085832324725e-17,37.92152247870734,0
BTG PACTUAL - PRUDENCIAL,2021-06-01,168016232.0,1962570.0,16513323.0,0.1473,0.071,172.06,1.6786286369000036,21.46333333333333,0.0375259334382902,0,97693465.0,3543373.0,7959324.0,0.1571,0.0788,153.27,24.44333333333333,627194.7311999999,6.853520061218499e-23,51.034694741128625,0
BTG PACTUAL - PRUDENCIAL,2021-09-01,183507618.0,587112.0,17193881.0,0.1424,0.073,172.27,3.0196768831999954,21.08666666666667,0.0349999157052833,0,110036814.0,1133098.0,7025255.0,0.1415,0.0816,165.34,21.71666666666667,573260.8080000001,1.6878816408908662e-26,59.34373814218545,0
BTG PACTUAL - PRUDENCIAL,2021-12-01,203488396.0,817052.0,17193881.0,0.1344,0.0834,174.3,2.958021687500012,22.62,0.0361346554398397,0,120923516.0,11134822.0,7025255.0,0.1384,0.0737,171.47,20.72,517761.2935,6.665573462565238e-27,60.27284152011486,0
BTG PACTUAL - PRUDENCIAL,2022-03-01,200431705.0,1080058.0,23555297.0,0.1308,0.0798,175.72,3.2006523548000043,24.72,0.0385654017772887,0,136582110.0,2970701.0,9943021.0,0.15,0.0783,173.12,22.403333333333336,778538.5443,3.479238134550924e-32,72.43590963294425,0
BTG PACTUAL - PRUDENCIAL,2022-06-01,217914974.0,1067507.0,23555297.0,0.1322,0.0715,177.81,2.215266379399994,25.546666666666667,0.0399135087056888,0,168016232.0,1962570.0,16513323.0,0.1473,0.071,172.06,21.46333333333333,1172445.933,1.4562451156052037e-39,89.42495734263238,0
BTG PACTUAL - PRUDENCIAL,2022-09-01,224504929.0,1026641.0,23527597.0,0.1286,0.0724,179.54,-1.3245430992000151,27.44,0.0408236517674259,0,183507618.0,587112.0,17193881.0,0.1424,0.073,172.27,21.08666666666667,1255153.3129999998,1.4149537923375747e-43,98.66406212387379,0
BTG PACTUAL - PRUDENCIAL,2022-12-01,236140756.0,5993567.0,23527597.0,0.1264,0.0753,180.33,1.6286339977999995,29.036666666666665,0.0690394420145761,0,203488396.0,817052.0,17193881.0,0.1344,0.0834,174.3,22.62,1433969.6754,3.520598693478711e-48,109.26545340529209,0
BTG PACTUAL - PRUDENCIAL,2023-03-01,234534153.0,1195497.0,25615023.0,0.1304,0.0739,182.74,2.094210609200031,30.19,0.0646215606888282,0,200431705.0,1080058.0,23555297.0,0.1308,0.0798,175.72,24.72,1879712.7005999999,1.1283591112650502e-46,105.79814981436579,0
BTG PACTUAL - PRUDENCIAL,2023-06-01,240865534.0,1397160.0,25615023.0,0.1224,0.0755,184.28,0.760729877599986,32.02333333333333,0.0650855105313075,0,217914974.0,1067507.0,23555297.0,0.1322,0.0715,177.81,25.546666666666667,1684203.7355,4.4672883183750827e-51,115.93505815843601,0
BTG PACTUAL - PRUDENCIAL,2023-09-01,229488210.0,5885185.0,29844615.0,0.1295,0.0819,184.44,0.6111867176000096,31.51333333333333,0.0609212035996645,0,224504929.0,1026641.0,23527597.0,0.1286,0.0724,179.54,27.44,1703398.0228000002,1.3424171850007725e-52,119.43995297744249,0
BTG PACTUAL - PRUDENCIAL,2023-12-01,242672327.0,11523474.0,29844615.0,0.1255,0.0819999999999999,185.03,1.083587763199989,30.41333333333333,0.0522761993056656,0,236140756.0,5993567.0,23527597.0,0.1264,0.0753,180.33,29.036666666666665,1771628.0541,3.398260202992145e-54,123.11633142612435,0
BTG PACTUAL - PRUDENCIAL,2024-03-01,258812382.0,12730026.0,33755188.0,0.1242,0.0781,186.65,1.415491577599992,29.896666666666665,0.0549980737213338,0,234534153.0,1195497.0,25615023.0,0.1304,0.0739,182.74,30.19,1892950.1996999998,1.1942425629388793e-54,124.16208287590044,0
BTG PACTUAL - PRUDENCIAL,2024-06-01,283646226.0,5950876.0,33755188.0,0.1225,0.076,189.49,1.053515670799987,29.07333333333333,0.0611595018401199,0,240865534.0,1397160.0,25615023.0,0.1224,0.0755,184.28,32.02333333333333,1933934.2364999999,4.906707522011632e-56,127.35416205667167,0
BTG PACTUAL - PRUDENCIAL,2024-09-01,294381809.0,6779054.0,37040557.0,0.1226999999999999,0.0796,190.99,0.8015076655999875,28.473333333333333,0.0356152116672637,0,229488210.0,5885185.0,29844615.0,0.1295,0.0819,184.44,31.51333333333333,2444273.9685,1.1780111361035312e-51,117.26801220421304,0
BTG PACTUAL - PRUDENCIAL,2024-12-01,307257117.0,15755523.0,37040557.0,0.118,0.0838,191.11,1.47713535680003,27.96,0.0359124009461161,0,242672327.0,11523474.0,29844615.0,0.1255,0.0819999999999999,185.03,30.41333333333333,2447258.4299999974,1.2545263971904992e-53,121.81025180018027,0
BTG PACTUAL - PRUDENCIAL,2025-03-01,326007413.0,15420610.0,41823028.0,0.1172,0.0863,193.61,2.040339737600028,29.313333333333333,0.0259448773127197,0,258812382.0,12730026.0,33755188.0,0.1242,0.0781,186.65,29.896666666666665,2636280.1828,5.293122808606818e-57,129.5809419060744,0
BTG PACTUAL - PRUDENCIAL,2025-06-01,328185509.0,9693221.0,41823028.0,0.1202999999999999,0.0911,194.33,0.9327766831999762,31.666666666666668,0.0284994000436105,0,283646226.0,5950876.0,33755188.0,0.1225,0.076,189.49,29.07333333333333,2565394.2879999997,1.1348010949001867e-64,147.23898856292703,0
BTG PACTUAL - PRUDENCIAL,2025-09-01,358548370.0,5747968.0,43392783.0,0.115,0.091,,0.6304326271999727,31.94666666666667,0.02498933613223,0,294381809.0,6779054.0,37040557.0,0.1226999999999999,0.0796,190.99,28.473333333333333,2948428.3372,1.172412708813326e-66,151.81155236791344,0
CAIXA ECONÔMICA FEDERAL - PRUDENCIAL,2017-03-01,514201647.0,3906102.0,57488105.0,0.0894,0.0378,164.34,0.9630321349999972,41.17333333333333,0.0486042409571628,0,504853603.0,132455.0,44156342.0,0.0957,0.0393,163.26,35.07,1735344.2406000001,1.374830729957349e-120,275.9918805413306,0
CAIXA ECONÔMICA FEDERAL - PRUDENCIAL,2017-06-01,508485712.0,1608324.0,57488105.0,0.0897,0.0378,165.65,0.2193980018000196,36.63666666666666,0.0486155929678784,0,508456278.0,6133040.0,44156342.0,0.0876,0.038,163.72,38.303333333333335,1677940.996,4.75863906206165e-120,274.75024944335416,0
CAIXA ECONÔMICA FEDERAL - PRUDENCIAL,2017-09-01,485079635.0,3401455.0,61489448.0,0.0953999999999999,0.0392,166.12,0.5911447296000016,36.16333333333333,0.0545472295550649,0,511280239.0,319641.0,52781594.0,0.0943,0.0409,162.92,39.71333333333333,2158767.1946,2.532528028172506e-121,277.68357822790716,0
CAIXA ECONÔMICA FEDERAL - PRUDENCIAL,2017-12-01,458355599.0,3049143.0,61489448.0,0.1122,0.0453,167.13,1.144261174399985,33.526666666666664,0.0543075749825614,0,509290815.0,3922153.0,52781594.0,0.0947,0.0407,162.73,40.38,2148210.8758,5.200480110981039e-120,274.66146020902534,0
CAIXA ECONÔMICA FEDERAL - PRUDENCIAL,2018-03-01,449706807.0,3316070.0,69051696.0,0.1196,0.0484999999999999,167.98,0.7014778351999817,33.15,0.0538306922699599,0,514201647.0,3906102.0,57488105.0,0.0894,0.0378,164.34,41.17333333333333,2173050.369,5.163892078117209e-121,276.9711056785064,0
CAIXA ECONÔMICA FEDERAL - PRUDENCIAL,2018-06-01,445203405.0,3192263.0,69051696.0,0.1249,0.0496999999999999,167.89,1.8887030879999989,30.82333333333333,0.0521084981486117,0,508485712.0,1608324.0,57488105.0,0.0897,0.0378,165.65,36.63666666666666,2173050.369,2.8334110037820318e-120,275.2687298718335,0
CAIXA ECONÔMICA FEDERAL - PRUDENCIAL,2018-09-01,449935860.0,4397644.0,71516630.0,0.133,0.0532,169.35,0.7208535743999933,28.546666666666667,0.0536020576355909,0,485079635.0,3401455.0,61489448.0,0.0953999999999999,0.0392,166.12,36.16333333333333,2410386.3616,8.028188501040043e-114,260.41174169031433,0
CAIXA ECONÔMICA FEDERAL - PRUDENCIAL,2018-12-01,432975408.0,4571472.0,71516630.0,0.1288,0.051,169.09,0.3894135824999978,28.71666666666667,0.0557257270553542,0,458355599.0,3049143.0,61489448.0,0.1122,0.0453,167.13,33.526666666666664,2785471.9944,4.271320589528953e-107,244.92468189948448,0
CAIXA ECONÔMICA FEDERAL - PRUDENCIAL,2019-03-01,440627079.0,4296962.0,78899760.0,0.1352,0.0511,169.51,1.507011320000018,30.386666666666667,0.0558063865182044,0,449706807.0,3316070.0,69051696.0,0.1196,0.0484999999999999,167.98,33.15,3349007.255999993,3.5265404805673976e-104,238.20853231491628,0
CAIXA ECONÔMICA FEDERAL - PRUDENCIAL,2019-06-01,424120158.0,5091956.0,78899760.0,0.1392,0.0508,170.58,0.710811074100004,30.69666666666667,0.0565772508369686,0,445203405.0,3192263.0,69051696.0,0.1249,0.0496999999999999,167.89,30.82333333333333,3431869.291199993,4.1600282309310563e-103,235.74074271795504,0
CAIXA ECONÔMICA FEDERAL - PRUDENCIAL,2019-09-01,419832750.0,5145840.0,79510550.0,0.1371,0.0493,170.5,0.2600889164000142,30.59,0.0548191432136798,0,449935860.0,4397644.0,71516630.0,0.133,0.0532,169.35,28.546666666666667,3804684.716,1.2479977520795816e-103,236.94472410975936,0
CAIXA ECONÔMICA FEDERAL - PRUDENCIAL,2019-12-01,423300877.0,929880.0,79510550.0,0.1229,0.0479,171.91,1.767530865000011,29.096666666666664,0.0532257489429488,0,432975408.0,4571472.0,71516630.0,0.1288,0.051,169.09,28.71666666666667,3647348.13,1.3685230319700358e-99,227.64219212706948,0
CAIXA ECONÔMICA FEDERAL - PRUDENCIAL,2020-03-01,423653517.0,454327.0,79940519.0,0.126,0.0481,168.09,0.5308473674999981,28.24,0.0511226319403672,0,440627079.0,4296962.0,78899760.0,0.1352,0.0511,169.51,30.386666666666667,4031777.736,6.855205670357601e-101,230.63608607696466,0
CAIXA ECONÔMICA FEDERAL - PRUDENCIAL,2020-06-01,445435152.0,159275.0,79940519.0,0.1284,0.0478,153.27,-0.4306129372000034,24.44333333333333,0.0501202559340452,0,424120158.0,5091956.0,78899760.0,0.1392,0.0508,170.58,30.69666666666667,4008107.8079999997,1.1199036064508077e-96,220.93492631159415,0
CAIXA ECONÔMICA FEDERAL - PRUDENCIAL,2020-09-01,469515152.0,418314.0,77269928.0,0.123,0.045,165.34,1.2447095295999857,21.71666666666667,0.0454828895020783,0,419832750.0,5145840.0,79510550.0,0.1371,0.0493,170.5,30.59,3919870.1149999998,1.0934668390369345e-95,218.65623059938582,0
CAIXA ECONÔMICA FEDERAL - PRUDENCIAL,2020-12-01,482125149.0,699110.0,77269928.0,0.1224,0.0492,171.47,3.131382328999988,20.72,0.0431657232468326,0,423300877.0,929880.0,79510550.0,0.1229,0.0479,171.91,29.096666666666664,3808555.3449999997,1.25436023127531e-97,223.12412835379482,0
CAIXA ECONÔMICA FEDERAL - PRUDENCIAL,2021-03-01,477332807.0,573509.0,77302337.0,0.1274,0.0489,173.12,2.052492994999988,22.403333333333336,0.0444353388087613,0,423653517.0,454327.0,79940519.0,0.126,0.0481,168.09,28.24,3845138.9639,7.630878399403417e-98,223.62113615041608,0
CAIXA ECONÔMICA FEDERAL - PRUDENCIAL,2021-06-01,487471534.0,548239.0,77302337.0,0.153,0.0611,172.06,1.6786286369000036,21.46333333333333,0.04436809141584,0,445435152.0,159275.0,79940519.0,0.1284,0.0478,153.27,24.44333333333333,3821156.8082000003,1.5410154401699186e-103,236.73382300262077,0
CAIXA ECONÔMICA FEDERAL - PRUDENCIAL,2021-09-01,508297626.0,472952.0,77401972.0,0.1607999999999999,0.061,172.27,3.0196768831999954,21.08666666666667,0.0452941416574562,0,469515152.0,418314.0,77269928.0,0.123,0.045,165.34,21.71666666666667,3477146.76,9.849081237560918e-110,250.99698205398596,0
CAIXA ECONÔMICA FEDERAL - PRUDENCIAL,2021-12-01,540773799.0,1268625.0,77401972.0,0.1482,0.0598,174.3,2.958021687500012,22.62,0.0464936738609942,0,482125149.0,699110.0,77269928.0,0.1224,0.0492,171.47,20.72,3801680.4576,2.0586247242127473e-112,257.1674922651876,0
CAIXA ECONÔMICA FEDERAL - PRUDENCIAL,2022-03-01,557796808.0,317363.0,76516569.0,0.1566,0.0605999999999999,175.72,3.2006523548000043,24.72,0.0473444116568338,0,477332807.0,573509.0,77302337.0,0.1274,0.0489,173.12,22.403333333333336,3780084.2793,3.228210358145265e-111,254.41501740744295,0
CAIXA ECONÔMICA FEDERAL - PRUDENCIAL,2022-06-01,585604343.0,471383.0,76516569.0,0.1496,0.0654,177.81,2.215266379399994,25.546666666666667,0.0467414266971401,0,487471534.0,548239.0,77302337.0,0.153,0.0611,172.06,21.46333333333333,4723172.7907,7.470647012383159e-113,258.1811338982564,0
CAIXA ECONÔMICA FEDERAL - PRUDENCIAL,2022-09-01,625314501.0,212608.0,75730604.0,0.1494,0.066,179.54,-1.3245430992000151,27.44,0.0439676400157346,0,508297626.0,472952.0,77401972.0,0.1607999999999999,0.061,172.27,21.08666666666667,4721520.291999999,5.680702289170422e-118,269.96796610584784,0
CAIXA ECONÔMICA FEDERAL - PRUDENCIAL,2022-12-01,626131534.0,1137214.0,75730604.0,0.1495,0.0655999999999999,180.33,1.6286339977999995,29.036666666666665,0.0459914188731081,0,540773799.0,1268625.0,77401972.0,0.1482,0.0598,174.3,22.62,4628637.9256,9.604316859585488e-126,287.863509047075,0
CAIXA ECONÔMICA FEDERAL - PRUDENCIAL,2023-03-01,650750543.0,232724.0,73124037.0,0.1471,0.0637,182.74,2.094210609200031,30.19,0.0483510815945681,0,557796808.0,317363.0,76516569.0,0.1566,0.0605999999999999,175.72,24.72,4636904.081399992,4.688185963635734e-130,297.79101636982693,0
CAIXA ECONÔMICA FEDERAL - PRUDENCIAL,2023-06-01,665670829.0,229420.0,73124037.0,0.1369999999999999,0.0573,184.28,0.760729877599986,32.02333333333333,0.0488784307057278,0,585604343.0,471383.0,76516569.0,0.1496,0.0654,177.81,25.546666666666667,5004183.6126,2.033674150156756e-136,312.44172856399365,0
CAIXA ECONÔMICA FEDERAL - PRUDENCIAL,2023-09-01,655994783.0,438423.0,75492251.0,0.1411,0.0598,184.44,0.6111867176000096,31.51333333333333,0.0494118344994606,0,625314501.0,212608.0,75730604.0,0.1494,0.066,179.54,27.44,4998219.864,3.938043919281088e-146,334.806739444389,0
CAIXA ECONÔMICA FEDERAL - PRUDENCIAL,2023-12-01,668681422.0,490221.0,75492251.0,0.1389,0.0562999999999999,185.03,1.083587763199989,30.41333333333333,0.0456117808669487,0,626131534.0,1137214.0,75730604.0,0.1495,0.0655999999999999,180.33,29.036666666666665,4967927.622399992,4.340067398624058e-146,334.70953369960205,0
CAIXA ECONÔMICA FEDERAL - PRUDENCIAL,2024-03-01,670501456.0,375244.0,79484737.0,0.1451,0.0578,186.65,1.415491577599992,29.896666666666665,0.0464934056365022,0,650750543.0,232724.0,73124037.0,0.1471,0.0637,182.74,30.19,4658001.156900001,1.286292989963369e-152,349.7411697048753,0
CAIXA ECONÔMICA FEDERAL - PRUDENCIAL,2024-06-01,694956868.0,404166.0,79484737.0,0.1414,0.0562,189.49,1.053515670799987,29.07333333333333,0.0450680864948952,0,665670829.0,229420.0,73124037.0,0.1369999999999999,0.0573,184.28,32.02333333333333,4190007.3200999997,1.2482288044561268e-156,358.9815489171241,0
CAIXA ECONÔMICA FEDERAL - PRUDENCIAL,2024-09-01,718664917.0,251927.0,83763061.0,0.1399,0.0536,190.99,0.8015076655999875,28.473333333333333,0.04259032241244,0,655994783.0,438423.0,75492251.0,0.1411,0.0598,184.44,31.51333333333333,4514436.6098,7.384249739232858e-154,352.5987550028815,0
CAIXA ECONÔMICA FEDERAL - PRUDENCIAL,2024-12-01,733232267.0,407467.0,83763061.0,0.1439,0.0559,191.11,1.47713535680003,27.96,0.0418732621154547,0,668681422.0,490221.0,75492251.0,0.1389,0.0562999999999999,185.03,30.41333333333333,4250213.731299993,3.1454233421584014e-157,360.3599111110721,0
CAIXA ECONÔMICA FEDERAL - PRUDENCIAL,2025-03-01,754550540.0,1257019.0,118724243.0,0.1359,0.0535,193.61,2.040339737600028,29.313333333333333,0.0338450451709971,0,670501456.0,375244.0,79484737.0,0.1451,0.0578,186.65,29.896666666666665,4594217.798599999,2.919492873847479e-157,360.43444967230784,0
CAIXA ECONÔMICA FEDERAL - PRUDENCIAL,2025-06-01,768205073.0,1138010.0,118724243.0,0.1434,0.0575,194.33,0.9327766831999762,31.666666666666668,0.0359368130717679,0,694956868.0,404166.0,79484737.0,0.1414,0.0562,189.49,29.07333333333333,4467042.2194,2.3744340312263435e-163,374.45661105168296,0
CAIXA ECONÔMICA FEDERAL - PRUDENCIAL,2025-09-01,802594461.0,1193419.0,123697478.0,0.1487,0.0591,,0.6304326271999727,31.94666666666667,0.040016522034983,0,718664917.0,251927.0,83763061.0,0.1399,0.0536,190.99,28.473333333333333,4489700.0696,4.8302733344555444e-169,387.56197765904585,0
CAIXA GERAL - PRUDENCIAL,2017-03-01,1134975.0,54305.0,184327.0,0.2282999999999999,0.1707,164.34,0.9630321349999972,41.17333333333333,0.2017573942023191,1,1522719.0,47802.0,172661.0,0.176,0.1497,163.26,35.07,25847.3517,0.5402854534752872,-0.16149187139016197,0
CAIXA GERAL - PRUDENCIAL,2017-06-01,1035581.0,69492.0,184327.0,0.335,0.1814,165.65,0.2193980018000196,36.63666666666666,0.1225541160815101,0,1593739.0,599.0,172661.0,0.1782,0.1339,163.72,38.303333333333335,23119.3079,0.6034307362737363,-0.41978054999406494,1
CAIXA GERAL - PRUDENCIAL,2017-09-01,1001379.0,3187.0,171825.0,0.3617,0.2019999999999999,166.12,0.5911447296000016,36.16333333333333,0.1635062763691749,0,1370579.0,33280.0,181440.0,0.1987999999999999,0.1412,162.92,39.71333333333333,25619.327999999998,0.6487253465663527,-0.6134410261378352,1
CAIXA GERAL - PRUDENCIAL,2017-12-01,998279.0,31939.0,171825.0,0.3407,0.2072,167.13,1.144261174399985,33.526666666666664,0.0785835410752635,0,1242646.0,9134.0,181440.0,0.2178,0.1527,162.73,40.38,27705.888,0.6596780134223994,-0.6618596684178897,1
CAIXA GERAL - PRUDENCIAL,2018-03-01,774839.0,42912.0,152257.0,0.3895,0.2119,167.98,0.7014778351999817,33.15,0.1592154117263051,0,1134975.0,54305.0,184327.0,0.2282999999999999,0.1707,164.34,41.17333333333333,31464.618899999998,0.6828389275828219,-0.7668492409598726,1
CAIXA GERAL - PRUDENCIAL,2018-06-01,797712.0,5639.0,152257.0,0.3549,0.1919,167.89,1.8887030879999989,30.82333333333333,0.2294477553958074,1,1035581.0,69492.0,184327.0,0.335,0.1814,165.65,36.63666666666666,33436.9178,0.6017233909628614,-0.4126510945462645,1
CAIXA GERAL - PRUDENCIAL,2018-09-01,760972.0,9067.0,165817.0,0.4023,0.2003,169.35,0.7208535743999933,28.546666666666667,0.2436297236216041,1,1001379.0,3187.0,171825.0,0.3617,0.2019999999999999,166.12,36.16333333333333,34708.64999999998,0.5663077852769233,-0.2668026205684832,0
CAIXA GERAL - PRUDENCIAL,2018-12-01,641144.0,10801.0,165817.0,0.4386,0.1607,169.09,0.3894135824999978,28.71666666666667,0.2839146172773875,1,998279.0,31939.0,171825.0,0.3407,0.2072,167.13,33.526666666666664,35602.14,0.523838415998853,-0.09542601132747604,0
CAIXA GERAL - PRUDENCIAL,2019-03-01,613890.0,54040.0,159873.0,0.3738,0.1968,169.51,1.507011320000018,30.386666666666667,0.3515269856800396,1,774839.0,42912.0,152257.0,0.3895,0.2119,167.98,33.15,32263.2583,0.5404077311737394,-0.16198418785093469,0
CAIXA GERAL - PRUDENCIAL,2019-06-01,586637.0,46955.0,159873.0,0.3518,0.187,170.58,0.710811074100004,30.69666666666667,0.2947333876800345,1,797712.0,5639.0,152257.0,0.3549,0.1919,167.89,30.82333333333333,29218.1183,0.5128610664892111,-0.05145561591539944,0
CAIXA GERAL - PRUDENCIAL,2019-09-01,611666.0,43665.0,157536.0,0.2851,0.1705,170.5,0.2600889164000142,30.59,0.3202527990705391,1,760972.0,9067.0,165817.0,0.4023,0.2003,169.35,28.546666666666667,33213.1451,0.47016115596730307,0.11949737166478294,0
CAIXA GERAL - PRUDENCIAL,2019-12-01,634237.0,43880.0,157536.0,0.3371,0.1869,171.91,1.767530865000011,29.096666666666664,0.3082460764212291,1,641144.0,10801.0,165817.0,0.4386,0.1607,169.09,28.71666666666667,26646.7919,0.5250457911550072,-0.10026708286912385,0
CAIXA GERAL - PRUDENCIAL,2020-03-01,633773.0,39950.0,169548.0,0.366,0.2195,168.09,0.5308473674999981,28.24,0.3640688871820091,1,613890.0,54040.0,159873.0,0.3738,0.1968,169.51,30.386666666666667,31463.006400000002,0.5395460682539854,-0.1585153604307344,0
CAIXA GERAL - PRUDENCIAL,2020-06-01,576517.0,37372.0,169548.0,0.3676,0.2288,153.27,-0.4306129372000034,24.44333333333333,0.3605102729363008,1,586637.0,46955.0,159873.0,0.3518,0.187,170.58,30.69666666666667,29896.251,0.5676142788604739,-0.2721240384146557,0
CAIXA GERAL - PRUDENCIAL,2020-09-01,608657.0,42390.0,164651.0,0.348,0.2231,165.34,1.2447095295999857,21.71666666666667,0.2929257322469251,1,611666.0,43665.0,157536.0,0.2851,0.1705,170.5,30.59,26859.888000000003,0.5865948501392461,-0.34990627259218476,0
CAIXA GERAL - PRUDENCIAL,2020-12-01,582247.0,10076.0,164651.0,0.3589,0.2138,171.47,3.131382328999988,20.72,0.2958138241485562,1,634237.0,43880.0,157536.0,0.3371,0.1869,171.91,29.096666666666664,29443.4784,0.5399344142781982,-0.1600786199483219,0
CAIXA GERAL - PRUDENCIAL,2021-03-01,541722.0,9541.0,148289.0,0.3522999999999999,0.1805999999999999,173.12,2.052492994999988,22.403333333333336,0.3186199856882075,1,633773.0,39950.0,169548.0,0.366,0.2195,168.09,28.24,37215.786,0.46423874149907884,0.1432896997925657,0
CAIXA GERAL - PRUDENCIAL,2021-06-01,513755.0,56511.0,148289.0,0.3782,0.2316,172.06,1.6786286369000036,21.46333333333333,0.2988816654705878,1,576517.0,37372.0,169548.0,0.3676,0.2288,153.27,24.44333333333333,38792.5824,0.3107841672984737,0.7964558016863029,0
CAIXA GERAL - PRUDENCIAL,2021-09-01,563238.0,58373.0,131566.0,0.3746,0.2023,172.27,3.0196768831999954,21.08666666666667,0.2496962417770867,1,608657.0,42390.0,164651.0,0.348,0.2231,165.34,21.71666666666667,36733.6381,0.33149945365253125,0.7014110524473884,0
CAIXA GERAL - PRUDENCIAL,2021-12-01,600068.0,2381.0,131566.0,0.3829,0.1875,174.3,2.958021687500012,22.62,0.2064735984094674,1,582247.0,10076.0,164651.0,0.3589,0.2138,171.47,20.72,35202.383799999996,0.35416373410964985,0.600786681502174,0
CAIXA GERAL - PRUDENCIAL,2022-03-01,572743.0,6276.0,121867.0,0.3990999999999999,0.1913,175.72,3.2006523548000043,24.72,0.1743288751446399,1,541722.0,9541.0,148289.0,0.3522999999999999,0.1805999999999999,173.12,22.403333333333336,26780.993399999985,0.4313897602573026,0.2761832103248775,0
CAIXA GERAL - PRUDENCIAL,2022-06-01,570908.0,25285.0,121867.0,0.3646,0.1626,177.81,2.215266379399994,25.546666666666667,0.1524522193551501,0,513755.0,56511.0,148289.0,0.3782,0.2316,172.06,21.46333333333333,34343.7324,0.3633633975640706,0.56079558138882,0
CAIXA GERAL - PRUDENCIAL,2022-09-01,626463.0,23293.0,126783.0,0.3479,0.1510999999999999,179.54,-1.3245430992000151,27.44,0.1033196026821961,0,563238.0,58373.0,131566.0,0.3746,0.2023,172.27,21.08666666666667,26615.8018,0.3785819744938004,0.495571377904159,0
CAIXA GERAL - PRUDENCIAL,2022-12-01,669203.0,47214.0,126783.0,0.316,0.1438,180.33,1.6286339977999995,29.036666666666665,0.0952873459830617,0,600068.0,2381.0,131566.0,0.3829,0.1875,174.3,22.62,24668.625,0.42030829718597407,0.32150793259935156,0
CAIXA GERAL - PRUDENCIAL,2023-03-01,664855.0,35789.0,76498.0,0.348,0.1434,182.74,2.094210609200031,30.19,0.0981802593621505,0,572743.0,6276.0,121867.0,0.3990999999999999,0.1913,175.72,24.72,23313.1571,0.46534638983996013,0.13883702709113319,0
CAIXA GERAL - PRUDENCIAL,2023-06-01,747164.0,38943.0,76498.0,0.3109,0.1409,184.28,0.760729877599986,32.02333333333333,0.0882843073000417,0,570908.0,25285.0,121867.0,0.3646,0.1626,177.81,25.546666666666667,19815.5742,0.5314227898979523,-0.1258570278358298,0
CAIXA GERAL - PRUDENCIAL,2023-09-01,766825.0,52622.0,96144.0,0.2839,0.1568999999999999,184.44,0.6111867176000096,31.51333333333333,0.0989072952206,0,626463.0,23293.0,126783.0,0.3479,0.1510999999999999,179.54,27.44,19156.91129999999,0.5841370902095395,-0.3397800363724518,0
CAIXA GERAL - PRUDENCIAL,2023-12-01,805904.0,35435.0,96144.0,0.2866,0.1823999999999999,185.03,1.083587763199989,30.41333333333333,0.1099805504999382,0,669203.0,47214.0,126783.0,0.316,0.1438,180.33,29.036666666666665,18231.3954,0.6265840645677255,-0.5175900395703491,1
CAIXA GERAL - PRUDENCIAL,2024-03-01,824331.0,9231.0,109916.0,0.2617,0.15,186.65,1.415491577599992,29.896666666666665,0.1033378419559488,0,664855.0,35789.0,76498.0,0.348,0.1434,182.74,30.19,10969.8132,0.6513672832675447,-0.6250546855691945,1
CAIXA GERAL - PRUDENCIAL,2024-06-01,808163.0,5583.0,109916.0,0.2603999999999999,0.1314,189.49,1.053515670799987,29.07333333333333,0.140984283826474,0,747164.0,38943.0,76498.0,0.3109,0.1409,184.28,32.02333333333333,10778.5682,0.6875240007745037,-0.7885690750802313,1
CAIXA GERAL - PRUDENCIAL,2024-09-01,834094.0,18968.0,117602.0,0.2578,0.1441,190.99,0.8015076655999875,28.473333333333333,0.142899477951074,0,766825.0,52622.0,96144.0,0.2839,0.1568999999999999,184.44,31.51333333333333,15084.99359999999,0.6687532582548193,-0.7025516290421051,1
CAIXA GERAL - PRUDENCIAL,2024-12-01,1074164.0,348.0,117602.0,0.1913,0.1458,191.11,1.47713535680003,27.96,0.1403304671648188,0,805904.0,35435.0,96144.0,0.2866,0.1823999999999999,185.03,30.41333333333333,17536.66559999999,0.6201453012823543,-0.4901649994235852,1
CAIXA GERAL - PRUDENCIAL,2025-03-01,930941.0,10592.0,95863.0,0.2405999999999999,0.1902,193.61,2.040339737600028,29.313333333333333,0.0,0,824331.0,9231.0,109916.0,0.2617,0.15,186.65,29.896666666666665,16487.399999999998,0.6510343166135595,-0.6235887652625358,1
CAIXA GERAL - PRUDENCIAL,2025-06-01,1030209.0,38610.0,95863.0,0.2212,0.2139,194.33,0.9327766831999762,31.666666666666668,0.0,0,808163.0,5583.0,109916.0,0.2603999999999999,0.1314,189.49,29.07333333333333,14442.962399999999,0.671645718067889,-0.7156378426333463,1
CAIXA GERAL - PRUDENCIAL,2025-09-01,1020220.0,43847.0,149538.0,0.2137,0.1996,,0.6304326271999727,31.94666666666667,0.0,0,834094.0,18968.0,117602.0,0.2578,0.1441,190.99,28.473333333333333,16946.4482,0.6565477764177282,-0.6479474503483489,1
CCB - PRUDENCIAL,2017-03-01,7250340.0,79680.0,741133.0,-0.0056999999999999,0.0132,164.34,0.9630321349999972,41.17333333333333,0.1438276837458642,0,7513399.0,3897.0,2367177.0,-0.0008,-0.0006,163.26,35.07,-1420.3061999999998,0.08442422514960916,2.3836987413576463,0
CCB - PRUDENCIAL,2017-06-01,6446423.0,68951.0,741133.0,-0.0004,0.012,165.65,0.2193980018000196,36.63666666666666,0.145122680270215,0,7994202.0,133104.0,717699.0,0.0692,0.0467,163.72,38.303333333333335,33516.5433,0.06891202852656271,2.6035230220309384,0
CCB - PRUDENCIAL,2017-09-01,6284289.0,57548.0,762603.0,0.0013,0.017,166.12,0.5911447296000016,36.16333333333333,0.122173385641388,0,8197500.0,208814.0,629445.0,0.0399,0.031,162.92,39.71333333333333,19512.795,0.07312510550689943,2.539646850788931,0
CCB - PRUDENCIAL,2017-12-01,6707021.0,481098.0,762603.0,0.1538,0.0875,167.13,1.144261174399985,33.526666666666664,0.1015359265244199,0,8379589.0,93075.0,629445.0,0.0359,0.0425,162.73,40.38,26751.412500000002,0.06359700668843293,2.689479527743586,0
CCB - PRUDENCIAL,2018-03-01,7080775.0,1486024.0,828851.0,0.1348,0.0948,167.98,0.7014778351999817,33.15,0.0940797114680191,0,7250340.0,79680.0,741133.0,-0.0056999999999999,0.0132,164.34,41.17333333333333,9782.9556,0.13729811973788353,1.8379145675774977,0
CCB - PRUDENCIAL,2018-06-01,8027732.0,939263.0,828851.0,0.1284,0.0871,167.89,1.8887030879999989,30.82333333333333,0.0791025405488402,0,6446423.0,68951.0,741133.0,-0.0004,0.012,165.65,36.63666666666666,8893.596,0.15356736524878115,1.7068912852933398,0
CCB - PRUDENCIAL,2018-09-01,8282289.0,1015381.0,907158.0,0.1226,0.0846,169.35,0.7208535743999933,28.546666666666667,0.0741588818202996,0,6284289.0,57548.0,762603.0,0.0013,0.017,166.12,36.16333333333333,12964.251,0.1598058636858031,1.6596732533506404,0
CCB - PRUDENCIAL,2018-12-01,8910701.0,1154845.0,907158.0,0.1022,0.0802,169.09,0.3894135824999978,28.71666666666667,0.0674297040346433,0,6707021.0,481098.0,762603.0,0.1538,0.0875,167.13,33.526666666666664,66727.7625,0.10574747254278426,2.134934287253815,0
CCB - PRUDENCIAL,2019-03-01,7631782.0,993233.0,1139572.0,0.1119999999999999,0.0865,169.51,1.507011320000018,30.386666666666667,0.0707550166626605,0,7080775.0,1486024.0,828851.0,0.1348,0.0948,167.98,33.15,78575.0748,0.1392213775813019,1.821772043977273,0
CCB - PRUDENCIAL,2019-06-01,7907864.0,1065608.0,1139572.0,0.122,0.094,170.58,0.710811074100004,30.69666666666667,0.066529562270379,0,8027732.0,939263.0,828851.0,0.1284,0.0871,167.89,30.82333333333333,72192.9221,0.05751380988103464,2.796496176116505,0
CCB - PRUDENCIAL,2019-09-01,9818335.0,312470.0,1292803.0,0.1113,0.1027,170.5,0.2600889164000142,30.59,0.0596587468498958,0,8282289.0,1015381.0,907158.0,0.1226,0.0846,169.35,28.546666666666667,76745.5668,0.04696711502323231,3.0102017334972113,0
CCB - PRUDENCIAL,2019-12-01,11006057.0,155745.0,1292803.0,0.0935999999999999,0.0911,171.91,1.767530865000011,29.096666666666664,0.0504741219607315,0,8910701.0,1154845.0,907158.0,0.1022,0.0802,169.09,28.71666666666667,72754.0716,0.03688335829896795,3.2624140731189293,0
CCB - PRUDENCIAL,2020-03-01,12450598.0,160113.0,1351351.0,0.0882,0.0853999999999999,168.09,0.5308473674999981,28.24,0.0441422141383592,0,7631782.0,993233.0,1139572.0,0.1119999999999999,0.0865,169.51,30.386666666666667,98572.97799999999,0.07942899253458774,2.4501306910346035,0
CCB - PRUDENCIAL,2020-06-01,12841966.0,132604.0,1351351.0,0.0736,0.0738,153.27,-0.4306129372000034,24.44333333333333,0.0378342083823072,0,7907864.0,1065608.0,1139572.0,0.122,0.094,170.58,30.69666666666667,107119.768,0.07319762640038459,2.5385773595155037,0
CCB - PRUDENCIAL,2020-09-01,11724768.0,125364.0,1447455.0,0.076,0.08,165.34,1.2447095295999857,21.71666666666667,0.0481109309663302,0,9818335.0,312470.0,1292803.0,0.1113,0.1027,170.5,30.59,132770.8681,0.0182860689239898,3.9831604445097684,0
CCB - PRUDENCIAL,2020-12-01,10453127.0,124692.0,1447455.0,0.0877999999999999,0.0917,171.47,3.131382328999988,20.72,0.0489625639757829,0,11006057.0,155745.0,1292803.0,0.0935999999999999,0.0911,171.91,29.096666666666664,117774.3533,0.008277119077499014,4.785948744097614,0
CCB - PRUDENCIAL,2021-03-01,11105781.0,537972.0,1438738.0,0.0818,0.0914,173.12,2.052492994999988,22.403333333333336,0.0347218865808931,0,12450598.0,160113.0,1351351.0,0.0882,0.0853999999999999,168.09,28.24,115405.37539999987,0.003247543554097452,5.726603569764101,0
CCB - PRUDENCIAL,2021-06-01,11144307.0,243849.0,1438738.0,0.0819,0.0856,172.06,1.6786286369000036,21.46333333333333,0.0298060840518721,0,12841966.0,132604.0,1351351.0,0.0736,0.0738,153.27,24.44333333333333,99729.7038,0.0013847442915092332,6.580854079621899,0
CCB - PRUDENCIAL,2021-09-01,10366545.0,234554.0,1405146.0,0.0902,0.1272,172.27,3.0196768831999954,21.08666666666667,0.0288545204255489,0,11724768.0,125364.0,1447455.0,0.076,0.08,165.34,21.71666666666667,115796.40000000001,0.0028319847538975703,5.863941484366377,0
CCB - PRUDENCIAL,2021-12-01,10965365.0,327916.0,1405146.0,0.0863,0.1293,174.3,2.958021687500012,22.62,0.0389445849531935,0,10453127.0,124692.0,1447455.0,0.0877999999999999,0.0917,171.47,20.72,132731.62350000002,0.006061036496333613,5.099794975491268,0
CCB - PRUDENCIAL,2022-03-01,10502532.0,250914.0,1350537.0,0.0902999999999999,0.1236999999999999,175.72,3.2006523548000043,24.72,0.0383483163791355,0,11105781.0,537972.0,1438738.0,0.0818,0.0914,173.12,22.403333333333336,131500.6532,0.0061696247758923975,5.081928521739122,0
CCB - PRUDENCIAL,2022-06-01,10426840.0,160440.0,1350537.0,0.0905,0.1322,177.81,2.215266379399994,25.546666666666667,0.0353151155521702,0,11144307.0,243849.0,1438738.0,0.0819,0.0856,172.06,21.46333333333333,123155.97279999999,0.00474007549199713,5.346950871643759,0
CCB - PRUDENCIAL,2022-09-01,11268344.0,51856.0,1332733.0,0.0867,0.1215,179.54,-1.3245430992000151,27.44,0.0346992305213769,0,10366545.0,234554.0,1405146.0,0.0902,0.1272,172.27,21.08666666666667,178734.5712,0.006643060080330972,5.00751734287082,0
CCB - PRUDENCIAL,2022-12-01,11020720.0,95080.0,1332733.0,0.0873,0.1227999999999999,180.33,1.6286339977999995,29.036666666666665,0.0307268744190347,0,10965365.0,327916.0,1405146.0,0.0863,0.1293,174.3,22.62,181685.3778,0.005877880735720245,5.130663777764865,0
CCB - PRUDENCIAL,2023-03-01,10984363.0,70580.0,1347580.0,0.0863,0.1159999999999999,182.74,2.094210609200031,30.19,0.0309532386659709,0,10502532.0,250914.0,1350537.0,0.0902999999999999,0.1236999999999999,175.72,24.72,167061.42689999985,0.008761568306661431,4.728580183193914,0
CCB - PRUDENCIAL,2023-06-01,11097300.0,21840.0,1347580.0,0.0861,0.0971,184.28,0.760729877599986,32.02333333333333,0.0170547256612269,0,10426840.0,160440.0,1350537.0,0.0905,0.1322,177.81,25.546666666666667,178540.99140000003,0.009635321440720617,4.6326375744952495,0
CCB - PRUDENCIAL,2023-09-01,11766853.0,9088.0,1310934.0,0.1238,0.1522,184.44,0.6111867176000096,31.51333333333333,0.0163661125654024,0,11268344.0,51856.0,1332733.0,0.0867,0.1215,179.54,27.44,161927.0595,0.006932603868573164,4.964563051832177,0
CCB - PRUDENCIAL,2023-12-01,10543221.0,79973.0,1310934.0,0.1321,0.1604,185.03,1.083587763199989,30.41333333333333,0.0149837250627455,0,11020720.0,95080.0,1332733.0,0.0873,0.1227999999999999,180.33,29.036666666666665,163659.61239999987,0.009343231392533008,4.6637159599988065,0
CIELO - PRUDENCIAL,2020-09-01,0.0,0.0,0.0,0.0,0.0,165.34,1.2447095295999857,21.71666666666667,0.5562818660610817,1,0.0,0.0,0.0,0.0,0.0,170.5,30.59,0.0,0.8214260162113441,-1.526038883116889,1
CIELO IP - PRUDENCIAL,2023-12-01,13344367.0,38636.0,0.0,0.0,0.0,185.03,1.083587763199989,30.41333333333333,0.0150368018079218,0,0.0,0.0,0.0,0.0,0.0,175.72,24.72,0.0,0.7686537509496396,-1.200725106923352,1
CIELO IP - PRUDENCIAL,2024-03-01,9170728.0,44431.0,0.0,0.0,0.0,186.65,1.415491577599992,29.896666666666665,0.022660650076861,0,0.0,0.0,0.0,0.0,0.0,177.81,25.546666666666667,0.0,0.7881759591219288,-1.3139654286599156,1
CIELO IP - PRUDENCIAL,2024-06-01,9119999.0,1029.0,0.0,0.0,0.0,189.49,1.053515670799987,29.07333333333333,0.0335565073023745,0,0.0,0.0,0.0,0.0,0.0,179.54,27.44,0.0,0.8176292003987757,-1.5003669581178973,1
CIELO IP - PRUDENCIAL,2024-09-01,9769650.0,968.0,0.0,0.0,0.0,190.99,0.8015076655999875,28.473333333333333,0.0252417561188505,0,12569200.0,1216.0,0.0,0.0,0.0,184.44,31.51333333333333,0.0,0.005796442044144641,5.144697683811191,0
CIELO IP - PRUDENCIAL,2024-12-01,10573138.0,1025.0,0.0,0.0,0.0,191.11,1.47713535680003,27.96,0.0033867404194114,0,13344367.0,38636.0,0.0,0.0,0.0,185.03,30.41333333333333,0.0,0.003569592174178065,5.631727948371131,0
CIELO IP - PRUDENCIAL,2025-03-01,4109215.0,1495.0,0.0,0.0,0.0,193.61,2.040339737600028,29.313333333333333,0.1162484301213336,0,9170728.0,44431.0,0.0,0.0,0.0,186.65,29.896666666666665,0.0,0.036249062474311054,3.2804193795815184,0
CIELO IP - PRUDENCIAL,2025-06-01,4168407.0,1270.0,0.0,0.0,0.0,194.33,0.9327766831999762,31.666666666666668,0.1219317938443154,0,9119999.0,1029.0,0.0,0.0,0.0,189.49,29.07333333333333,0.0,0.03662108983114582,3.269822503668779,0
CIELO IP - PRUDENCIAL,2025-09-01,4757905.0,1164.0,0.0,0.0,0.0,,0.6304326271999727,31.94666666666667,0.1039617639368499,0,9769650.0,968.0,0.0,0.0,0.0,190.99,28.473333333333333,0.0,0.025438837871013947,3.6457102233977077,0
CITIBANK - PRUDENCIAL,2017-03-01,34856175.0,246989.0,5834992.0,0.162,0.1088,164.34,0.9630321349999972,41.17333333333333,0.0702770918902564,0,40309643.0,1446680.0,6754750.0,0.1314,0.0914,163.26,35.07,617384.15,6.097533885547021e-09,18.915381422571095,0
CITIBANK - PRUDENCIAL,2017-06-01,34074615.0,1266230.0,5834992.0,0.1646,0.1036999999999999,165.65,0.2193980018000196,36.63666666666666,0.06915147416464,0,40035536.0,1580293.0,6754750.0,0.1353,0.0936999999999999,163.72,38.303333333333335,632920.0749999993,1.0105402874382285e-08,18.4101956080645,0
CITIBANK - PRUDENCIAL,2017-09-01,33072125.0,1441948.0,6054902.0,0.1687999999999999,0.1057,166.12,0.5911447296000016,36.16333333333333,0.0684493780000345,0,37912612.0,1408670.0,4661925.0,0.1565,0.0957,162.92,39.71333333333333,446146.2225,1.8864869938197874e-08,17.78596435913317,0
CITIBANK - PRUDENCIAL,2017-12-01,30230671.0,1188413.0,6054902.0,0.1594,0.1161,167.13,1.144261174399985,33.526666666666664,0.035456489268545,0,35120398.0,482902.0,4661925.0,0.1657999999999999,0.1038,162.73,40.38,483907.815,6.131105163732948e-08,16.607305661321544,0
CITIBANK - PRUDENCIAL,2018-03-01,31239957.0,821553.0,4722119.0,0.1553999999999999,0.1143,167.98,0.7014778351999817,33.15,0.0150292843992395,0,34856175.0,246989.0,5834992.0,0.162,0.1088,164.34,41.17333333333333,634847.1296,1.0276106864255836e-07,16.090859162695644,0
CITIBANK - PRUDENCIAL,2018-06-01,31521855.0,1593771.0,4722119.0,0.146,0.1093,167.89,1.8887030879999989,30.82333333333333,0.0230053764431039,0,34074615.0,1266230.0,5834992.0,0.1646,0.1036999999999999,165.65,36.63666666666666,605088.6703999995,1.8908360691952343e-07,15.481076366063979,0
CITIBANK - PRUDENCIAL,2018-09-01,31056052.0,1023973.0,5709367.0,0.1578,0.1066,169.35,0.7208535743999933,28.546666666666667,0.0090547798882554,0,33072125.0,1441948.0,6054902.0,0.1687999999999999,0.1057,166.12,36.16333333333333,640003.1414,3.852380544052404e-07,14.769403985472987,0
CITIBANK - PRUDENCIAL,2018-12-01,32343445.0,249242.0,5709367.0,0.1585,0.1046,169.09,0.3894135824999978,28.71666666666667,0.0078006316167406,0,30230671.0,1188413.0,6054902.0,0.1594,0.1161,167.13,33.526666666666664,702974.1222,1.5448381010805635e-06,13.380589897310635,0
CITIBANK - PRUDENCIAL,2019-03-01,29444099.0,1627102.0,5267325.0,0.1616,0.1174,169.51,1.507011320000018,30.386666666666667,0.0059557611944086,0,31239957.0,821553.0,4722119.0,0.1553999999999999,0.1143,167.98,33.15,539738.2017,4.6189841274179655e-07,14.587920394084856,0
CITIBANK - PRUDENCIAL,2019-06-01,28810889.0,916257.0,5267325.0,0.1722,0.1079,170.58,0.710811074100004,30.69666666666667,0.0049639649480715,0,31521855.0,1593771.0,4722119.0,0.146,0.1093,167.89,30.82333333333333,516127.60669999995,4.798797202475299e-07,14.549729867483405,0
CITIBANK - PRUDENCIAL,2019-09-01,29014930.0,908476.0,7258725.0,0.1679,0.1059,170.5,0.2600889164000142,30.59,0.0157294926696827,0,31056052.0,1023973.0,5709367.0,0.1578,0.1066,169.35,28.546666666666667,608618.5222,5.305333375612532e-07,14.449382508659081,0
CITIBANK - PRUDENCIAL,2019-12-01,31640818.0,1787336.0,7258725.0,0.1714,0.1015,171.91,1.767530865000011,29.096666666666664,0.0171511331676049,0,32343445.0,249242.0,5709367.0,0.1585,0.1046,169.09,28.71666666666667,597199.7882,1.6986714812066948e-07,15.588249017288067,0
CITIBANK - PRUDENCIAL,2020-03-01,41838743.0,343825.0,7536476.0,0.1483,0.0896,168.09,0.5308473674999981,28.24,0.012902031423293,0,29444099.0,1627102.0,5267325.0,0.1616,0.1174,169.51,30.386666666666667,618383.9550000001,1.9670125714264713e-06,13.13899266049577,0
CITIBANK - PRUDENCIAL,2020-06-01,37667016.0,1704993.0,7536476.0,0.1732,0.0957,153.27,-0.4306129372000034,24.44333333333333,0.0195286559147162,0,28810889.0,916257.0,5267325.0,0.1722,0.1079,170.58,30.69666666666667,568344.3674999999,1.889311476226134e-06,13.179296204345256,0
CITIBANK - PRUDENCIAL,2020-09-01,37603719.0,201776.0,10265756.0,0.1795,0.0969,165.34,1.2447095295999857,21.71666666666667,0.0182642848749999,0,29014930.0,908476.0,7258725.0,0.1679,0.1059,170.5,30.59,768698.9774999999,2.9816981638248517e-06,12.723014584516775,0
CITIBANK - PRUDENCIAL,2020-12-01,38193075.0,926330.0,10265756.0,0.1766,0.1036,171.47,3.131382328999988,20.72,0.0068479857005765,0,31640818.0,1787336.0,7258725.0,0.1714,0.1015,171.91,29.096666666666664,736760.5875,9.400693640492212e-07,13.877311232893293,0
CITIBANK - PRUDENCIAL,2021-03-01,43667582.0,341984.0,10972837.0,0.1565,0.0966,173.12,2.052492994999988,22.403333333333336,0.0062096560918537,0,41838743.0,343825.0,7536476.0,0.1483,0.0896,168.09,28.24,675268.2496,1.1519203553645287e-09,20.581835411979085,0
CITIBANK - PRUDENCIAL,2021-06-01,42531658.0,926598.0,10972837.0,0.1642,0.1003999999999999,172.06,1.6786286369000036,21.46333333333333,0.0073575149953608,0,37667016.0,1704993.0,7536476.0,0.1732,0.0957,153.27,24.44333333333333,721240.7531999999,1.3695741041465501e-08,18.10618091173331,0
CITIBANK - PRUDENCIAL,2021-09-01,42805200.0,934664.0,10559936.0,0.1698,0.0853999999999999,172.27,3.0196768831999954,21.08666666666667,0.0044283473086629,0,37603719.0,201776.0,10265756.0,0.1795,0.0969,165.34,21.71666666666667,994751.7564,1.52279403806928e-08,18.000133898416678,0
CITIBANK - PRUDENCIAL,2021-12-01,47934353.0,534612.0,10559936.0,0.1531,0.0832,174.3,2.958021687500012,22.62,0.0038835233373119,0,38193075.0,926330.0,10265756.0,0.1766,0.1036,171.47,20.72,1063532.3216,1.9396738949805484e-08,17.75816086108085,0
CITIBANK - PRUDENCIAL,2022-03-01,54965520.0,1259375.0,12069662.0,0.1372,0.0838,175.72,3.2006523548000043,24.72,0.002075945264096,0,43667582.0,341984.0,10972837.0,0.1565,0.0966,173.12,22.403333333333336,1059976.0542000001,8.400142758709288e-10,20.89760222841115,0
CITIBANK - PRUDENCIAL,2022-06-01,53525243.0,1816459.0,12069662.0,0.1457,0.0846,177.81,2.215266379399994,25.546666666666667,0.0019556963253782,0,42531658.0,926598.0,10972837.0,0.1642,0.1003999999999999,172.06,21.46333333333333,1101672.834799999,2.1064263536372805e-09,19.97827299459664,0
CITIBANK - PRUDENCIAL,2022-09-01,54502845.0,1112504.0,12187536.0,0.1503999999999999,0.0906,179.54,-1.3245430992000151,27.44,0.0017477312262268,0,42805200.0,934664.0,10559936.0,0.1698,0.0853999999999999,172.27,21.08666666666667,901818.534399999,1.1749646266469163e-09,20.562027793709834,0
CITIBANK - PRUDENCIAL,2022-12-01,58806338.0,549103.0,12187536.0,0.1376,0.0703,180.33,1.6286339977999995,29.036666666666665,0.001261541344713,0,47934353.0,534612.0,10559936.0,0.1531,0.0832,174.3,22.62,878586.6751999999,6.070447183014224e-11,23.52500374960868,0
CITIBANK - PRUDENCIAL,2023-03-01,56550022.0,4493312.0,12036231.0,0.1408,0.0806,182.74,2.094210609200031,30.19,0.0028730229528235,0,54965520.0,1259375.0,12069662.0,0.1372,0.0838,175.72,24.72,1011437.6756,3.0629296683381042e-12,26.511649250130244,0
CITIBANK - PRUDENCIAL,2023-06-01,59117477.0,534049.0,12036231.0,0.1455,0.0783,184.28,0.760729877599986,32.02333333333333,0.0045113283505546,0,53525243.0,1816459.0,12069662.0,0.1457,0.0846,177.81,25.546666666666667,1021093.4051999999,1.045764262182902e-11,25.283688053543163,0
CITIBANK - PRUDENCIAL,2023-09-01,53562586.0,466841.0,8662042.0,0.1629,0.0819,184.44,0.6111867176000096,31.51333333333333,0.004321490630546,0,54502845.0,1112504.0,12187536.0,0.1503999999999999,0.0906,179.54,27.44,1104190.7616,5.934612140584966e-12,25.850219441303715,0
CITIBANK - PRUDENCIAL,2023-12-01,54969893.0,879740.0,8662042.0,0.1485999999999999,0.0771,185.03,1.083587763199989,30.41333333333333,0.0033418543068829,0,58806338.0,549103.0,12187536.0,0.1376,0.0703,180.33,29.036666666666665,856783.7808000001,2.860342355919846e-13,28.882664886487525,0
CITIBANK - PRUDENCIAL,2024-03-01,48192479.0,846106.0,8354933.0,0.1668,0.0722,186.65,1.415491577599992,29.896666666666665,0.0086182898078659,0,56550022.0,4493312.0,12036231.0,0.1408,0.0806,182.74,30.19,970120.2186,1.12282454242021e-11,25.212588599526956,0
CITIBANK - PRUDENCIAL,2024-06-01,50916885.0,1308477.0,8354933.0,0.1586999999999999,0.0738,189.49,1.053515670799987,29.07333333333333,0.0099303031088769,0,59117477.0,534049.0,12036231.0,0.1455,0.0783,184.28,32.02333333333333,942436.8873,3.7957795836006223e-13,28.599716395397532,0
CITIBANK - PRUDENCIAL,2024-09-01,53083787.0,825237.0,9334608.0,0.1655,0.0794,190.99,0.8015076655999875,28.473333333333333,0.0229500058797496,0,53562586.0,466841.0,8662042.0,0.1629,0.0819,184.44,31.51333333333333,709421.2398,3.776933760611988e-12,26.302108610014564,0
CITIBANK - PRUDENCIAL,2024-12-01,56451858.0,873097.0,9334608.0,0.1356,0.0608999999999999,191.11,1.47713535680003,27.96,0.0215529600245039,0,54969893.0,879740.0,8662042.0,0.1485999999999999,0.0771,185.03,30.41333333333333,667843.4382,1.8549288546230512e-12,27.013174774005737,0
CITIBANK - PRUDENCIAL,2025-03-01,51699063.0,1100333.0,9991349.0,0.1528999999999999,0.066,193.61,2.040339737600028,29.313333333333333,0.0094262140543892,0,48192479.0,846106.0,8354933.0,0.1668,0.0722,186.65,29.896666666666665,603226.1626,7.096415577697196e-11,23.368846214606695,0
CITIBANK - PRUDENCIAL,2025-06-01,52110980.0,547823.0,9991349.0,0.1574,0.0741,194.33,0.9327766831999762,31.666666666666668,0.009968256294397,0,50916885.0,1308477.0,8354933.0,0.1586999999999999,0.0738,189.49,29.07333333333333,616594.0554000001,2.0119797384900102e-11,24.62931684116059,0
CITIBANK - PRUDENCIAL,2025-09-01,48537671.0,779473.0,10019999.0,0.1926,0.0784,,0.6304326271999727,31.94666666666667,0.0102193622988149,0,53083787.0,825237.0,9334608.0,0.1655,0.0794,190.99,28.473333333333333,741167.8752,6.244044176558398e-12,25.799393038352765,0
COBUCCIO SCFI - PRUDENCIAL,2023-03-01,0.0,0.0,320640.0,0.2382,0.0,182.74,2.094210609200031,30.19,0.000332505638358,0,0.0,0.0,212340.0,0.2481,0.0,175.72,24.72,0.0,0.746443823574484,-1.0797349589341274,1
COBUCCIO SCFI - PRUDENCIAL,2023-06-01,0.0,0.0,320640.0,0.3829999999999999,0.0,184.28,0.760729877599986,32.02333333333333,0.0004063533660386,0,0.0,0.0,212340.0,0.3175,0.0,177.81,25.546666666666667,0.0,0.7605046168729992,-1.155448042568653,1
COBUCCIO SCFI - PRUDENCIAL,2023-09-01,0.0,0.0,320640.0,0.381,0.0,184.44,0.6111867176000096,31.51333333333333,5.291094729560178e-05,0,0.0,0.0,261808.0,0.29,0.0,179.54,27.44,0.0,0.795725133504357,-1.359787344335393,1
COBUCCIO SCFI - PRUDENCIAL,2023-12-01,0.0,0.0,320640.0,0.3887,0.0,185.03,1.083587763199989,30.41333333333333,5.042023005351278e-05,0,0.0,0.0,261808.0,0.2713,0.0,180.33,29.036666666666665,0.0,0.8192283594980906,-1.5111282916368813,1
COBUCCIO SCFI - PRUDENCIAL,2024-03-01,0.0,0.0,330567.0,0.3712,0.0,186.65,1.415491577599992,29.896666666666665,4.517272937893338e-05,0,0.0,0.0,320640.0,0.2382,0.0,182.74,30.19,0.0,0.8427176638135144,-1.6785894729310864,1
COBUCCIO SCFI - PRUDENCIAL,2024-06-01,349778.0,0.0,330567.0,0.182,0.0,189.49,1.053515670799987,29.07333333333333,6.128335548004924e-05,0,0.0,0.0,320640.0,0.3829999999999999,0.0,184.28,32.02333333333333,0.0,0.8553951641133252,-1.777558789357189,1
COBUCCIO SCFI - PRUDENCIAL,2024-09-01,428116.0,0.0,391722.0,0.1661,0.0,190.99,0.8015076655999875,28.473333333333333,8.845474008965779e-05,0,0.0,0.0,320640.0,0.381,0.0,184.44,31.51333333333333,0.0,0.8511146985183999,-1.7433706788953829,1
COBUCCIO SCFI - PRUDENCIAL,2024-12-01,0.0,0.0,0.0,0.0,0.0,191.11,1.47713535680003,27.96,0.0002430739506079,0,0.0,0.0,320640.0,0.3887,0.0,185.03,30.41333333333333,0.0,0.8414398287608449,-1.6689803551575768,1
CODEPE CORRETORA DE VAL. S.A. - PRUDENCIAL,2021-09-01,14731.0,663.0,12211.0,0.9333,0.0,172.27,3.0196768831999954,21.08666666666667,0.0,0,8943.0,1153.0,13908.0,0.8349,0.0,153.27,24.44333333333333,0.0,0.5470302807295339,-0.18867888012141576,0
CODEPE CORRETORA DE VAL. S.A. - PRUDENCIAL,2022-03-01,12260.0,1329.0,11183.0,0.8876999999999999,0.0,175.72,3.2006523548000043,24.72,0.0,0,14800.0,964.0,13122.0,0.8287,0.0,171.47,20.72,0.0,0.5836056575100527,-0.33759276058964605,0
CODEPE CORRETORA DE VAL. S.A. - PRUDENCIAL,2023-03-01,2790.0,1762.0,9531.0,1.5886000000000002,0.0,182.74,2.094210609200031,30.19,0.0,0,9633.0,1310.0,12513.0,0.8795000000000001,0.0,173.12,22.403333333333336,0.0,0.6181188488254812,-0.48157131310347495,1
CODEPE CORRETORA DE VAL. S.A. - PRUDENCIAL,2023-06-01,2778.0,2064.0,9531.0,1.4391,0.0,184.28,0.760729877599986,32.02333333333333,0.0,0,9596.0,773.0,12513.0,0.9185,0.0,172.06,21.46333333333333,0.0,0.5897372903569346,-0.3628794571828087,0
CODEPE CORRETORA DE VAL. S.A. - PRUDENCIAL,2023-09-01,2606.0,1957.0,9219.0,1.574,0.0,184.44,0.6111867176000096,31.51333333333333,0.0,0,14731.0,663.0,12211.0,0.9333,0.0,172.27,21.08666666666667,0.0,0.5812855662824503,-0.32805299896759726,0
CODEPE CORRETORA DE VAL. S.A. - PRUDENCIAL,2023-12-01,2700.0,1423.0,9219.0,1.4574,0.0,185.03,1.083587763199989,30.41333333333333,0.0,0,12260.0,1329.0,11183.0,0.8876999999999999,0.0,175.72,24.72,0.0,0.6715485930163743,-0.7151974748833146,1
CODEPE CORRETORA DE VAL. S.A. - PRUDENCIAL,2024-03-01,2656.0,1380.0,8680.0,1.4804,0.0,186.65,1.415491577599992,29.896666666666665,0.0,0,2790.0,1762.0,9531.0,1.5886000000000002,0.0,182.74,30.19,0.0,0.7167573454692402,-0.9284333858992089,1
CODEPE CORRETORA DE VAL. S.A. - PRUDENCIAL,2024-06-01,2584.0,1464.0,8680.0,1.5187,0.0,189.49,1.053515670799987,29.07333333333333,0.0,0,2778.0,2064.0,9531.0,1.4391,0.0,184.28,32.02333333333333,0.0,0.7661514605382287,-1.1867062403968816,1
CODEPE CORRETORA DE VAL. S.A. - PRUDENCIAL,2024-09-01,2011.0,1378.0,7792.0,2.0025,0.0,190.99,0.8015076655999875,28.473333333333333,0.0,0,2606.0,1957.0,9219.0,1.574,0.0,184.44,31.51333333333333,0.0,0.746212426303734,-1.0785127199593922,1
CODEPE CORRETORA DE VAL. S.A. - PRUDENCIAL,2024-12-01,1921.0,1446.0,7792.0,2.3314,0.0,191.11,1.47713535680003,27.96,0.0,0,2700.0,1423.0,9219.0,1.4574,0.0,185.03,30.41333333333333,0.0,0.74478794671156,-1.071004761075547,1
COMPANHIA PROVINCIA DE CREDITO IMOBILIARIO - PRUDE,2017-03-01,30796.0,0.0,19832.0,0.1887,0.0,164.34,0.9630321349999972,41.17333333333333,0.0061909714934105,0,16516.0,0.0,7604.0,0.3285,0.0,163.26,35.07,0.0,0.8190833888636162,-1.5101496828697454,1
COMPANHIA PROVINCIA DE CREDITO IMOBILIARIO - PRUDE,2017-06-01,31276.0,0.0,19832.0,0.1689,0.0,165.65,0.2193980018000196,36.63666666666666,0.0,0,19363.0,0.0,7604.0,0.3066,0.0,163.72,38.303333333333335,0.0,0.8555959043173582,-1.7791826000817448,1
COMPANHIA PROVINCIA DE CREDITO IMOBILIARIO - PRUDE,2017-09-01,32224.0,0.0,20037.0,0.1491,0.0,166.12,0.5911447296000016,36.16333333333333,0.0,0,19965.0,0.0,7868.0,0.2952,0.0,162.92,39.71333333333333,0.0,0.8669202819407704,-1.8739986922229785,1
COMPANHIA PROVINCIA DE CREDITO IMOBILIARIO - PRUDE,2017-12-01,31917.0,0.0,20037.0,0.1351,0.0,167.13,1.144261174399985,33.526666666666664,0.0178737131127495,0,29556.0,0.0,7868.0,0.2648999999999999,0.0,162.73,40.38,0.0,0.8734204020834995,-1.9315456565444802,1
COMPANHIA PROVINCIA DE CREDITO IMOBILIARIO - PRUDE,2018-03-01,29867.0,0.0,25097.0,0.1268999999999999,0.0,167.98,0.7014778351999817,33.15,0.0194134729228334,0,30796.0,0.0,19832.0,0.1887,0.0,164.34,41.17333333333333,0.0,0.8881541081326578,-2.0720233139201043,1
COMPANHIA PROVINCIA DE CREDITO IMOBILIARIO - PRUDE,2018-06-01,28570.0,0.0,25097.0,0.1164,0.0,167.89,1.8887030879999989,30.82333333333333,0.0186471993169753,0,31276.0,0.0,19832.0,0.1689,0.0,165.65,36.63666666666666,0.0,0.8539618277138429,-1.7660184523275049,1
COMPANHIA PROVINCIA DE CREDITO IMOBILIARIO - PRUDE,2018-09-01,30664.0,0.0,16796.0,0.1303,0.0,169.35,0.7208535743999933,28.546666666666667,0.0151685722119691,0,32224.0,0.0,20037.0,0.1491,0.0,166.12,36.16333333333333,0.0,0.8520969804836466,-1.751143561093728,1
COMPANHIA PROVINCIA DE CREDITO IMOBILIARIO - PRUDE,2018-12-01,23266.0,0.0,16796.0,0.1513,0.0,169.09,0.3894135824999978,28.71666666666667,0.0091084939411659,0,31917.0,0.0,20037.0,0.1351,0.0,167.13,33.526666666666664,0.0,0.829333121922467,-1.580908334582176,1
COMPANHIA PROVINCIA DE CREDITO IMOBILIARIO - PRUDE,2019-03-01,29458.0,0.0,12025.0,0.1349,0.0,169.51,1.507011320000018,30.386666666666667,0.0056722472824458,0,29867.0,0.0,25097.0,0.1268999999999999,0.0,167.98,33.15,0.0,0.8289533683205224,-1.57822768324368,1
COMPANHIA PROVINCIA DE CREDITO IMOBILIARIO - PRUDE,2019-06-01,21675.0,0.0,12025.0,0.1582,0.0,170.58,0.710811074100004,30.69666666666667,0.0046721984509392,0,28570.0,0.0,25097.0,0.1164,0.0,167.89,30.82333333333333,0.0,0.8028436948662749,-1.4041632018024954,1
COMPANHIA PROVINCIA DE CREDITO IMOBILIARIO - PRUDE,2019-09-01,32643.0,0.0,10211.0,0.1229,0.0,170.5,0.2600889164000142,30.59,0.0029385687315254,0,30664.0,0.0,16796.0,0.1303,0.0,169.35,28.546666666666667,0.0,0.7782171681938033,-1.2553069532912207,1
CONFIDENCE - PRUDENCIAL,2023-03-01,153501.0,97926.0,743760.0,0.1732999999999999,0.1253999999999999,182.74,2.094210609200031,30.19,0.033279585607762,0,105836.0,79398.0,530209.0,0.1427999999999999,0.0973,175.72,24.72,51589.335699999996,0.6930541811324994,-0.8144369330221893,1
CONFIDENCE - PRUDENCIAL,2023-06-01,161486.0,43307.0,743760.0,0.1744,0.1656,184.28,0.760729877599986,32.02333333333333,0.0132623323216797,0,152674.0,409898.0,530209.0,0.1104,0.1027999999999999,177.81,25.546666666666667,54505.48519999995,0.7451472963736318,-1.0728961662711487,1
CONFIDENCE - PRUDENCIAL,2023-09-01,163136.0,76633.0,853991.0,0.1668,0.2098999999999999,184.44,0.6111867176000096,31.51333333333333,0.0448865373625067,0,162017.0,132493.0,627419.0,0.1448,0.08,179.54,27.44,50193.520000000004,0.7667670859648201,-1.1901455006166966,1
CONFIDENCE - PRUDENCIAL,2023-12-01,167256.0,40381.0,853991.0,0.1946,0.2419,185.03,1.083587763199989,30.41333333333333,0.0274431536550499,0,159134.0,51030.0,627419.0,0.184,0.1838,180.33,29.036666666666665,115319.61219999999,0.7204278570126789,-0.946584907275056,1
CONFIDENCE - PRUDENCIAL,2024-03-01,170108.0,74015.0,946272.0,0.1734,0.2569,186.65,1.415491577599992,29.896666666666665,0.0787164967545621,0,153501.0,97926.0,743760.0,0.1732999999999999,0.1253999999999999,182.74,30.19,93267.50399999993,0.7937207538926901,-1.347500889083398,1
COOPER CARD IP - PRUDENCIAL,2024-09-01,54556.0,0.0,0.0,0.0,0.0,190.99,0.8015076655999875,28.473333333333333,0.1800664217860711,1,167742.0,0.0,0.0,0.0,0.0,184.44,31.51333333333333,0.0,0.8623672369483535,-1.8350922074248652,1
COOPER CARD IP - PRUDENCIAL,2024-12-01,61512.0,0.0,0.0,0.0,0.0,191.11,1.47713535680003,27.96,0.158863580612599,0,188040.0,0.0,0.0,0.0,0.0,185.03,30.41333333333333,0.0,0.8523862128388474,-1.7534404081409263,1
COOPER CARD IP - PRUDENCIAL,2025-03-01,63511.0,0.0,0.0,0.0,0.0,193.61,2.040339737600028,29.313333333333333,0.3972396332617225,1,124863.0,0.0,0.0,0.0,0.0,186.65,29.896666666666665,0.0,0.8566899827121768,-1.7880658686244038,1
COOPER CARD IP - PRUDENCIAL,2025-06-01,71659.0,0.0,0.0,0.0,0.0,194.33,0.9327766831999762,31.666666666666668,0.0,0,114426.0,0.0,0.0,0.0,0.0,189.49,29.07333333333333,0.0,0.8579807322144397,-1.798618904878054,1
COOPER CARD IP - PRUDENCIAL,2025-09-01,64406.0,0.0,0.0,0.0,0.0,,0.6304326271999727,31.94666666666667,0.0,0,54556.0,0.0,0.0,0.0,0.0,190.99,28.473333333333333,0.0,0.8608217494199649,-1.8221319650297134,1
CREDIARE CFI - PRUDENCIAL,2022-03-01,612055.0,383.0,130731.0,0.2195,0.0,175.72,3.2006523548000043,24.72,0.0805666608640056,0,494798.0,476.0,84403.0,0.3026999999999999,0.0,173.12,22.403333333333336,0.0,0.6281776035184763,-0.5244066229123914,1
CREDIARE CFI - PRUDENCIAL,2022-06-01,709667.0,423.0,130731.0,0.1664999999999999,0.0,177.81,2.215266379399994,25.546666666666667,0.0986247404736255,0,509682.0,416.0,84403.0,0.2984,0.0,172.06,21.46333333333333,0.0,0.6037174689754544,-0.4209789026040909,1
CREDIARE CFI - PRUDENCIAL,2022-09-01,733342.0,437.0,154753.0,0.1589,0.0,179.54,-1.3245430992000151,27.44,0.1088176835935525,0,525361.0,444.0,105289.0,0.2471999999999999,0.0,172.27,21.08666666666667,0.0,0.6028350869378343,-0.4172920788308027,1
CREDIARE CFI - PRUDENCIAL,2022-12-01,762800.0,422.0,154753.0,0.1572,0.0,180.33,1.6286339977999995,29.036666666666665,0.1072149085785671,0,572572.0,448.0,105289.0,0.2362,0.0,174.3,22.62,0.0,0.6370627981347494,-0.562638412953862,1
CREDIARE CFI - PRUDENCIAL,2023-03-01,756003.0,411.0,191644.0,0.1536,0.0,182.74,2.094210609200031,30.19,0.1028873550570084,0,612055.0,383.0,130731.0,0.2195,0.0,175.72,24.72,0.0,0.6782696513408986,-0.7458311562212218,1
CREDIARE CFI - PRUDENCIAL,2023-06-01,731804.0,390.0,191644.0,0.1524,0.0,184.28,0.760729877599986,32.02333333333333,0.1116973514806417,0,709667.0,423.0,130731.0,0.1664999999999999,0.0,177.81,25.546666666666667,0.0,0.6969484408268297,-0.8328084813845442,1
CREDIARE CFI - PRUDENCIAL,2023-09-01,628343.0,0.0,285237.0,0.1516,0.0,184.44,0.6111867176000096,31.51333333333333,0.1368637409857356,0,733342.0,437.0,154753.0,0.1589,0.0,179.54,27.44,0.0,0.7333117472345984,-1.0114905306869366,1
CREDIARE CFI - PRUDENCIAL,2023-12-01,566360.0,0.0,285237.0,0.1452,0.0,185.03,1.083587763199989,30.41333333333333,0.1236809860714946,0,762800.0,422.0,154753.0,0.1572,0.0,180.33,29.036666666666665,0.0,0.7571376117819499,-1.137050042913325,1
CREDIARE CFI - PRUDENCIAL,2024-03-01,535337.0,0.0,315126.0,0.1354,0.0,186.65,1.415491577599992,29.896666666666665,0.1263173920137322,0,756003.0,411.0,191644.0,0.1536,0.0,182.74,30.19,0.0,0.7843196157119293,-1.2910190004391837,1
CREDIARE CFI - PRUDENCIAL,2024-06-01,500853.0,0.0,315126.0,0.1356,0.0,189.49,1.053515670799987,29.07333333333333,0.1181692422073311,0,731804.0,390.0,191644.0,0.1524,0.0,184.28,32.02333333333333,0.0,0.8149568428461434,-1.482546077950276,1
CREDIARE CFI - PRUDENCIAL,2024-09-01,484565.0,0.0,322156.0,0.135,0.0,190.99,0.8015076655999875,28.473333333333333,0.1148907897337306,0,628343.0,0.0,285237.0,0.1516,0.0,184.44,31.51333333333333,0.0,0.8192899934278075,-1.5115445301779795,1
CREDIARE CFI - PRUDENCIAL,2024-12-01,491966.0,0.0,322156.0,0.1353,0.0,191.11,1.47713535680003,27.96,0.1106102442400224,0,566360.0,0.0,285237.0,0.1452,0.0,185.03,30.41333333333333,0.0,0.8145222876074737,-1.479667064671974,1
CREDIARE CFI - PRUDENCIAL,2025-03-01,497054.0,0.0,157457.0,0.1721,0.0,193.61,2.040339737600028,29.313333333333333,0.0,0,535337.0,0.0,315126.0,0.1354,0.0,186.65,29.896666666666665,0.0,0.8180730779719018,-1.5033465903117182,1
CREDIARE CFI - PRUDENCIAL,2025-06-01,493085.0,0.0,157457.0,0.1734,0.0,194.33,0.9327766831999762,31.666666666666668,0.0,0,500853.0,0.0,315126.0,0.1356,0.0,189.49,29.07333333333333,0.0,0.8216148629056366,-1.5273268436629472,1
CREDIARE CFI - PRUDENCIAL,2025-09-01,480475.0,0.0,140888.0,0.1802,0.0,,0.6304326271999727,31.94666666666667,0.0,0,484565.0,0.0,322156.0,0.135,0.0,190.99,28.473333333333333,0.0,0.8215771009710612,-1.5270692167090898,1
CREDIT AGRICOLE - PRUDENCIAL,2017-03-01,4492041.0,46154.0,308463.0,0.1461,0.0533999999999999,164.34,0.9630321349999972,41.17333333333333,0.0,0,5308677.0,13760.0,264069.0,0.1264,0.0496,163.26,35.07,13097.8224,0.17784402649679942,1.5310232154453962,0
CREDIT AGRICOLE - PRUDENCIAL,2017-06-01,4205855.0,29803.0,308463.0,0.1562,0.0544,165.65,0.2193980018000196,36.63666666666666,0.0124622446124643,0,4863062.0,14036.0,264069.0,0.135,0.0565,163.72,38.303333333333335,14919.898500000001,0.25864905007836836,1.0530020061097027,0
CREDIT AGRICOLE - PRUDENCIAL,2017-09-01,4569789.0,101332.0,326152.0,0.1325,0.0344,166.12,0.5911447296000016,36.16333333333333,0.0189273657396406,0,3837712.0,23534.0,295200.0,0.1729,0.0546,162.92,39.71333333333333,16117.92,0.4039057509035131,0.3892172298967971,0
CREDIT AGRICOLE - PRUDENCIAL,2017-12-01,3616484.0,167784.0,326152.0,0.1561,0.0611,167.13,1.144261174399985,33.526666666666664,0.0192207656294601,0,4348859.0,18183.0,295200.0,0.1559,0.0673,162.73,40.38,19866.96,0.3378397835145187,0.6729357758338735,0
CREDIT AGRICOLE - PRUDENCIAL,2018-03-01,3792744.0,79046.0,367959.0,0.1417,0.0365,167.98,0.7014778351999817,33.15,0.0679094584943071,0,4492041.0,46154.0,308463.0,0.1461,0.0533999999999999,164.34,41.17333333333333,16471.92419999997,0.3593010687684381,0.5783989919733111,0
CREDIT AGRICOLE - PRUDENCIAL,2018-06-01,4614537.0,152992.0,367959.0,0.1106,0.0289,167.89,1.8887030879999989,30.82333333333333,0.0548490368923608,0,4205855.0,29803.0,308463.0,0.1562,0.0544,165.65,36.63666666666666,16780.387199999997,0.3204793891533945,0.7515695997709914,0
CREDIT AGRICOLE - PRUDENCIAL,2018-09-01,4516789.0,45363.0,348990.0,0.2489,0.0455,169.35,0.7208535743999933,28.546666666666667,0.0569550142025744,0,4569789.0,101332.0,326152.0,0.1325,0.0344,166.12,36.16333333333333,11219.6288,0.29893609247141606,0.8523692362620059,0
CREDIT AGRICOLE - PRUDENCIAL,2018-12-01,4196817.0,28158.0,348990.0,0.2767,0.0493,169.09,0.3894135824999978,28.71666666666667,0.0514345716844114,0,3616484.0,167784.0,326152.0,0.1561,0.0611,167.13,33.526666666666664,19927.8872,0.36055352772513144,0.572962487605808,0
CREDIT AGRICOLE - PRUDENCIAL,2019-03-01,5253797.0,383160.0,419529.0,0.2223,0.0476999999999999,169.51,1.507011320000018,30.386666666666667,0.0128542913800396,0,3792744.0,79046.0,367959.0,0.1417,0.0365,167.98,33.15,13430.503499999999,0.34976330037041947,0.6200798089881459,0
CREDIT AGRICOLE - PRUDENCIAL,2019-06-01,4776127.0,43790.0,419529.0,0.2598,0.0429,170.58,0.710811074100004,30.69666666666667,0.015872112284309,0,4614537.0,152992.0,367959.0,0.1106,0.0289,167.89,30.82333333333333,10634.015099999999,0.23511132321951325,1.1796711850157935,0
CREDIT AGRICOLE - PRUDENCIAL,2019-09-01,4460785.0,22215.0,430014.0,0.2648999999999999,0.0362,170.5,0.2600889164000142,30.59,0.0091166300626784,0,4516789.0,45363.0,348990.0,0.2489,0.0455,169.35,28.546666666666667,15879.045,0.18852464729748045,1.4596252608655194,0
CREDIT AGRICOLE - PRUDENCIAL,2019-12-01,4383502.0,191126.0,430014.0,0.2792,0.0678,171.91,1.767530865000011,29.096666666666664,0.0035472812801087,0,4196817.0,28158.0,348990.0,0.2767,0.0493,169.09,28.71666666666667,17205.207,0.21233678903378717,1.3108969597175835,0
CREDIT AGRICOLE - PRUDENCIAL,2020-03-01,7830633.0,135982.0,445604.0,0.1547,0.0366,168.09,0.5308473674999981,28.24,1.0383271772293027e-06,0,5253797.0,383160.0,419529.0,0.2223,0.0476999999999999,169.51,30.386666666666667,20011.53329999996,0.17721264866988296,1.5353473686881591,0
CREDIT AGRICOLE - PRUDENCIAL,2020-06-01,9194171.0,183855.0,445604.0,0.1934,0.0351,153.27,-0.4306129372000034,24.44333333333333,0.0,0,4776127.0,43790.0,419529.0,0.2598,0.0429,170.58,30.69666666666667,17997.7941,0.19824727709090179,1.3972851092030873,0
CREDIT AGRICOLE - PRUDENCIAL,2020-09-01,9752419.0,163628.0,440864.0,0.1848,0.0317,165.34,1.2447095295999857,21.71666666666667,0.0,0,4460785.0,22215.0,430014.0,0.2648999999999999,0.0362,170.5,30.59,15566.506800000001,0.22821524940739452,1.2184164308579235,0
CREDIT AGRICOLE - PRUDENCIAL,2020-12-01,8895067.0,33178.0,440864.0,0.2047,0.0281,171.47,3.131382328999988,20.72,0.0119194919499139,0,4383502.0,191126.0,430014.0,0.2792,0.0678,171.91,29.096666666666664,29154.9492,0.21625383991059172,1.2876322901889439,0
CREDIT AGRICOLE - PRUDENCIAL,2021-03-01,8502595.0,135731.0,479046.0,0.2253,0.0269,173.12,2.052492994999988,22.403333333333336,0.011418266141394,0,7830633.0,135982.0,445604.0,0.1547,0.0366,168.09,28.24,16309.1064,0.03793936954809772,3.2330881269096303,0
CREDIT AGRICOLE - PRUDENCIAL,2021-06-01,8812954.0,109038.0,479046.0,0.2203999999999999,0.0437,172.06,1.6786286369000036,21.46333333333333,0.0121807812230256,0,9194171.0,183855.0,445604.0,0.1934,0.0351,153.27,24.44333333333333,15640.7004,0.009603639397874621,4.635963096772478,0
CREDIT AGRICOLE - PRUDENCIAL,2021-09-01,7619396.0,110932.0,515380.0,0.2498999999999999,0.0542999999999999,172.27,3.0196768831999954,21.08666666666667,0.0180740418168301,0,9752419.0,163628.0,440864.0,0.1848,0.0317,165.34,21.71666666666667,13975.388799999999,0.007647769392125583,4.865664092948831,0
CREDIT AGRICOLE - PRUDENCIAL,2021-12-01,7283171.0,179402.0,515380.0,0.2669,0.0653,174.3,2.958021687500012,22.62,0.0113757832011071,0,8895067.0,33178.0,440864.0,0.2047,0.0281,171.47,20.72,12388.2784,0.012379441405440977,4.379261428562713,0
CREDIT AGRICOLE - PRUDENCIAL,2022-03-01,10241737.0,69079.0,492056.0,0.2011,0.0530999999999999,175.72,3.2006523548000043,24.72,0.009682591665005,0,8502595.0,135731.0,479046.0,0.2253,0.0269,173.12,22.403333333333336,12886.3374,0.019101592485601282,3.9386971863900837,0
CREDIT AGRICOLE - PRUDENCIAL,2022-06-01,8512250.0,121074.0,492056.0,0.2385,0.0524,177.81,2.215266379399994,25.546666666666667,0.0096107786639616,0,8812954.0,109038.0,479046.0,0.2203999999999999,0.0437,172.06,21.46333333333333,20934.3102,0.013655782330955634,4.2798423530007,0
CREDIT AGRICOLE - PRUDENCIAL,2022-09-01,7565427.0,160761.0,533227.0,0.2746,0.0855,179.54,-1.3245430992000151,27.44,0.0106676600780745,0,7619396.0,110932.0,515380.0,0.2498999999999999,0.0542999999999999,172.27,21.08666666666667,27985.133999999947,0.024682987522586873,3.6766483171968587,0
CREDIT AGRICOLE - PRUDENCIAL,2022-12-01,8724140.0,116429.0,533227.0,0.2423999999999999,0.0796,180.33,1.6286339977999995,29.036666666666665,0.0,0,7283171.0,179402.0,515380.0,0.2669,0.0653,174.3,22.62,33654.314,0.03449349865230796,3.331881974189684,0
CREDIT AGRICOLE - PRUDENCIAL,2023-03-01,9314136.0,196148.0,620164.0,0.2462,0.0789,182.74,2.094210609200031,30.19,0.0,0,10241737.0,69079.0,492056.0,0.2011,0.0530999999999999,175.72,24.72,26128.17359999995,0.008264287226575793,4.787513165739419,0
CREDIT AGRICOLE - PRUDENCIAL,2023-06-01,11287548.0,154807.0,620164.0,0.21,0.0588999999999999,184.28,0.760729877599986,32.02333333333333,0.0,0,8512250.0,121074.0,492056.0,0.2385,0.0524,177.81,25.546666666666667,25783.7344,0.02432768769592264,3.6915116714854435,0
CREDIT AGRICOLE - PRUDENCIAL,2023-09-01,9443851.0,163111.0,676615.0,0.2408,0.0576999999999999,184.44,0.6111867176000096,31.51333333333333,0.0,0,7565427.0,160761.0,533227.0,0.2746,0.0855,179.54,27.44,45590.908500000005,0.04421315248192269,3.0735126131653674,0
CREDIT AGRICOLE - PRUDENCIAL,2023-12-01,8594138.0,88223.0,676615.0,0.2573999999999999,0.0674,185.03,1.083587763199989,30.41333333333333,0.0,0,8724140.0,116429.0,533227.0,0.2423999999999999,0.0796,180.33,29.036666666666665,42444.8692,0.02736870308655433,3.5706049387204897,0
CREDIT AGRICOLE - PRUDENCIAL,2024-03-01,8342889.0,76960.0,764775.0,0.2716,0.0766,186.65,1.415491577599992,29.896666666666665,0.0,0,9314136.0,196148.0,620164.0,0.2462,0.0789,182.74,30.19,48930.9396,0.024265735353000927,3.694124992126863,0
CREDIT AGRICOLE - PRUDENCIAL,2024-06-01,11578857.0,192990.0,764775.0,0.2023,0.0801,189.49,1.053515670799987,29.07333333333333,0.0,0,11287548.0,154807.0,620164.0,0.21,0.0588999999999999,184.28,32.02333333333333,36527.65959999993,0.01028113668130959,4.56711010042876,0
CREDIT AGRICOLE - PRUDENCIAL,2024-09-01,10904585.0,326039.0,859830.0,0.2105,0.0778,190.99,0.8015076655999875,28.473333333333333,0.0,0,9443851.0,163111.0,676615.0,0.2408,0.0576999999999999,184.44,31.51333333333333,39040.68549999993,0.02758887871032831,3.562365933188,0
CREDIT AGRICOLE - PRUDENCIAL,2024-12-01,13170496.0,30509.0,859830.0,0.1771,0.0722,191.11,1.47713535680003,27.96,0.0003010837146575,0,8594138.0,88223.0,676615.0,0.2573999999999999,0.0674,185.03,30.41333333333333,45603.851,0.037999863850120025,3.2314320154691996,0
CREDIT AGRICOLE - PRUDENCIAL,2025-03-01,10373647.0,44799.0,994354.0,0.2266,0.1278999999999999,193.61,2.040339737600028,29.313333333333333,0.0001542010847093,0,8342889.0,76960.0,764775.0,0.2716,0.0766,186.65,29.896666666666665,58581.765,0.042637950662669635,3.1114369196599356,0
CREDIT AGRICOLE - PRUDENCIAL,2025-06-01,11531190.0,89837.0,994354.0,0.2045,0.1211999999999999,194.33,0.9327766831999762,31.666666666666668,0.000142555494425,0,11578857.0,192990.0,764775.0,0.2023,0.0801,189.49,29.07333333333333,61258.4775,0.007844967958030753,4.840007075679613,0
CREDIT AGRICOLE - PRUDENCIAL,2025-09-01,12994903.0,44749.0,993951.0,0.1884,0.1267,,0.6304326271999727,31.94666666666667,0.0001482581267466,0,10904585.0,326039.0,859830.0,0.2105,0.0778,190.99,28.473333333333333,66894.77399999999,0.01241019194657312,4.376749371419739,0
CREDIT SUISSE - PRUDENCIAL,2017-03-01,18018496.0,477527.0,3073705.0,0.1243,0.0499,164.34,0.9630321349999972,41.17333333333333,0.1278918457798344,0,21227893.0,2028711.0,2776818.0,0.0875,0.0475,163.26,35.07,131898.855,0.00012498167896773731,8.987218410272435,0
CREDIT SUISSE - PRUDENCIAL,2017-06-01,17057819.0,3241335.0,3073705.0,0.1157,0.0605999999999999,165.65,0.2193980018000196,36.63666666666666,0.1236252071212272,0,20173636.0,271791.0,2776818.0,0.1151,0.0458999999999999,163.72,38.303333333333335,127455.94619999971,0.00011517084496624252,9.068978746245739,0
CREDIT SUISSE - PRUDENCIAL,2017-09-01,15654291.0,1817900.0,2701575.0,0.1232,0.0652,166.12,0.5911447296000016,36.16333333333333,0.0715076358349825,0,21005307.0,955021.0,2993608.0,0.1054,0.0554,162.92,39.71333333333333,165845.88319999998,0.00011977836406860814,9.02974770358407,0
CREDIT SUISSE - PRUDENCIAL,2017-12-01,13491364.0,4337346.0,3024368.0,0.1116,0.0623,167.13,1.144261174399985,33.526666666666664,0.1457118180041186,0,18371014.0,110509.0,2993608.0,0.1366,0.0605999999999999,162.73,40.38,181412.6447999997,0.0003538679137481959,7.946232909024314,0
CREDIT SUISSE - PRUDENCIAL,2018-03-01,12333430.0,2398396.0,3511243.0,0.1288,0.0795,167.98,0.7014778351999817,33.15,0.106451479343077,0,18018496.0,477527.0,3073705.0,0.1243,0.0499,164.34,41.17333333333333,153377.8795,0.0005751994059094635,7.460218419603161,0
CREDIT SUISSE - PRUDENCIAL,2018-06-01,13546142.0,2547990.0,3511243.0,0.143,0.0832,167.89,1.8887030879999989,30.82333333333333,0.0696795380917966,0,17057819.0,3241335.0,3073705.0,0.1157,0.0605999999999999,165.65,36.63666666666666,186266.5229999997,0.003127806731961426,5.764290536222207,0
CREDIT SUISSE - PRUDENCIAL,2018-09-01,11652900.0,3118790.0,3477896.0,0.149,0.0873,169.35,0.7208535743999933,28.546666666666667,0.068927023852385,0,15654291.0,1817900.0,2701575.0,0.1232,0.0652,166.12,36.16333333333333,176142.68999999997,0.0029813645228540125,5.812388372148042,0
CREDIT SUISSE - PRUDENCIAL,2018-12-01,10113149.0,2052883.0,3477896.0,0.1649,0.077,169.09,0.3894135824999978,28.71666666666667,0.0647292075211867,0,13491364.0,4337346.0,3024368.0,0.1116,0.0623,167.13,33.526666666666664,188418.1264,0.032547600953323874,3.391962561337751,0
CREDIT SUISSE - PRUDENCIAL,2019-03-01,8195138.0,2202308.0,3275098.0,0.1869,0.0885,169.51,1.507011320000018,30.386666666666667,0.0527141575448651,0,12333430.0,2398396.0,3511243.0,0.1288,0.0795,167.98,33.15,279143.8185,0.026265575188397394,3.612879448509918,0
CREDIT SUISSE - PRUDENCIAL,2019-06-01,8020940.0,2174003.0,3275098.0,0.2107,0.0973,170.58,0.710811074100004,30.69666666666667,0.0501026079088205,0,13546142.0,2547990.0,3511243.0,0.143,0.0832,167.89,30.82333333333333,292135.4176,0.012211030491905332,4.393129399486651,0
CREDIT SUISSE - PRUDENCIAL,2019-09-01,8996504.0,1119919.0,3137448.0,0.1685,0.0953999999999999,170.5,0.2600889164000142,30.59,0.0420564883582568,0,11652900.0,3118790.0,3477896.0,0.149,0.0873,169.35,28.546666666666667,303620.3208,0.040408808940602316,3.1674595469395217,0
CREDIT SUISSE - PRUDENCIAL,2019-12-01,11345230.0,2401958.0,3137448.0,0.1883,0.0809,171.91,1.767530865000011,29.096666666666664,0.0315278522934471,0,10113149.0,2052883.0,3477896.0,0.1649,0.077,169.09,28.71666666666667,267797.99199999997,0.052528901302035455,2.8924329147848216,0
CREDIT SUISSE - PRUDENCIAL,2020-03-01,12829653.0,2115398.0,2710079.0,0.1701,0.0767,168.09,0.5308473674999981,28.24,0.0322099549117233,0,8195138.0,2202308.0,3275098.0,0.1869,0.0885,169.51,30.386666666666667,289846.173,0.16468532417691384,1.623771984431443,0
CREDIT SUISSE - PRUDENCIAL,2020-06-01,15400595.0,492155.0,2710079.0,0.1737,0.0741,153.27,-0.4306129372000034,24.44333333333333,0.0199987778615045,0,8020940.0,2174003.0,3275098.0,0.2107,0.0973,170.58,30.69666666666667,318667.0354,0.18557315536244148,1.4790354350128962,0
CREDIT SUISSE - PRUDENCIAL,2020-09-01,17958897.0,2736609.0,2585358.0,0.1498,0.0664,165.34,1.2447095295999857,21.71666666666667,0.013173948878773,0,8996504.0,1119919.0,3137448.0,0.1685,0.0953999999999999,170.5,30.59,299312.5391999997,0.06858621483635086,2.60861206639116,0
CREDIT SUISSE - PRUDENCIAL,2020-12-01,21953371.0,495118.0,2585358.0,0.1383,0.069,171.47,3.131382328999988,20.72,0.0070406177050376,0,11345230.0,2401958.0,3137448.0,0.1883,0.0809,171.91,29.096666666666664,253819.5432,0.03260091329350594,3.390270813303149,0
CREDIT SUISSE - PRUDENCIAL,2021-03-01,23438113.0,521524.0,2730893.0,0.1252,0.0615,173.12,2.052492994999988,22.403333333333336,0.0062734072964391,0,12829653.0,2115398.0,2710079.0,0.1701,0.0767,168.09,28.24,207863.05930000002,0.009631090444282765,4.6330810562438245,0
CREDIT SUISSE - PRUDENCIAL,2021-06-01,23503053.0,1062330.0,2730893.0,0.1346,0.0892999999999999,172.06,1.6786286369000036,21.46333333333333,0.0059239584361946,0,15400595.0,492155.0,2710079.0,0.1737,0.0741,153.27,24.44333333333333,200816.8539,0.0005115826092996373,7.577489768193572,0
CREDIT SUISSE - PRUDENCIAL,2021-09-01,23508259.0,597700.0,2898415.0,0.1396,0.0867,172.27,3.0196768831999954,21.08666666666667,0.0038754135673294,0,17958897.0,2736609.0,2585358.0,0.1498,0.0664,165.34,21.71666666666667,171667.7712,0.0004122831925335527,7.7933877161158875,0
CREDIT SUISSE - PRUDENCIAL,2021-12-01,21593421.0,752832.0,2898415.0,0.1489,0.0901,174.3,2.958021687500012,22.62,0.0039271255208568,0,21953371.0,495118.0,2585358.0,0.1383,0.069,171.47,20.72,178389.70200000002,1.4646875821848715e-05,11.131268852841398,0
CREDIT SUISSE - PRUDENCIAL,2022-03-01,20290853.0,562185.0,3172205.0,0.1812,0.1006,175.72,3.2006523548000043,24.72,0.0034826336252265,0,23438113.0,521524.0,2730893.0,0.1252,0.0615,173.12,22.403333333333336,167949.9195,7.824184664083636e-06,11.758283199134835,0
CREDIT SUISSE - PRUDENCIAL,2022-06-01,19934061.0,218269.0,3172205.0,0.1821,0.1128,177.81,2.215266379399994,25.546666666666667,0.0039636081365754,0,23503053.0,1062330.0,2730893.0,0.1346,0.0892999999999999,172.06,21.46333333333333,243868.7448999997,9.443365415509603e-06,11.57018869214973,0
CREDIT SUISSE - PRUDENCIAL,2022-09-01,18973295.0,596685.0,3541768.0,0.1894,0.1127,179.54,-1.3245430992000151,27.44,0.0041941458624576,0,23508259.0,597700.0,2898415.0,0.1396,0.0867,172.27,21.08666666666667,251292.5805,7.480760397939318e-06,11.803168632977762,0
CREDIT SUISSE - PRUDENCIAL,2022-12-01,15975890.0,627602.0,3541768.0,0.2372,0.1242,180.33,1.6286339977999995,29.036666666666665,0.0051006033560281,0,21593421.0,752832.0,2898415.0,0.1489,0.0901,174.3,22.62,261147.1915,2.818402261396754e-05,10.476727130236885,0
CREDIT SUISSE - PRUDENCIAL,2023-03-01,14388675.0,115852.0,3772035.0,0.2419,0.1644999999999999,182.74,2.094210609200031,30.19,0.0056687449105068,0,20290853.0,562185.0,3172205.0,0.1812,0.1006,175.72,24.72,319123.823,7.008440388627019e-05,9.565740185707739,0
CREDIT SUISSE - PRUDENCIAL,2023-06-01,13326044.0,1291932.0,3772035.0,0.2321,0.1531,184.28,0.760729877599986,32.02333333333333,0.0045402444279666,0,19934061.0,218269.0,3172205.0,0.1821,0.1128,177.81,25.546666666666667,357824.724,8.274569690127194e-05,9.399655797231793,0
CREDIT SUISSE - PRUDENCIAL,2023-09-01,9892128.0,801766.0,3986670.0,0.2586,0.1541,184.44,0.6111867176000096,31.51333333333333,0.0048840963747886,0,18973295.0,596685.0,3541768.0,0.1894,0.1127,179.54,27.44,399157.2536,0.00023334240837185016,8.362770249786154,0
CREDSYSTEM IP - PRUDENCIAL,2024-09-01,1771930.0,0.0,1047294.0,0.1191,0.0,190.99,0.8015076655999875,28.473333333333333,0.0,0,3895042.0,0.0,194840.0,0.0,0.0,184.44,31.51333333333333,0.0,0.43762268634881013,0.2508159089767973,0
CREDSYSTEM IP - PRUDENCIAL,2024-12-01,1954331.0,0.0,1047294.0,0.1081,0.0,191.11,1.47713535680003,27.96,0.0,0,4741395.0,0.0,194840.0,0.0,0.0,185.03,30.41333333333333,0.0,0.3105754681893789,0.7974303122955275,0
CREFISA S.A. CFI - PRUDENCIAL,2018-06-01,3640776.0,1455.0,4932682.0,0.5431,0.9173,167.89,1.8887030879999989,30.82333333333333,0.275860878921175,1,3207977.0,1129.0,4341989.0,0.5564,0.9096,165.65,36.63666666666666,3949473.1944,0.9918765984383023,-4.804849712507496,1
CREFISA S.A. CFI - PRUDENCIAL,2018-09-01,3695069.0,1124.0,4694723.0,0.573,0.8972,169.35,0.7208535743999933,28.546666666666667,0.2993839849924035,1,3310593.0,1931.0,4595088.0,0.5286,0.8804000000000001,166.12,36.16333333333333,4045515.4752,0.9939466095819661,-5.101064961247616,1
CREFISA S.A. CFI - PRUDENCIAL,2018-12-01,3949226.0,448.0,4694723.0,0.5927,0.905,169.09,0.3894135824999978,28.71666666666667,0.31299140662075,1,3465006.0,2497.0,4595088.0,0.5426,0.8787999999999999,167.13,33.526666666666664,4038163.3343999996,0.9919945871006469,-4.819599712926682,1
CREFISA S.A. CFI - PRUDENCIAL,2019-03-01,3312785.0,1174.0,6076555.0,0.5598,0.9376,169.51,1.507011320000018,30.386666666666667,0.2990321994755442,1,3477654.0,3037.0,4932682.0,0.5363,0.9366,167.98,33.15,4619949.9612,0.9971996764561485,-5.8752160296057205,1
CREFISA S.A. CFI - PRUDENCIAL,2019-06-01,3516372.0,2546.0,6076555.0,0.5616,0.9152,170.58,0.710811074100004,30.69666666666667,0.3201829174728618,1,3640776.0,1455.0,4932682.0,0.5431,0.9173,167.89,30.82333333333333,4524749.1986,0.9958132331233629,-5.471630891583918,1
CREFISA S.A. CFI - PRUDENCIAL,2019-09-01,3642019.0,894.0,6199165.0,0.5645,0.9056,170.5,0.2600889164000142,30.59,0.3589983272526906,1,3695069.0,1124.0,4694723.0,0.573,0.8972,169.35,28.546666666666667,4212105.4756,0.9906065913152884,-4.658309223784288,1
CREFISA S.A. CFI - PRUDENCIAL,2019-12-01,3484093.0,689.0,6199165.0,0.5937,0.939,171.91,1.767530865000011,29.096666666666664,0.3857161053724541,1,3949226.0,448.0,4694723.0,0.5927,0.905,169.09,28.71666666666667,4248724.315,0.9896271971790158,-4.558141026663955,1
CREFISA S.A. CFI - PRUDENCIAL,2020-03-01,3496352.0,1040.0,6386125.0,0.5839,0.9447,168.09,0.5308473674999981,28.24,0.4596524771063104,1,3312785.0,1174.0,6076555.0,0.5598,0.9376,169.51,30.386666666666667,5697377.968,0.9997433837800505,-8.267671857914971,1
CREFISA S.A. CFI - PRUDENCIAL,2020-06-01,3432727.0,438.0,6386125.0,0.6014,0.933,153.27,-0.4306129372000034,24.44333333333333,0.490629342361735,1,3516372.0,2546.0,6076555.0,0.5616,0.9152,170.58,30.69666666666667,5561263.136,0.9996637619391417,-7.9973545424100285,1
CREFISA S.A. CFI - PRUDENCIAL,2020-09-01,3438818.0,307.0,6263163.0,0.6043,0.9011,165.34,1.2447095295999857,21.71666666666667,0.4958969757832833,1,3642019.0,894.0,6199165.0,0.5645,0.9056,170.5,30.59,5613963.824,0.9996915330384095,-8.083586975332636,1
CREFISA S.A. CFI - PRUDENCIAL,2020-12-01,3468347.0,2007.0,6263163.0,0.5949,0.8965000000000001,171.47,3.131382328999988,20.72,0.4471171991089949,1,3484093.0,689.0,6199165.0,0.5937,0.939,171.91,29.096666666666664,5821015.935,0.9997729932295006,-8.39030324188345,1
CREFISA S.A. CFI - PRUDENCIAL,2021-03-01,3558172.0,1742.0,5888674.0,0.6144,0.8952,173.12,2.052492994999988,22.403333333333336,0.3527781175536714,1,3496352.0,1040.0,6386125.0,0.5839,0.9447,168.09,28.24,6032972.2875,0.9998325056546781,-8.694392861132114,1
CREFISA S.A. CFI - PRUDENCIAL,2021-06-01,3770686.0,1822.0,5888674.0,0.6151,0.9047,172.06,1.6786286369000036,21.46333333333333,0.3213158770586231,1,3432727.0,438.0,6386125.0,0.6014,0.933,153.27,24.44333333333333,5958254.625,0.9996511913793257,-7.960637994840175,1
CREFISA S.A. CFI - PRUDENCIAL,2021-09-01,4070585.0,1529.0,5522697.0,0.6221,0.8962,172.27,3.0196768831999954,21.08666666666667,0.3185713707771727,1,3438818.0,307.0,6263163.0,0.6043,0.9011,165.34,21.71666666666667,5643736.1793,0.9994270491971281,-7.464137414260982,1
CREFISA S.A. CFI - PRUDENCIAL,2021-12-01,4207919.0,35237.0,5522697.0,0.6093,0.8839,174.3,2.958021687500012,22.62,0.3066467089166811,1,3468347.0,2007.0,6263163.0,0.5949,0.8965000000000001,171.47,20.72,5614925.629500001,0.9994357348285972,-7.479421653245453,1
CREFISA S.A. CFI - PRUDENCIAL,2022-03-01,3228992.0,2527.0,5237563.0,0.7016,0.8784000000000001,175.72,3.2006523548000043,24.72,0.3041231826231657,1,3558172.0,1742.0,5888674.0,0.6144,0.8952,173.12,22.403333333333336,5271540.9648,0.9988844106362295,-6.797256134609699,1
CREFISA S.A. CFI - PRUDENCIAL,2022-06-01,3413305.0,630.0,5237563.0,0.6949,0.8698999999999999,177.81,2.215266379399994,25.546666666666667,0.2847917495967125,1,3770686.0,1822.0,5888674.0,0.6151,0.9047,172.06,21.46333333333333,5327483.3678,0.9987240487740172,-6.662786474623774,1
CREFISA S.A. CFI - PRUDENCIAL,2022-09-01,3601078.0,1026.0,5009223.0,0.7006999999999999,0.8709,179.54,-1.3245430992000151,27.44,0.2373493378584344,1,4070585.0,1529.0,5522697.0,0.6221,0.8962,172.27,21.08666666666667,4949441.0514,0.9964314513342868,-5.632021342916928,1
CREFISA S.A. CFI - PRUDENCIAL,2022-12-01,3721511.0,2501.0,5009223.0,0.6957,0.8795999999999999,180.33,1.6286339977999995,29.036666666666665,0.1812714792923594,1,4207919.0,35237.0,5522697.0,0.6093,0.8839,174.3,22.62,4881511.8783,0.996488062429531,-5.648069232055562,1
CREFISA S.A. CFI - PRUDENCIAL,2023-03-01,3804444.0,5924.0,4798546.0,0.7042,0.8653,182.74,2.094210609200031,30.19,0.1602016093001726,0,3228992.0,2527.0,5237563.0,0.7016,0.8784000000000001,175.72,24.72,4600675.3392,0.9966743935459165,-5.702772050656568,1
CREFISA S.A. CFI - PRUDENCIAL,2023-06-01,3937524.0,1833.0,4798546.0,0.6942,0.8405,184.28,0.760729877599986,32.02333333333333,0.145901196020804,0,3413305.0,630.0,5237563.0,0.6949,0.8698999999999999,177.81,25.546666666666667,4556156.053699999,0.9965060891337643,-5.6532335206691915,1
CREFISA S.A. CFI - PRUDENCIAL,2023-09-01,3927136.0,2582.0,4790012.0,0.6992,0.8223,184.44,0.6111867176000096,31.51333333333333,0.1398130496112267,0,3601078.0,1026.0,5009223.0,0.7006999999999999,0.8709,179.54,27.44,4362532.3107,0.9949184416171182,-5.277042763065565,1
CREFISA S.A. CFI - PRUDENCIAL,2023-12-01,4063718.0,2326.0,4790012.0,0.6953,0.8162999999999999,185.03,1.083587763199989,30.41333333333333,0.1328399429168712,0,3721511.0,2501.0,5009223.0,0.6957,0.8795999999999999,180.33,29.036666666666665,4406112.550799999,0.9955598166489761,-5.412609515351,1
CREFISA S.A. CFI - PRUDENCIAL,2024-03-01,4100895.0,4622.0,5013609.0,0.6815000000000001,0.8128,186.65,1.415491577599992,29.896666666666665,0.1480745837562373,0,3804444.0,5924.0,4798546.0,0.7042,0.8653,182.74,30.19,4152181.8537999997,0.993238528403029,-4.989730272058794,1
CREFISA S.A. CFI - PRUDENCIAL,2024-06-01,4209643.0,1308.0,5013609.0,0.6844,0.7977,189.49,1.053515670799987,29.07333333333333,0.1570307357509643,0,3937524.0,1833.0,4798546.0,0.6942,0.8405,184.28,32.02333333333333,4033177.913,0.9928956397053883,-4.939916826929251,1
CREFISA S.A. CFI - PRUDENCIAL,2024-09-01,4499501.0,5653.0,5481813.0,0.6412,0.7889,190.99,0.8015076655999875,28.473333333333333,0.1595358882514655,0,3927136.0,2582.0,4790012.0,0.6992,0.8223,184.44,31.51333333333333,3938826.8676,0.991655694453533,-4.777796617117457,1
CREFISA S.A. CFI - PRUDENCIAL,2024-12-01,4482621.0,8977.0,5481813.0,0.6534,0.7981999999999999,191.11,1.47713535680003,27.96,0.160877003709995,0,4063718.0,2326.0,4790012.0,0.6953,0.8162999999999999,185.03,30.41333333333333,3910086.7955999994,0.9900005347393296,-4.595173855637387,1
DACASA FINANCEIRA - PRUDENCIAL,2017-03-01,691170.0,0.0,55152.0,0.0971,0.077,164.34,0.9630321349999972,41.17333333333333,0.2920526994953228,1,692236.0,0.0,61346.0,0.1202999999999999,0.1047,163.26,35.07,6422.9262,0.6871760801549035,-0.7869500862133192,1
DACASA FINANCEIRA - PRUDENCIAL,2017-06-01,742565.0,0.0,55152.0,0.108,0.0872,165.65,0.2193980018000196,36.63666666666666,0.2916938391359881,1,689331.0,0.0,61346.0,0.1294,0.104,163.72,38.303333333333335,6379.9839999999995,0.7399146480363412,-1.0455249847422725,1
DACASA FINANCEIRA - PRUDENCIAL,2017-09-01,0.0,0.0,0.0,0.0,0.0,166.12,0.5911447296000016,36.16333333333333,0.288276360345327,1,700181.0,0.0,46611.0,0.1164,0.0877,162.92,39.71333333333333,4087.7847,0.7690625525279244,-1.2030254247662557,1
DACASA FINANCEIRA - PRUDENCIAL,2017-12-01,773954.0,0.0,56465.0,0.1152,0.0,167.13,1.144261174399985,33.526666666666664,0.2787233042998896,1,706001.0,0.0,46611.0,0.0993,0.0794,162.73,40.38,3700.9134,0.784519464677303,-1.292200800836167,1
DACASA FINANCEIRA - PRUDENCIAL,2018-03-01,780627.0,0.0,57470.0,0.1086999999999999,0.0,167.98,0.7014778351999817,33.15,0.2803591578593861,1,691170.0,0.0,55152.0,0.0971,0.077,164.34,41.17333333333333,4246.704,0.804328683565093,-1.4135717009325683,1
DACASA FINANCEIRA - PRUDENCIAL,2018-06-01,819872.0,527.0,57470.0,0.1076999999999999,0.0,167.89,1.8887030879999989,30.82333333333333,0.2888476485149744,1,742565.0,0.0,55152.0,0.108,0.0872,165.65,36.63666666666666,4809.2544,0.7344798015304834,-1.0174715803547925,1
DACASA FINANCEIRA - PRUDENCIAL,2018-09-01,860364.0,0.0,55816.0,0.1023,0.0,169.35,0.7208535743999933,28.546666666666667,0.3004779638544537,1,0.0,0.0,0.0,0.0,0.0,166.12,36.16333333333333,0.0,0.8639700624761175,-1.8486631271933718,1
DACASA FINANCEIRA - PRUDENCIAL,2018-12-01,880754.0,0.0,55816.0,0.0917999999999999,0.0,169.09,0.3894135824999978,28.71666666666667,0.3029895780157557,1,773954.0,0.0,56465.0,0.1152,0.0,167.13,33.526666666666664,0.0,0.764274064665918,-1.1762566085536639,1
DACASA FINANCEIRA - PRUDENCIAL,2019-03-01,872477.0,0.0,61846.0,0.0849,0.0,169.51,1.507011320000018,30.386666666666667,0.323981966963212,1,780627.0,0.0,57470.0,0.1086999999999999,0.0,167.98,33.15,0.0,0.762691986417435,-1.1674953291234593,1
DACASA FINANCEIRA - PRUDENCIAL,2019-06-01,735279.0,0.0,61846.0,-0.1146,0.0,170.58,0.710811074100004,30.69666666666667,0.3379781506234438,1,819872.0,527.0,57470.0,0.1076999999999999,0.0,167.89,30.82333333333333,0.0,0.7242713237561202,-0.9657487532763339,1
DACASA FINANCEIRA - PRUDENCIAL,2019-09-01,704068.0,0.0,60464.0,-0.1442,0.0,170.5,0.2600889164000142,30.59,0.3422195003599499,1,860364.0,0.0,55816.0,0.1023,0.0,169.35,28.546666666666667,0.0,0.6912250905655023,-0.805852953496894,1
DACASA FINANCEIRA - PRUDENCIAL,2019-12-01,0.0,0.0,0.0,0.0,0.0,171.91,1.767530865000011,29.096666666666664,0.3426175965135477,1,880754.0,0.0,55816.0,0.0917999999999999,0.0,169.09,28.71666666666667,0.0,0.6914437887491032,-0.806877823594279,1
DEUTSCHE - PRUDENCIAL,2017-03-01,4663844.0,102297.0,908542.0,0.2078,0.1798,164.34,0.9630321349999972,41.17333333333333,0.0050300967518155,0,7503695.0,109955.0,1123280.0,0.142,0.0953999999999999,163.26,35.07,107160.9119999999,0.06494535100773365,2.6670588132708564,0
DEUTSCHE - PRUDENCIAL,2017-06-01,4289127.0,130134.0,908542.0,0.2264,0.1883,165.65,0.2193980018000196,36.63666666666666,0.0127453230797322,0,7267887.0,132301.0,1123280.0,0.1409,0.0953999999999999,163.72,38.303333333333335,107160.9119999999,0.09420948900177546,2.263287146341141,0
DEUTSCHE - PRUDENCIAL,2017-12-01,4044006.0,32110.0,913272.0,0.2464,0.1564,167.13,1.144261174399985,33.526666666666664,0.0029869346324837,0,6254650.0,102542.0,1008091.0,0.1588,0.1110999999999999,162.92,39.71333333333333,111998.91009999989,0.15493398559426155,1.6964156211746284,0
DEUTSCHE - PRUDENCIAL,2018-03-01,3446896.0,17460.0,862754.0,0.2683999999999999,0.1525,167.98,0.7014778351999817,33.15,0.0103758256326539,0,5059422.0,107882.0,1008091.0,0.1934,0.1510999999999999,162.73,40.38,152322.5500999999,0.25290965037558133,1.0831538161111238,0
DEUTSCHE - PRUDENCIAL,2018-06-01,3652639.0,22169.0,862754.0,0.2712,0.1493,167.89,1.8887030879999989,30.82333333333333,0.0101458453824998,0,4663844.0,102297.0,908542.0,0.2078,0.1798,164.34,41.17333333333333,163355.8516,0.2925466508894046,0.8830475456570086,0
DEUTSCHE - PRUDENCIAL,2018-09-01,3748575.0,56841.0,753211.0,0.2688,0.1567,169.35,0.7208535743999933,28.546666666666667,0.0139028548188888,0,4289127.0,130134.0,908542.0,0.2264,0.1883,165.65,36.63666666666666,171078.45859999998,0.2679267058088065,1.005167180443099,0
DEUTSCHE - PRUDENCIAL,2018-12-01,3568772.0,998004.0,753211.0,0.2278,0.1593,169.09,0.3894135824999978,28.71666666666667,0.0025769423990929,0,4044006.0,32110.0,913272.0,0.2464,0.1564,167.13,33.526666666666664,142835.7408,0.25899587719752515,1.0511940458349902,0
DEUTSCHE - PRUDENCIAL,2019-03-01,3781327.0,88198.0,722341.0,0.2582,0.1762999999999999,169.51,1.507011320000018,30.386666666666667,0.0020527290603218,0,3446896.0,17460.0,862754.0,0.2683999999999999,0.1525,167.98,33.15,131569.985,0.31993952519057567,0.7540497337514794,0
DEUTSCHE - PRUDENCIAL,2019-06-01,4061917.0,646624.0,722341.0,0.2249,0.1798999999999999,170.58,0.710811074100004,30.69666666666667,0.0020607566141891,0,3652639.0,22169.0,862754.0,0.2712,0.1493,167.89,30.82333333333333,128809.17219999999,0.26093187794923944,1.041130729000556,0
DEUTSCHE - PRUDENCIAL,2019-09-01,4052805.0,66645.0,637609.0,0.246,0.1621999999999999,170.5,0.2600889164000142,30.59,0.0021008693283127,0,3748575.0,56841.0,753211.0,0.2688,0.1567,169.35,28.546666666666667,118028.1637,0.21757198953664247,1.2798721367618608,0
DEUTSCHE - PRUDENCIAL,2019-12-01,4449185.0,340995.0,637609.0,0.2465,0.1767999999999999,171.91,1.767530865000011,29.096666666666664,0.0016787766379921,0,3568772.0,998004.0,753211.0,0.2278,0.1593,169.09,28.71666666666667,119986.5123,0.3393533307852204,0.6661773190268461,0
DEUTSCHE - PRUDENCIAL,2020-03-01,6411818.0,23430.0,602230.0,0.1977,0.1363,168.09,0.5308473674999981,28.24,0.0013053400573904,0,3781327.0,88198.0,722341.0,0.2582,0.1762999999999999,169.51,30.386666666666667,127348.71829999993,0.2313107217569093,1.2009249059851574,0
DEUTSCHE - PRUDENCIAL,2020-06-01,6567597.0,9230.0,602230.0,0.1838,0.1311,153.27,-0.4306129372000034,24.44333333333333,0.0011410316456643,0,4061917.0,646624.0,722341.0,0.2249,0.1798999999999999,170.58,30.69666666666667,129949.14589999992,0.26683365183153235,1.0107471804523287,0
DEUTSCHE - PRUDENCIAL,2020-09-01,5843489.0,11624.0,580243.0,0.2055999999999999,0.131,165.34,1.2447095295999857,21.71666666666667,0.0013997824998724,0,4052805.0,66645.0,637609.0,0.246,0.1621999999999999,170.5,30.59,103420.17979999994,0.21173739638088349,1.3144844772549225,0
DEUTSCHE - PRUDENCIAL,2020-12-01,5724789.0,93032.0,580243.0,0.1882,0.1226999999999999,171.47,3.131382328999988,20.72,0.0196545998389519,0,4449185.0,340995.0,637609.0,0.2465,0.1767999999999999,171.91,29.096666666666664,112729.27119999993,0.17936640158775446,1.520646073040757,0
DEUTSCHE - PRUDENCIAL,2021-03-01,5780383.0,134488.0,570895.0,0.1737999999999999,0.1251,173.12,2.052492994999988,22.403333333333336,0.0222102268317407,0,6411818.0,23430.0,602230.0,0.1977,0.1363,168.09,28.24,82083.94900000001,0.05681523624741816,2.809457661867716,0
DEUTSCHE - PRUDENCIAL,2021-06-01,5808527.0,16846.0,570895.0,0.1757,0.1217999999999999,172.06,1.6786286369000036,21.46333333333333,0.0215411649200051,0,6567597.0,9230.0,602230.0,0.1838,0.1311,153.27,24.44333333333333,78952.353,0.02860186217581366,3.5252645862620677,0
DEUTSCHE - PRUDENCIAL,2021-09-01,5355227.0,8609.0,578443.0,0.1994,0.1338,172.27,3.0196768831999954,21.08666666666667,0.0214536992746776,0,5843489.0,11624.0,580243.0,0.2055999999999999,0.131,165.34,21.71666666666667,76011.833,0.04493096352020912,3.0566564597092136,0
DEUTSCHE - PRUDENCIAL,2021-12-01,5498387.0,8561.0,578443.0,0.296,0.1796,174.3,2.958021687500012,22.62,0.0545404069465569,0,5724789.0,93032.0,580243.0,0.1882,0.1226999999999999,171.47,20.72,71195.81609999995,0.05512877541040378,2.8413768284459877,0
DEUTSCHE - PRUDENCIAL,2022-03-01,6604914.0,14829.0,670377.0,0.2681,0.2061,175.72,3.2006523548000043,24.72,0.0487364009403561,0,5780383.0,134488.0,570895.0,0.1737999999999999,0.1251,173.12,22.403333333333336,71418.96449999999,0.06381707006760787,2.6857901849681944,0
DEUTSCHE - PRUDENCIAL,2022-06-01,7181095.0,596897.0,670377.0,0.2403,0.2014999999999999,177.81,2.215266379399994,25.546666666666667,0.0415128923992334,0,5808527.0,16846.0,570895.0,0.1757,0.1217999999999999,172.06,21.46333333333333,69535.01099999994,0.0546463361694039,2.850676934381996,0
DEUTSCHE - PRUDENCIAL,2022-09-01,7008165.0,96503.0,745193.0,0.259,0.1932,179.54,-1.3245430992000151,27.44,0.0476753768937793,0,5355227.0,8609.0,578443.0,0.1994,0.1338,172.27,21.08666666666667,77395.6734,0.06461013782289411,2.672592076666267,0
DEUTSCHE - PRUDENCIAL,2022-12-01,6327785.0,14223.0,745193.0,0.2932,0.1602,180.33,1.6286339977999995,29.036666666666665,0.0,0,5498387.0,8561.0,578443.0,0.296,0.1796,174.3,22.62,103888.3628,0.058035902991342724,2.7869053242507795,0
DEUTSCHE - PRUDENCIAL,2023-03-01,6517596.0,25023.0,876184.0,0.2948,0.1823999999999999,182.74,2.094210609200031,30.19,0.0,0,6604914.0,14829.0,670377.0,0.2681,0.2061,175.72,24.72,138164.6997,0.03792242623739017,3.2335524271319187,0
DM FINANCEIRA CFI - PRUDENCIAL,2023-12-01,78924.0,0.0,7892.0,0.0,0.0,185.03,1.083587763199989,30.41333333333333,0.0,0,13119.0,0.0,1312.0,0.0,0.0,180.33,29.036666666666665,0.0,0.8367569085420069,-1.6342931473700437,1
DM FINANCEIRA CFI - PRUDENCIAL,2024-03-01,50349.0,0.0,1520.0,0.0,0.0,186.65,1.415491577599992,29.896666666666665,0.0,0,13388.0,0.0,1339.0,0.0,0.0,182.74,30.19,0.0,0.8557040313769194,-1.7800580300039124,1
DM FINANCEIRA CFI - PRUDENCIAL,2024-06-01,4825922.0,0.0,1520.0,0.0,0.0,189.49,1.053515670799987,29.07333333333333,0.3430423947022304,1,12955.0,0.0,1296.0,0.0,0.0,184.28,32.02333333333333,0.0,0.8762694383440203,-1.9575673092706538,1
DM FINANCEIRA CFI - PRUDENCIAL,2024-09-01,2953871.0,0.0,148437.0,0.0,0.0,190.99,0.8015076655999875,28.473333333333333,0.3767994215399399,1,13284.0,0.0,1328.0,0.0,0.0,184.44,31.51333333333333,0.0,0.8723740449266779,-1.9221145218651363,1
DM FINANCEIRA CFI - PRUDENCIAL,2024-12-01,3151854.0,0.0,315185.0,0.2029,0.0,191.11,1.47713535680003,27.96,0.2877144944970367,1,78924.0,0.0,7892.0,0.0,0.0,185.03,30.41333333333333,0.0,0.8600069923152884,-1.8153480428465487,1
EFI S.A. IP - PRUDENCIAL,2024-09-01,95445.0,0.0,40435.0,0.0,0.0,190.99,0.8015076655999875,28.473333333333333,0.092174746826209,0,93665.0,0.0,45123.0,0.0,0.0,184.44,31.51333333333333,0.0,0.867563573266156,-1.8795860596336373,1
EFI S.A. IP - PRUDENCIAL,2024-12-01,107933.0,0.0,40435.0,0.0,0.0,191.11,1.47713535680003,27.96,0.0808618810970149,0,85696.0,0.0,45123.0,0.0,0.0,185.03,30.41333333333333,0.0,0.8598259285658001,-1.8138449417469888,1
ESTRELA MINEIRA - PRUDENCIAL,2018-12-01,241005.0,0.0,194361.0,0.1303,0.0,169.09,0.3894135824999978,28.71666666666667,0.1753319156846212,1,206599.0,0.0,96939.0,0.1669,0.0,167.13,33.526666666666664,0.0,0.8130814017515257,-1.4701580105578311,1
ESTRELA MINEIRA - PRUDENCIAL,2019-03-01,257700.0,0.0,302573.0,0.1177,0.0,169.51,1.507011320000018,30.386666666666667,0.1676246617710054,0,237190.0,0.0,146669.0,0.1473,0.0,167.98,33.15,0.0,0.8112325686307564,-1.4580390447176654,1
ESTRELA MINEIRA - PRUDENCIAL,2019-06-01,259449.0,0.0,302573.0,0.1311,0.0,170.58,0.710811074100004,30.69666666666667,0.1817309676258794,1,229682.0,0.0,146669.0,0.1392,0.0,167.89,30.82333333333333,0.0,0.7834986888997194,-1.2861727846291364,1
ESTRELA MINEIRA - PRUDENCIAL,2019-09-01,277264.0,0.0,353691.0,0.1328,0.0,170.5,0.2600889164000142,30.59,0.1885175700178287,1,216284.0,0.0,194361.0,0.1261,0.0,169.35,28.546666666666667,0.0,0.7620784581698149,-1.1641085502961719,1
ESTRELA MINEIRA - PRUDENCIAL,2019-12-01,315311.0,0.0,353691.0,0.1726,0.0,171.91,1.767530865000011,29.096666666666664,0.1925793437524927,1,241005.0,0.0,194361.0,0.1303,0.0,169.09,28.71666666666667,0.0,0.7603768659837651,-1.1547467720156708,1
ESTRELA MINEIRA - PRUDENCIAL,2020-03-01,325640.0,0.0,395791.0,0.1742,0.0,168.09,0.5308473674999981,28.24,0.2076300140079481,1,257700.0,0.0,302573.0,0.1177,0.0,169.51,30.386666666666667,0.0,0.7853114546989961,-1.2968920448605805,1
ESTRELA MINEIRA - PRUDENCIAL,2020-06-01,328038.0,0.0,395791.0,0.1977,0.0,153.27,-0.4306129372000034,24.44333333333333,0.2465860199157848,1,259449.0,0.0,302573.0,0.1311,0.0,170.58,30.69666666666667,0.0,0.7921540458200972,-1.3379586743045722,1
ESTRELA MINEIRA - PRUDENCIAL,2020-09-01,338416.0,0.0,440821.0,0.2035,0.0,165.34,1.2447095295999857,21.71666666666667,0.2297177185298856,1,277264.0,0.0,353691.0,0.1328,0.0,170.5,30.59,0.0,0.7891978420374279,-1.320096985674263,1
FACTA S.A. CFI - PRUDENCIAL,2024-06-01,4328582.0,0.0,183369.0,0.1156,0.0,189.49,1.053515670799987,29.07333333333333,0.0461879394473879,0,2957554.0,0.0,120830.0,0.1061,0.0,184.28,32.02333333333333,0.0,0.5622200862958662,-0.2501770816676983,0
FACTA S.A. CFI - PRUDENCIAL,2024-09-01,4249626.0,0.0,233587.0,0.1351,0.0,190.99,0.8015076655999875,28.473333333333333,0.048702521572153,0,3297143.0,0.0,150373.0,0.1408,0.0,184.44,31.51333333333333,0.0,0.5017077258631778,-0.006830929813748276,0
FACTA S.A. CFI - PRUDENCIAL,2024-12-01,0.0,0.0,0.0,0.0,0.0,191.11,1.47713535680003,27.96,0.0620960672667123,0,3790534.0,0.0,150373.0,0.1301999999999999,0.0,185.03,30.41333333333333,0.0,0.4169322894676727,0.3353794881057647,0
FATOR - PRUDENCIAL,2017-03-01,471790.0,14728.0,69144.0,0.2496999999999999,0.18,164.34,0.9630321349999972,41.17333333333333,0.3282907716570297,1,720401.0,5568.0,52428.0,0.2425,0.1837,163.26,35.07,9631.0236,0.5884417369320867,-0.35752732175506946,0
FATOR - PRUDENCIAL,2017-06-01,460728.0,30574.0,69144.0,0.2292,0.1635,165.65,0.2193980018000196,36.63666666666666,0.3282988981574551,1,651076.0,37440.0,52428.0,0.2341,0.2141,163.72,38.303333333333335,11224.8348,0.6324381725940147,-0.5426909223702762,1
FATOR - PRUDENCIAL,2017-09-01,365154.0,17820.0,65753.0,0.2609,0.1785999999999999,166.12,0.5911447296000016,36.16333333333333,0.2959102563151971,1,640036.0,2542.0,65520.0,0.2241,0.2145,162.92,39.71333333333333,14054.039999999999,0.6525916375472635,-0.6304506446770514,1
FATOR - PRUDENCIAL,2017-12-01,348657.0,42229.0,65753.0,0.2114,0.2026,167.13,1.144261174399985,33.526666666666664,0.1447547834255598,0,591055.0,12774.0,65520.0,0.2778,0.2176,162.73,40.38,14257.152,0.6609041456225695,-0.6673259911664429,1
FATOR - PRUDENCIAL,2018-03-01,254238.0,26929.0,64398.0,0.1543999999999999,0.1257,167.98,0.7014778351999817,33.15,0.0039102962395386,0,471790.0,14728.0,69144.0,0.2496999999999999,0.18,164.34,41.17333333333333,12445.92,0.7341913030863441,-1.0159927596784835,1
FATOR - PRUDENCIAL,2018-06-01,254838.0,33023.0,64398.0,0.1784,0.1487,167.89,1.8887030879999989,30.82333333333333,0.0037371585150818,0,460728.0,30574.0,69144.0,0.2292,0.1635,165.65,36.63666666666666,11305.044,0.6893617289397032,-0.7971370189688349,1
FATOR - PRUDENCIAL,2018-09-01,257190.0,30773.0,69615.0,0.1469,0.12,169.35,0.7208535743999933,28.546666666666667,0.0039291991572091,0,365154.0,17820.0,65753.0,0.2609,0.1785999999999999,166.12,36.16333333333333,11743.485799999993,0.6758155589836592,-0.7346075805461987,1
FATOR - PRUDENCIAL,2018-12-01,284166.0,20704.0,69615.0,0.2688,0.1565,169.09,0.3894135824999978,28.71666666666667,0.0040418473954815,0,348657.0,42229.0,65753.0,0.2114,0.2026,167.13,33.526666666666664,13321.5578,0.6225737550327234,-0.5004869310054859,1
FATOR - PRUDENCIAL,2019-03-01,219423.0,55577.0,115970.0,0.1607999999999999,0.1462,169.51,1.507011320000018,30.386666666666667,0.3143857275511243,1,254238.0,26929.0,64398.0,0.1543999999999999,0.1257,167.98,33.15,8094.828600000001,0.7116931880082464,-0.9036216699737903,1
FATOR - PRUDENCIAL,2019-06-01,211300.0,63311.0,115970.0,0.161,0.1475,170.58,0.710811074100004,30.69666666666667,0.313291446651679,1,254838.0,33023.0,64398.0,0.1784,0.1487,167.89,30.82333333333333,9575.9826,0.6484856714384161,-0.612389433834498,1
FATOR - PRUDENCIAL,2019-09-01,245999.0,71957.0,108821.0,0.1887,0.1578,170.5,0.2600889164000142,30.59,4.88024282009041e-05,0,257190.0,30773.0,69615.0,0.1469,0.12,169.35,28.546666666666667,8353.8,0.6489824260206843,-0.6145693469723819,1
FATOR - PRUDENCIAL,2019-12-01,284066.0,60197.0,108821.0,0.185,0.1519,171.91,1.767530865000011,29.096666666666664,3.712935122432242e-05,0,284166.0,20704.0,69615.0,0.2688,0.1565,169.09,28.71666666666667,10894.7475,0.5928564220102175,-0.375786353329662,0
FATOR - PRUDENCIAL,2020-03-01,284317.0,100542.0,109835.0,0.1321,0.1307,168.09,0.5308473674999981,28.24,2.1494406051286857e-05,0,219423.0,55577.0,115970.0,0.1607999999999999,0.1462,169.51,30.386666666666667,16954.814,0.6659413903207069,-0.6898852081831915,1
FATOR - PRUDENCIAL,2020-06-01,282016.0,46894.0,109835.0,0.1863,0.1399,153.27,-0.4306129372000034,24.44333333333333,2.0145595957670645e-05,0,211300.0,63311.0,115970.0,0.161,0.1475,170.58,30.69666666666667,17105.575,0.6774643153467076,-0.7421430997793864,1
FATOR - PRUDENCIAL,2020-09-01,272516.0,61011.0,103330.0,0.1664999999999999,0.1392,165.34,1.2447095295999857,21.71666666666667,2.007238335144904e-05,0,245999.0,71957.0,108821.0,0.1887,0.1578,170.5,30.59,17171.9538,0.6581838573115766,-0.6552113123807719,1
FATOR - PRUDENCIAL,2020-12-01,169539.0,57029.0,103330.0,0.2212,0.155,171.47,3.131382328999988,20.72,0.0,0,284066.0,60197.0,108821.0,0.185,0.1519,171.91,29.096666666666664,16529.909900000002,0.6397023155678729,-0.5740723449874985,1
FATOR - PRUDENCIAL,2021-03-01,177891.0,92792.0,99918.0,0.1381,0.1165,173.12,2.052492994999988,22.403333333333336,6.010484148853528e-05,0,284317.0,100542.0,109835.0,0.1321,0.1307,168.09,28.24,14355.434500000001,0.6359293478703409,-0.5577395205812901,1
FATOR - PRUDENCIAL,2021-06-01,177839.0,59341.0,99918.0,0.1855,0.1384999999999999,172.06,1.6786286369000036,21.46333333333333,1.908004576905999e-05,0,282016.0,46894.0,109835.0,0.1863,0.1399,153.27,24.44333333333333,15365.9165,0.45456130332252775,0.18225763376214552,0
FATOR - PRUDENCIAL,2021-09-01,180737.0,77301.0,90881.0,0.1518,0.1357,172.27,3.0196768831999954,21.08666666666667,3.132733686444313e-05,0,272516.0,61011.0,103330.0,0.1664999999999999,0.1392,165.34,21.71666666666667,14383.535999999998,0.48021053699212896,0.07919922448081641,0
FATOR - PRUDENCIAL,2022-06-01,208042.0,78.0,69686.0,0.2444,0.2719,177.81,2.215266379399994,25.546666666666667,7.17826809875728e-05,0,169539.0,57029.0,103330.0,0.2212,0.155,171.47,20.72,16016.15,0.4873234781994731,0.05071695582154594,0
FATOR - PRUDENCIAL,2022-09-01,198022.0,80.0,53817.0,0.2545,0.2516,179.54,-1.3245430992000151,27.44,0.0004363367088912,0,177891.0,92792.0,99918.0,0.1381,0.1165,173.12,22.403333333333336,11640.447,0.5843179263461523,-0.3405245068351238,0
FATOR - PRUDENCIAL,2022-12-01,215940.0,77.0,53817.0,0.1785999999999999,0.1712,180.33,1.6286339977999995,29.036666666666665,0.0001665215615778,0,177839.0,59341.0,99918.0,0.1855,0.1384999999999999,172.06,21.46333333333333,13838.642999999991,0.5263860356573146,-0.10564228278549044,0
FATOR - PRUDENCIAL,2023-03-01,240754.0,75.0,39417.0,0.1591,0.1656,182.74,2.094210609200031,30.19,0.0006039755295657,0,180737.0,77301.0,90881.0,0.1518,0.1357,172.27,21.08666666666667,12332.551699999998,0.5290802291578749,-0.11645234047813234,0
FATOR - PRUDENCIAL,2023-06-01,295148.0,66.0,39417.0,0.1353,0.183,184.28,0.760729877599986,32.02333333333333,7.95272865965905e-05,0,208042.0,78.0,69686.0,0.2444,0.2719,177.81,25.546666666666667,18947.623399999997,0.47072525443987295,0.11723306510100227,0
FATOR - PRUDENCIAL,2023-09-01,304923.0,67.0,29294.0,0.1052999999999999,0.1177999999999999,184.44,0.6111867176000096,31.51333333333333,0.0001062147689854,0,198022.0,80.0,53817.0,0.2545,0.2516,179.54,27.44,13540.3572,0.5369219600874614,-0.14795716540075465,0
FATOR - PRUDENCIAL,2023-12-01,290016.0,67.0,29294.0,0.166,0.1907999999999999,185.03,1.083587763199989,30.41333333333333,5.764298208019835e-05,0,215940.0,77.0,53817.0,0.1785999999999999,0.1712,180.33,29.036666666666665,9213.4704,0.6623525714953388,-0.6737957590767661,1
FATOR - PRUDENCIAL,2024-03-01,323269.0,1843.0,24472.0,0.1436,0.2091,186.65,1.415491577599992,29.896666666666665,2.0481150911417985e-05,0,240754.0,75.0,39417.0,0.1591,0.1656,182.74,30.19,6527.4552,0.6973404958167964,-0.8346653823211133,1
FATOR - PRUDENCIAL,2024-06-01,339743.0,76.0,24472.0,0.1491,0.2163,189.49,1.053515670799987,29.07333333333333,1.4465355083820436e-05,0,295148.0,66.0,39417.0,0.1353,0.183,184.28,32.02333333333333,7213.311,0.7144470076631382,-0.9170812029871903,1
FATOR - PRUDENCIAL,2024-09-01,339132.0,79.0,29486.0,0.1399,0.2030999999999999,190.99,0.8015076655999875,28.473333333333333,0.0,0,304923.0,67.0,29294.0,0.1052999999999999,0.1177999999999999,184.44,31.51333333333333,3450.8331999999973,0.7646111912099576,-1.1781288049688639,1
FATOR - PRUDENCIAL,2024-12-01,465644.0,84.0,29486.0,0.1246,0.2351,191.11,1.47713535680003,27.96,0.0,0,290016.0,67.0,29294.0,0.166,0.1907999999999999,185.03,30.41333333333333,5589.295199999997,0.6809935034666853,-0.7583412982083676,1
FISERV DO BRASIL IP - PRUDENCIAL,2024-12-01,1182127.0,0.0,95246.0,0.1157,0.0,191.11,1.47713535680003,27.96,0.0,0,1140611.0,0.0,53574.0,0.2659,0.0,185.03,30.41333333333333,0.0,0.7458889497436952,-1.076805350590518,1
FORTBRASIL IP - PRUDENCIAL,2022-03-01,0.0,0.0,0.0,0.0,0.0,175.72,3.2006523548000043,24.72,0.2360429462545702,1,0.0,0.0,0.0,0.0,0.0,173.12,22.403333333333336,0.0,0.7233447241095763,-0.9611136652032991,1
FORTBRASIL IP - PRUDENCIAL,2022-06-01,0.0,0.0,0.0,0.0,0.0,177.81,2.215266379399994,25.546666666666667,0.2169793715016816,1,0.0,0.0,0.0,0.0,0.0,172.06,21.46333333333333,0.0,0.7034476792857808,-0.8637698374702895,1
FORTBRASIL IP - PRUDENCIAL,2022-09-01,0.0,0.0,0.0,0.0,0.0,179.54,-1.3245430992000151,27.44,0.2284605273636257,1,0.0,0.0,0.0,0.0,0.0,172.27,21.08666666666667,0.0,0.6984468388041605,-0.8399127448172142,1
FORTBRASIL IP - PRUDENCIAL,2023-09-01,613470.0,376.0,0.0,0.0,0.0,184.44,0.6111867176000096,31.51333333333333,0.219123243073853,1,0.0,0.0,0.0,0.0,0.0,174.3,22.62,0.0,0.7322135920023245,-1.0058825857115732,1
FORTBRASIL IP - PRUDENCIAL,2023-12-01,1568130.0,0.0,0.0,0.0,0.0,185.03,1.083587763199989,30.41333333333333,0.1750656116171133,1,0.0,0.0,0.0,0.0,0.0,175.72,24.72,0.0,0.7686537509496396,-1.200725106923352,1
FORTBRASIL IP - PRUDENCIAL,2024-03-01,500863.0,293.0,0.0,0.0,0.0,186.65,1.415491577599992,29.896666666666665,0.2363084826060328,1,0.0,0.0,0.0,0.0,0.0,177.81,25.546666666666667,0.0,0.7881759591219288,-1.3139654286599156,1
FORTBRASIL IP - PRUDENCIAL,2024-06-01,414221.0,656.0,0.0,0.0,0.0,189.49,1.053515670799987,29.07333333333333,0.1840939588487813,1,0.0,0.0,0.0,0.0,0.0,179.54,27.44,0.0,0.8176292003987757,-1.5003669581178973,1
FORTBRASIL IP - PRUDENCIAL,2024-09-01,252168.0,0.0,0.0,0.0,0.0,190.99,0.8015076655999875,28.473333333333333,0.2268697781355234,1,613470.0,376.0,0.0,0.0,0.0,184.44,31.51333333333333,0.0,0.8298268801131287,-1.5844008291135474,1
GAZIN - PRUDENCIAL,2017-03-01,46587.0,0.0,34499.0,0.3861,0.0,164.34,0.9630321349999972,41.17333333333333,0.0448601692591833,0,38434.0,0.0,25658.0,0.4784,0.0,163.26,35.07,0.0,0.8050051478856647,-1.4178755129726954,1
GAZIN - PRUDENCIAL,2017-06-01,44619.0,0.0,34499.0,0.3716,0.0,165.65,0.2193980018000196,36.63666666666666,0.0537952261398445,0,38891.0,0.0,25658.0,0.4554999999999999,0.0,163.72,38.303333333333335,0.0,0.8440655500772759,-1.6887944307664005,1
GAZIN - PRUDENCIAL,2017-09-01,61313.0,0.0,44578.0,0.3007,0.0,166.12,0.5911447296000016,36.16333333333333,0.048426850251053,0,40970.0,0.0,29347.0,0.439,0.0,162.92,39.71333333333333,0.0,0.8564053383618021,-1.7857493087891778,1
GAZIN - PRUDENCIAL,2017-12-01,65022.0,0.0,44578.0,0.268,0.0,167.13,1.144261174399985,33.526666666666664,0.0480027010393475,0,43453.0,0.0,29347.0,0.4039,0.0,162.73,40.38,0.0,0.8641145050109528,-1.8498927057465162,1
GAZIN - PRUDENCIAL,2018-03-01,67863.0,0.0,53690.0,0.3162,0.0,167.98,0.7014778351999817,33.15,0.0452840789348839,0,46587.0,0.0,34499.0,0.3861,0.0,164.34,41.17333333333333,0.0,0.8762407529093871,-1.95730276183564,1
GAZIN - PRUDENCIAL,2018-06-01,71284.0,0.0,53690.0,0.3117,0.0,167.89,1.8887030879999989,30.82333333333333,0.0491815674003435,0,44619.0,0.0,34499.0,0.3716,0.0,165.65,36.63666666666666,0.0,0.838865355756807,-1.6498098960246153,1
GAZIN - PRUDENCIAL,2018-09-01,75972.0,0.0,59767.0,0.3252,0.0,169.35,0.7208535743999933,28.546666666666667,0.0569090303797466,0,61313.0,0.0,44578.0,0.3007,0.0,166.12,36.16333333333333,0.0,0.8394735227488754,-1.65431603982563,1
GAZIN - PRUDENCIAL,2018-12-01,78518.0,0.0,59767.0,0.3915999999999999,0.0,169.09,0.3894135824999978,28.71666666666667,0.0754708823616558,0,65022.0,0.0,44578.0,0.268,0.0,167.13,33.526666666666664,0.0,0.816368097504936,-1.4919321286299936,1
GAZIN - PRUDENCIAL,2019-03-01,83453.0,0.0,79396.0,0.2380999999999999,0.0,169.51,1.507011320000018,30.386666666666667,0.0797627387562602,0,67863.0,0.0,53690.0,0.3162,0.0,167.98,33.15,0.0,0.8109587731520574,-1.456252094966886,1
GAZIN - PRUDENCIAL,2019-06-01,84193.0,0.0,79396.0,0.3181,0.0,170.58,0.710811074100004,30.69666666666667,0.0890307207000174,0,71284.0,0.0,53690.0,0.3117,0.0,167.89,30.82333333333333,0.0,0.7818171739946816,-1.276287557189456,1
GAZIN - PRUDENCIAL,2019-09-01,87323.0,0.0,91876.0,0.2858,0.0,170.5,0.2600889164000142,30.59,0.0917026315970282,0,75972.0,0.0,59767.0,0.3252,0.0,169.35,28.546666666666667,0.0,0.7552994516695087,-1.1270790836597688,1
GAZIN - PRUDENCIAL,2019-12-01,86613.0,0.0,91876.0,0.3312,0.0,171.91,1.767530865000011,29.096666666666664,0.1009630774423994,0,78518.0,0.0,59767.0,0.3915999999999999,0.0,169.09,28.71666666666667,0.0,0.749615946928364,-1.0965650528340147,1
GAZIN - PRUDENCIAL,2020-03-01,101167.0,0.0,104687.0,0.3109,0.0,168.09,0.5308473674999981,28.24,0.0839072836963166,0,83453.0,0.0,79396.0,0.2380999999999999,0.0,169.51,30.386666666666667,0.0,0.7885199036240551,-1.316026760912602,1
GAZIN - PRUDENCIAL,2020-06-01,96061.0,0.0,104687.0,0.3646,0.0,153.27,-0.4306129372000034,24.44333333333333,0.1077923915178876,0,84193.0,0.0,79396.0,0.3181,0.0,170.58,30.69666666666667,0.0,0.7894557862129421,-1.32164815657852,1
GAZIN - PRUDENCIAL,2020-09-01,113120.0,0.0,115489.0,0.3232,0.0,165.34,1.2447095295999857,21.71666666666667,0.0841209440886763,0,87323.0,0.0,91876.0,0.2858,0.0,170.5,30.59,0.0,0.7905164789744016,-1.328041424542895,1
GAZIN - PRUDENCIAL,2020-12-01,120311.0,0.0,115489.0,0.3288,0.0,171.47,3.131382328999988,20.72,0.0633317968823271,0,86613.0,0.0,91876.0,0.3312,0.0,171.91,29.096666666666664,0.0,0.7726067255740388,-1.223089149956532,1
GAZIN - PRUDENCIAL,2021-03-01,126291.0,0.0,126036.0,0.3189,0.0,173.12,2.052492994999988,22.403333333333336,0.0506404698440486,0,101167.0,0.0,104687.0,0.3109,0.0,168.09,28.24,0.0,0.7445663652796043,-1.0698393592854583,1
GAZIN - PRUDENCIAL,2021-06-01,123453.0,0.0,126036.0,0.3990999999999999,0.0,172.06,1.6786286369000036,21.46333333333333,0.053195963362047,0,96061.0,0.0,104687.0,0.3646,0.0,153.27,24.44333333333333,0.0,0.5984424959421115,-0.3989796936461401,0
GAZIN - PRUDENCIAL,2021-09-01,128484.0,0.0,135947.0,0.3737,0.0,172.27,3.0196768831999954,21.08666666666667,0.0571012461534318,0,113120.0,0.0,115489.0,0.3232,0.0,165.34,21.71666666666667,0.0,0.620465447815618,-0.49152427911753366,1
GAZIN - PRUDENCIAL,2021-12-01,141841.0,0.0,135947.0,0.3745,0.0,174.3,2.958021687500012,22.62,0.057724574555838,0,120311.0,0.0,115489.0,0.3288,0.0,171.47,20.72,0.0,0.6351474015677072,-0.5543636680283822,1
GAZIN - PRUDENCIAL,2022-03-01,148090.0,0.0,144369.0,0.3757,0.0,175.72,3.2006523548000043,24.72,0.0656002524374485,0,126291.0,0.0,126036.0,0.3189,0.0,173.12,22.403333333333336,0.0,0.6737954710508899,-0.7254020350850344,1
GAZIN - PRUDENCIAL,2022-06-01,154699.0,0.0,144369.0,0.3781,0.0,177.81,2.215266379399994,25.546666666666667,0.0735214207366447,0,123453.0,0.0,126036.0,0.3990999999999999,0.0,172.06,21.46333333333333,0.0,0.6425130855031639,-0.586288424166028,1
GAZIN - PRUDENCIAL,2022-09-01,153375.0,0.0,155079.0,0.3629,0.0,179.54,-1.3245430992000151,27.44,0.094045115911583,0,128484.0,0.0,135947.0,0.3737,0.0,172.27,21.08666666666667,0.0,0.6396738519889991,-0.5739488519083479,1
GAZINCRED SCFI - PRUDENCIAL,2023-12-01,276472.0,0.0,179847.0,0.2802,0.0,185.03,1.083587763199989,30.41333333333333,0.088424904908192,0,171155.0,0.0,155079.0,0.3285,0.0,180.33,29.036666666666665,0.0,0.7985476331432857,-1.377241657987577,1
GAZINCRED SCFI - PRUDENCIAL,2024-03-01,266748.0,0.0,198091.0,0.2953,0.0,186.65,1.415491577599992,29.896666666666665,0.0993350631506068,0,189336.0,0.0,166230.0,0.3226,0.0,182.74,30.19,0.0,0.8200674504168894,-1.516804536800457,1
GAZINCRED SCFI - PRUDENCIAL,2024-06-01,243196.0,0.0,198091.0,0.3139,0.0,189.49,1.053515670799987,29.07333333333333,0.1120519089016567,0,198507.0,0.0,166230.0,0.3287,0.0,184.28,32.02333333333333,0.0,0.8436462448141325,-1.6856121634430918,1
GAZINCRED SCFI - PRUDENCIAL,2024-09-01,254725.0,0.0,218532.0,0.302,0.0,190.99,0.8015076655999875,28.473333333333333,0.117825231085323,0,295895.0,0.0,179847.0,0.2512999999999999,0.0,184.44,31.51333333333333,0.0,0.8372930223407563,-1.6382231950742334,1
GAZINCRED SCFI - PRUDENCIAL,2024-12-01,330407.0,0.0,218532.0,0.2754,0.0,191.11,1.47713535680003,27.96,0.0957617452072016,0,276472.0,0.0,179847.0,0.2802,0.0,185.03,30.41333333333333,0.0,0.8268266391172311,-1.563301867480691,1
GENIAL - PRUDENCIAL,2021-06-01,253958.0,5661.0,417636.0,0.1726,0.0493,172.06,1.6786286369000036,21.46333333333333,0.0116413458098071,0,208856.0,1483.0,347161.0,0.11,0.0524,153.27,24.44333333333333,18191.2364,0.5727394610441323,-0.2930369316639901,0
GENIAL - PRUDENCIAL,2021-09-01,395418.0,5989.0,494532.0,0.1862,0.081,172.27,3.0196768831999954,21.08666666666667,6.004660421186659e-05,0,208828.0,1344.0,369135.0,0.11,0.0487999999999999,165.34,21.71666666666667,18013.787999999964,0.5961153596510484,-0.3893049110545358,0
GENIAL - PRUDENCIAL,2021-12-01,389509.0,2269.0,494532.0,0.1907,0.0862,174.3,2.958021687500012,22.62,0.000676007456308,0,194225.0,917.0,369135.0,0.1193,0.0458,171.47,20.72,16906.383,0.6161544788203119,-0.4732575260859273,1
GENIAL - PRUDENCIAL,2022-03-01,408063.0,5455.0,578284.0,0.1226999999999999,0.0864,175.72,3.2006523548000043,24.72,0.0002306183944792,0,220440.0,3200.0,417636.0,0.1315,0.0467,173.12,22.403333333333336,19503.6012,0.651643488614235,-0.6262712021073131,1
GENIAL - PRUDENCIAL,2022-06-01,428830.0,3221.0,578284.0,0.1193999999999999,0.0677,177.81,2.215266379399994,25.546666666666667,0.0002063600739446,0,253958.0,5661.0,417636.0,0.1726,0.0493,172.06,21.46333333333333,20589.4548,0.6177030501729062,-0.4798101781894802,1
GENIAL - PRUDENCIAL,2022-09-01,436409.0,603.0,646595.0,0.1110999999999999,0.0652,179.54,-1.3245430992000151,27.44,0.002927113435956,0,395418.0,5989.0,494532.0,0.1862,0.081,172.27,21.08666666666667,40057.092000000004,0.5681744198655484,-0.27440669155260267,0
GENIAL - PRUDENCIAL,2022-12-01,481124.0,435.0,646595.0,0.1357,0.0645,180.33,1.6286339977999995,29.036666666666665,0.0011991254336284,0,389509.0,2269.0,494532.0,0.1907,0.0862,174.3,22.62,42628.6584,0.6038679751952802,-0.4216080380137025,1
GENIAL - PRUDENCIAL,2023-03-01,494488.0,2902.0,722169.0,0.1189,0.0635,182.74,2.094210609200031,30.19,0.0004754691325391,0,408063.0,5455.0,578284.0,0.1226999999999999,0.0864,175.72,24.72,49963.7376,0.6604316804013892,-0.6652185194507686,1
GENIAL - PRUDENCIAL,2023-06-01,525343.0,312.0,722169.0,0.1191,0.0523,184.28,0.760729877599986,32.02333333333333,0.0055408994708588,0,428830.0,3221.0,578284.0,0.1193999999999999,0.0677,177.81,25.546666666666667,39149.826799999995,0.6958463504073581,-0.8275958747124333,1
GENIAL - PRUDENCIAL,2023-09-01,468771.0,2156.0,804183.0,0.1118,0.0605,184.44,0.6111867176000096,31.51333333333333,0.0009071520008335,0,436409.0,603.0,646595.0,0.1110999999999999,0.0652,179.54,27.44,42157.994,0.737913503067067,-1.035152022591811,1
GENIAL - PRUDENCIAL,2023-12-01,406957.0,1515.0,804183.0,0.084,0.0377,185.03,1.083587763199989,30.41333333333333,0.0008929079331985,0,481124.0,435.0,646595.0,0.1357,0.0645,180.33,29.036666666666665,41705.3775,0.7576739159199374,-1.1399688285618397,1
GENIAL - PRUDENCIAL,2024-03-01,564054.0,1804.0,852064.0,0.0562,0.0306,186.65,1.415491577599992,29.896666666666665,0.0004893233495793,0,494488.0,2902.0,722169.0,0.1189,0.0635,182.74,30.19,45857.7315,0.7870565136187798,-1.3072732459366774,1
GENIAL - PRUDENCIAL,2024-06-01,569868.0,1302.0,852064.0,0.0834,0.0356999999999999,189.49,1.053515670799987,29.07333333333333,0.0135602944802039,0,525343.0,312.0,722169.0,0.1191,0.0523,184.28,32.02333333333333,37769.4387,0.8172986903463854,-1.4981519898719042,1
GENIAL - PRUDENCIAL,2024-09-01,571979.0,9372.0,903351.0,0.085,0.0491,190.99,0.8015076655999875,28.473333333333333,0.0113601712503974,0,468771.0,2156.0,804183.0,0.1118,0.0605,184.44,31.51333333333333,48653.0715,0.8163972133581299,-1.4921263611969466,1
GENIAL - PRUDENCIAL,2024-12-01,587517.0,1089.0,903351.0,0.099,0.0467999999999999,191.11,1.47713535680003,27.96,0.0133454885532685,0,406957.0,1515.0,804183.0,0.084,0.0377,185.03,30.41333333333333,30317.699099999998,0.8224768835503998,-1.533219542620671,1
GM - PRUDENCIAL,2019-09-01,9230957.0,83.0,633955.0,0.2441,0.1866,170.5,0.2600889164000142,30.59,0.017299224853854,0,8676300.0,122.0,1604741.0,0.1739,0.1452,167.13,33.526666666666664,233008.3932,0.034229431050685766,3.3398404688040917,0
GM - PRUDENCIAL,2019-12-01,9979441.0,0.0,633955.0,0.2286,0.1767999999999999,171.91,1.767530865000011,29.096666666666664,0.0172020136495515,0,10197754.0,54.0,576420.0,0.1911,0.1508,169.09,28.71666666666667,86924.136,0.00706909472859984,4.944928652258892,0
GM - PRUDENCIAL,2020-03-01,9552020.0,0.0,652470.0,0.2541,0.1828999999999999,168.09,0.5308473674999981,28.24,0.0189680948326096,0,9202754.0,65.0,624537.0,0.2218,0.1732999999999999,169.51,30.386666666666667,108232.26209999993,0.013199964798612627,4.314253257611801,0
GM - PRUDENCIAL,2020-06-01,8091999.0,0.0,652470.0,0.3046,0.1961,153.27,-0.4306129372000034,24.44333333333333,0.0278627118518077,0,9625003.0,4.0,624537.0,0.2228,0.1745,170.58,30.69666666666667,108981.70649999999,0.010911792784236532,4.506939404827291,0
GM - PRUDENCIAL,2020-09-01,7621206.0,0.0,657170.0,0.3303999999999999,0.2251,165.34,1.2447095295999857,21.71666666666667,0.0253461954330984,0,9230957.0,83.0,633955.0,0.2441,0.1866,170.5,30.59,118296.003,0.012870444395546398,4.339867742350885,0
GM - PRUDENCIAL,2020-12-01,7290950.0,0.0,657170.0,0.3505,0.2194,171.47,3.131382328999988,20.72,0.0248018921100113,0,9979441.0,0.0,633955.0,0.2286,0.1767999999999999,171.91,29.096666666666664,112083.24399999993,0.00813584638705483,4.803306378164986,0
GM - PRUDENCIAL,2021-03-01,7119999.0,0.0,645789.0,0.3682999999999999,0.2653999999999999,173.12,2.052492994999988,22.403333333333336,0.024021707398455,0,9552020.0,0.0,652470.0,0.2541,0.1828999999999999,168.09,28.24,119336.76299999993,0.00863331075291304,4.743456420871175,0
GM - PRUDENCIAL,2021-06-01,6710240.0,0.0,645789.0,0.3676,0.2631,172.06,1.6786286369000036,21.46333333333333,0.0287934507800611,0,8091999.0,0.0,652470.0,0.3046,0.1961,153.27,24.44333333333333,127949.367,0.009622773672299367,4.63395336070399,0
GM - PRUDENCIAL,2021-09-01,6351172.0,0.0,631937.0,0.3862,0.2828,172.27,3.0196768831999954,21.08666666666667,0.0345615299374941,0,7621206.0,0.0,657170.0,0.3303999999999999,0.2251,165.34,21.71666666666667,147928.967,0.012252698143888798,4.389680728401161,0
GM - PRUDENCIAL,2021-12-01,6376772.0,0.0,631937.0,0.3764,0.2704,174.3,2.958021687500012,22.62,0.0414464168211686,0,7290950.0,0.0,657170.0,0.3505,0.2194,171.47,20.72,144183.098,0.015868837725655397,4.127401888607565,0
GM - PRUDENCIAL,2022-03-01,6577554.0,0.0,588932.0,0.3616,0.2578,175.72,3.2006523548000043,24.72,0.0404652879113616,0,7119999.0,0.0,645789.0,0.3682999999999999,0.2653999999999999,173.12,22.403333333333336,171392.40059999994,0.017638985762965534,4.019847320007124,0
GM - PRUDENCIAL,2022-06-01,6599838.0,0.0,588932.0,0.3697999999999999,0.2626,177.81,2.215266379399994,25.546666666666667,0.0382941986594377,0,6710240.0,0.0,645789.0,0.3676,0.2631,172.06,21.46333333333333,169907.0859,0.02025054840061359,3.8791150027487658,0
GM - PRUDENCIAL,2022-09-01,6791185.0,0.0,552488.0,0.3669,0.2514,179.54,-1.3245430992000151,27.44,0.0314715086027628,0,6351172.0,0.0,631937.0,0.3862,0.2828,172.27,21.08666666666667,178711.7836,0.022291127568346024,3.7810232169666875,0
GM - PRUDENCIAL,2022-12-01,7318431.0,0.0,552488.0,0.342,0.2485,180.33,1.6286339977999995,29.036666666666665,0.0301360762123696,0,6376772.0,0.0,631937.0,0.3764,0.2704,174.3,22.62,170875.76479999998,0.02696878520343149,3.585736069132848,0
GM - PRUDENCIAL,2023-03-01,7692814.0,0.0,522411.0,0.3335,0.2430999999999999,182.74,2.094210609200031,30.19,0.0247442815056882,0,6577554.0,0.0,588932.0,0.3616,0.2578,175.72,24.72,151826.6696,0.029757965965234782,3.4844487004124365,0
GM - PRUDENCIAL,2023-06-01,8139271.0,0.0,522411.0,0.3164,0.2248,184.28,0.760729877599986,32.02333333333333,0.0212386185933054,0,6599838.0,0.0,588932.0,0.3697999999999999,0.2626,177.81,25.546666666666667,154653.5432,0.03218549009296328,3.4035247142606964,0
GM - PRUDENCIAL,2023-09-01,9068611.0,0.0,519828.0,0.2791,0.2032999999999999,184.44,0.6111867176000096,31.51333333333333,0.0251225434583287,0,6791185.0,0.0,552488.0,0.3669,0.2514,179.54,27.44,138895.48320000002,0.03521869306621974,3.3103244561573306,0
GM - PRUDENCIAL,2023-12-01,9617006.0,0.0,519828.0,0.2623999999999999,0.1912,185.03,1.083587763199989,30.41333333333333,0.0248737692875548,0,7318431.0,0.0,552488.0,0.342,0.2485,180.33,29.036666666666665,137293.268,0.03098137924376738,3.4428974738210063,0
GM - PRUDENCIAL,2024-03-01,9561809.0,0.0,544148.0,0.2785,0.2026,186.65,1.415491577599992,29.896666666666665,0.0245698288621342,0,7692814.0,0.0,522411.0,0.3335,0.2430999999999999,182.74,30.19,126998.11409999995,0.029206580145252566,3.503719664540269,0
GM - PRUDENCIAL,2024-06-01,10022751.0,0.0,544148.0,0.2326,0.1718,189.49,1.053515670799987,29.07333333333333,0.0239222239354311,0,8139271.0,0.0,522411.0,0.3164,0.2248,184.28,32.02333333333333,117437.99279999999,0.029105660523352984,3.5072849713166687,0
GM - PRUDENCIAL,2024-09-01,11218912.0,0.0,582582.0,0.2166,0.1618,190.99,0.8015076655999875,28.473333333333333,0.0202881368996161,0,9068611.0,0.0,519828.0,0.2791,0.2032999999999999,184.44,31.51333333333333,105681.03239999995,0.01843491107539209,3.9749021193950513,0
GM - PRUDENCIAL,2024-12-01,12788323.0,0.0,582582.0,0.1878,0.1394999999999999,191.11,1.47713535680003,27.96,0.0182071550878396,0,9617006.0,0.0,519828.0,0.2623999999999999,0.1912,185.03,30.41333333333333,99391.11360000001,0.01333120754759269,4.304226694457263,0
GM - PRUDENCIAL,2025-03-01,11383653.0,0.0,898658.0,0.2138,0.1634,193.61,2.040339737600028,29.313333333333333,0.0121461743118517,0,9561809.0,0.0,544148.0,0.2785,0.2026,186.65,29.896666666666665,110244.3848,0.013276222460094694,4.308415489440352,0
GM - PRUDENCIAL,2025-06-01,11069613.0,0.0,898658.0,0.2257999999999999,0.1693,194.33,0.9327766831999762,31.666666666666668,0.0149611604009916,0,10022751.0,0.0,544148.0,0.2326,0.1718,189.49,29.07333333333333,93484.62640000001,0.011694879458598928,4.436840383736451,0
GM - PRUDENCIAL,2025-09-01,11675772.0,0.0,922494.0,0.2055999999999999,0.1612,,0.6304326271999727,31.94666666666667,0.0175885730298322,0,11218912.0,0.0,582582.0,0.2166,0.1618,190.99,28.473333333333333,94261.7676,0.006290951604653192,5.062332108290618,0
GOLCRED - PRUDENCIAL,2017-03-01,15212.0,0.0,23574.0,0.2448,0.0,164.34,0.9630321349999972,41.17333333333333,0.1638257360139294,0,18795.0,0.0,21335.0,0.2302,0.0,163.26,35.07,0.0,0.8267652122361421,-1.5628729220589874,1
GOLCRED - PRUDENCIAL,2017-06-01,15641.0,0.0,23574.0,0.2391,0.0,165.65,0.2193980018000196,36.63666666666666,0.1560990093192936,0,19097.0,0.0,21335.0,0.2281,0.0,163.72,38.303333333333335,0.0,0.8608816140836969,-1.822631728212555,1
GOLCRED - PRUDENCIAL,2017-09-01,16224.0,0.0,24624.0,0.2335,0.0,166.12,0.5911447296000016,36.16333333333333,0.1563157077557635,0,14988.0,0.0,21959.0,0.2488,0.0,162.92,39.71333333333333,0.0,0.8702040510087301,-1.90276413060446,1
GOLCRED - PRUDENCIAL,2017-12-01,17155.0,0.0,24624.0,0.2221,0.0,167.13,1.144261174399985,33.526666666666664,0.1677364990265164,0,15108.0,0.0,21959.0,0.2428,0.0,162.73,40.38,0.0,0.8757192150761373,-1.952502107741165,1
GOLCRED - PRUDENCIAL,2018-03-01,22011.0,0.0,27381.0,0.2011,0.0,167.98,0.7014778351999817,33.15,0.1565191234088664,0,15212.0,0.0,23574.0,0.2448,0.0,164.34,41.17333333333333,0.0,0.8860174945008454,-2.0506917189346043,1
GOLCRED - PRUDENCIAL,2018-06-01,21917.0,0.0,27381.0,0.2037,0.0,167.89,1.8887030879999989,30.82333333333333,0.1509659780889379,0,15641.0,0.0,23574.0,0.2391,0.0,165.65,36.63666666666666,0.0,0.8503172109988755,-1.7370911537252107,1
GOLCRED - PRUDENCIAL,2018-09-01,22628.0,0.0,28158.0,0.1916,0.0,169.35,0.7208535743999933,28.546666666666667,0.1767936619981945,1,16224.0,0.0,24624.0,0.2335,0.0,166.12,36.16333333333333,0.0,0.8474572647552386,-1.7147956243568485,1
GOLCRED - PRUDENCIAL,2018-12-01,20093.0,0.0,28158.0,0.2026,0.0,169.09,0.3894135824999978,28.71666666666667,0.1896744324878636,1,17155.0,0.0,24624.0,0.2221,0.0,167.13,33.526666666666664,0.0,0.8238217103980451,-1.5424576436614534,1
GOLCRED - PRUDENCIAL,2019-03-01,23474.0,0.0,30479.0,0.1939999999999999,0.0,169.51,1.507011320000018,30.386666666666667,0.1734110291568076,1,22011.0,0.0,27381.0,0.2011,0.0,167.98,33.15,0.0,0.8238523041557421,-1.542668446690482,1
GOLCRED - PRUDENCIAL,2019-06-01,23185.0,0.0,30479.0,0.1907999999999999,0.0,170.58,0.710811074100004,30.69666666666667,0.1792941171828945,1,21917.0,0.0,27381.0,0.2037,0.0,167.89,30.82333333333333,0.0,0.7958966991167477,-1.360843159396576,1
GOLCRED - PRUDENCIAL,2019-09-01,24478.0,0.0,31136.0,0.1834,0.0,170.5,0.2600889164000142,30.59,0.1877058897544075,1,22628.0,0.0,28158.0,0.1916,0.0,169.35,28.546666666666667,0.0,0.7733609946072326,-1.2273874767767332,1
GOLCRED - PRUDENCIAL,2019-12-01,18436.0,0.0,31136.0,0.2022,0.0,171.91,1.767530865000011,29.096666666666664,0.194929181104749,1,20093.0,0.0,28158.0,0.2026,0.0,169.09,28.71666666666667,0.0,0.7737643644154426,-1.2296902966216037,1
GOLCRED - PRUDENCIAL,2020-03-01,19159.0,0.0,31488.0,0.2014999999999999,0.0,168.09,0.5308473674999981,28.24,0.1985267580149093,1,23474.0,0.0,30479.0,0.1939999999999999,0.0,169.51,30.386666666666667,0.0,0.7974771516512045,-1.370600472253976,1
GOLCRED - PRUDENCIAL,2020-06-01,16536.0,0.0,31488.0,0.2708,0.0,153.27,-0.4306129372000034,24.44333333333333,0.2308133269135198,1,23185.0,0.0,30479.0,0.1907999999999999,0.0,170.58,30.69666666666667,0.0,0.805618955243751,-1.4217904890879478,1
GOLCRED - PRUDENCIAL,2020-09-01,14473.0,0.0,31242.0,0.2813,0.0,165.34,1.2447095295999857,21.71666666666667,0.2416193852701289,1,24478.0,0.0,31136.0,0.1834,0.0,170.5,30.59,0.0,0.8045565590046402,-1.4150202335520823,1
GOLCRED - PRUDENCIAL,2020-12-01,13589.0,0.0,31242.0,0.2986,0.0,171.47,3.131382328999988,20.72,0.2343589725906669,1,18436.0,0.0,31136.0,0.2022,0.0,171.91,29.096666666666664,0.0,0.7904189904909846,-1.327452827244166,1
GOLCRED - PRUDENCIAL,2021-03-01,12657.0,0.0,31020.0,0.3162999999999999,0.0,173.12,2.052492994999988,22.403333333333336,0.2260590572237673,1,19159.0,0.0,31488.0,0.2014999999999999,0.0,168.09,28.24,0.0,0.7632565352582851,-1.1706170659269062,1
GOLCRED - PRUDENCIAL,2021-06-01,11430.0,0.0,31020.0,0.2739,0.0,172.06,1.6786286369000036,21.46333333333333,0.2716082557302055,1,16536.0,0.0,31488.0,0.2708,0.0,153.27,24.44333333333333,0.0,0.620088593016442,-0.4899242735076004,1
GOLCRED - PRUDENCIAL,2021-09-01,10535.0,0.0,29794.0,0.2826,0.0,172.27,3.0196768831999954,21.08666666666667,0.2982364791690173,1,14473.0,0.0,31242.0,0.2813,0.0,165.34,21.71666666666667,0.0,0.6374891120386128,-0.5644826878565438,1
GOLCRED - PRUDENCIAL,2021-12-01,10072.0,0.0,29794.0,0.2993,0.0,174.3,2.958021687500012,22.62,0.2697045272861118,1,13589.0,0.0,31242.0,0.2986,0.0,171.47,20.72,0.0,0.6514776258912084,-0.6255406239214677,1
GOLDMAN SACHS - PRUDENCIAL,2019-06-01,3531270.0,44239.0,1240424.0,0.2407,0.1669999999999999,170.58,0.710811074100004,30.69666666666667,0.0,0,2291104.0,67756.0,1177995.0,0.259,0.1672,167.89,30.82333333333333,196960.764,0.461941127594261,0.15253052911199225,0
GOLDMAN SACHS - PRUDENCIAL,2019-09-01,2410573.0,37451.0,1199309.0,0.2754,0.1467,170.5,0.2600889164000142,30.59,0.0,0,2644667.0,9299.0,1209550.0,0.2857,0.1533,169.35,28.546666666666667,185424.01499999998,0.37818286650138416,0.49726819963163565,0
GOLDMAN SACHS - PRUDENCIAL,2020-03-01,6918021.0,59016.0,1316966.0,0.185,0.1083,168.09,0.5308473674999981,28.24,0.0,0,2915892.0,111415.0,1209550.0,0.2621,0.1662,169.09,28.71666666666667,201027.21,0.3542712030058751,0.6003168668870474,0
GOLDMAN SACHS - PRUDENCIAL,2020-06-01,8374807.0,82023.0,1316966.0,0.1744,0.1108,153.27,-0.4306129372000034,24.44333333333333,0.0,0,3393125.0,49147.0,1240424.0,0.2108,0.1626999999999999,169.51,30.386666666666667,201816.9847999999,0.32824257234054527,0.7161444198908663,0
GOLDMAN SACHS - PRUDENCIAL,2020-09-01,8618278.0,38371.0,1414626.0,0.17,0.1110999999999999,165.34,1.2447095295999857,21.71666666666667,0.0,0,3531270.0,44239.0,1240424.0,0.2407,0.1669999999999999,170.58,30.69666666666667,207150.80799999987,0.31631116048138125,0.7707764871097871,0
GOLDMAN SACHS - PRUDENCIAL,2020-12-01,8269218.0,9802.0,1414626.0,0.1846,0.1049,171.47,3.131382328999988,20.72,0.0,0,2410573.0,37451.0,1199309.0,0.2754,0.1467,170.5,30.59,175938.6303,0.46174342528180556,0.1533259710640407,0
GOLDMAN SACHS - PRUDENCIAL,2021-03-01,5538272.0,136429.0,1518505.0,0.2248,0.1229,173.12,2.052492994999988,22.403333333333336,0.0,0,6918021.0,59016.0,1316966.0,0.185,0.1083,168.09,28.24,142627.4178,0.059413759021663334,2.761977508683087,0
GOLDMAN SACHS - PRUDENCIAL,2021-06-01,5491153.0,154849.0,1518505.0,0.2267,0.1022,172.06,1.6786286369000036,21.46333333333333,0.0,0,8374807.0,82023.0,1316966.0,0.1744,0.1108,153.27,24.44333333333333,145919.8328,0.014588535928098974,4.212823274199957,0
GOLDMAN SACHS - PRUDENCIAL,2021-09-01,5338302.0,290917.0,1560704.0,0.2208999999999999,0.1055,172.27,3.0196768831999954,21.08666666666667,0.0,0,8618278.0,38371.0,1414626.0,0.17,0.1110999999999999,165.34,21.71666666666667,157164.94859999986,0.013909419148500565,4.261181970246462,0
GOLDMAN SACHS - PRUDENCIAL,2021-12-01,6304070.0,24537.0,1560704.0,0.2177,0.1261999999999999,174.3,2.958021687500012,22.62,0.0,0,8269218.0,9802.0,1414626.0,0.1846,0.1049,171.47,20.72,148394.26739999998,0.01782301396554856,4.009280980784112,0
GOLDMAN SACHS - PRUDENCIAL,2022-03-01,5929226.0,90244.0,1925371.0,0.2094,0.1545,175.72,3.2006523548000043,24.72,0.0,0,5538272.0,136429.0,1518505.0,0.2248,0.1229,173.12,22.403333333333336,186624.2645,0.09548948755714443,2.248377763766525,0
GOLDMAN SACHS - PRUDENCIAL,2022-06-01,7089694.0,167835.0,1925371.0,0.1804,0.1153,177.81,2.215266379399994,25.546666666666667,0.0,0,5491153.0,154849.0,1518505.0,0.2267,0.1022,172.06,21.46333333333333,155191.211,0.09214436242789895,2.287728872579409,0
GOLDMAN SACHS - PRUDENCIAL,2022-09-01,6956213.0,30655.0,2098164.0,0.1856,0.1261,179.54,-1.3245430992000151,27.44,0.0,0,5338302.0,290917.0,1560704.0,0.2208999999999999,0.1055,172.27,21.08666666666667,164654.272,0.10503650769049401,2.142474944822007,0
GOLDMAN SACHS - PRUDENCIAL,2022-12-01,8387699.0,437252.0,2098164.0,0.1772,0.0921,180.33,1.6286339977999995,29.036666666666665,0.0,0,6304070.0,24537.0,1560704.0,0.2177,0.1261999999999999,174.3,22.62,196960.84479999985,0.06427022206751531,2.678230321507453,0
GOLDMAN SACHS - PRUDENCIAL,2023-03-01,7085097.0,165255.0,2419945.0,0.2022,0.1089,182.74,2.094210609200031,30.19,0.0,0,5929226.0,90244.0,1925371.0,0.2094,0.1545,175.72,24.72,297469.8195,0.10784167572130472,2.1129794245260007,0
GOLDMAN SACHS - PRUDENCIAL,2023-06-01,8264191.0,23680.0,2419945.0,0.1827,0.1028999999999999,184.28,0.760729877599986,32.02333333333333,0.3070119553497697,1,7089694.0,167835.0,1925371.0,0.1804,0.1153,177.81,25.546666666666667,221995.2763,0.06983080288799462,2.5892912875421703,0
GOLDMAN SACHS - PRUDENCIAL,2023-09-01,3956488.0,240596.0,2544934.0,0.1871999999999999,0.1159,184.44,0.6111867176000096,31.51333333333333,0.2838058365885223,1,6956213.0,30655.0,2098164.0,0.1856,0.1261,179.54,27.44,264578.4804,0.08750574653823064,2.344477322040549,0
GOLDMAN SACHS - PRUDENCIAL,2023-12-01,3806021.0,83277.0,2544934.0,0.1935,0.1011,185.03,1.083587763199989,30.41333333333333,0.298593456259799,1,8387699.0,437252.0,2098164.0,0.1772,0.0921,180.33,29.036666666666665,193240.9044,0.057372626201243955,2.799103760785098,0
GOLDMAN SACHS - PRUDENCIAL,2024-03-01,3210795.0,192262.0,2671174.0,0.2695,0.0928,186.65,1.415491577599992,29.896666666666665,0.2936342465851226,1,7085097.0,165255.0,2419945.0,0.2022,0.1089,182.74,30.19,263532.0105,0.12203294449731684,1.9733180256954115,0
GOLDMAN SACHS - PRUDENCIAL,2024-06-01,3487778.0,15556.0,2671174.0,0.2821,0.1164,189.49,1.053515670799987,29.07333333333333,0.0,0,8264191.0,23680.0,2419945.0,0.1827,0.1028999999999999,184.28,32.02333333333333,249012.34049999976,0.07388128042331348,2.528542947119498,0
GOLDMAN SACHS - PRUDENCIAL,2024-09-01,3394066.0,73168.0,2992663.0,0.302,0.1223,190.99,0.8015076655999875,28.473333333333333,0.0,0,3956488.0,240596.0,2544934.0,0.1871999999999999,0.1159,184.44,31.51333333333333,294957.8506,0.505962301763267,-0.02385033736906996,0
GOLDMAN SACHS - PRUDENCIAL,2024-12-01,4150700.0,596369.0,2992663.0,0.2708,0.0953999999999999,191.11,1.47713535680003,27.96,0.0,0,3806021.0,83277.0,2544934.0,0.1935,0.1011,185.03,30.41333333333333,257292.82739999998,0.4837755882911624,0.06492043890598088,0
GOLDMAN SACHS - PRUDENCIAL,2025-03-01,3930199.0,109467.0,3403088.0,0.2766,0.1532,193.61,2.040339737600028,29.313333333333333,0.0,0,3210795.0,192262.0,2671174.0,0.2695,0.0928,186.65,29.896666666666665,247884.9472,0.5766689685203386,-0.30911393691316713,0
GOLDMAN SACHS - PRUDENCIAL,2025-06-01,3226345.0,64977.0,3403088.0,0.2969,0.1805999999999999,194.33,0.9327766831999762,31.666666666666668,0.0,0,3487778.0,15556.0,2671174.0,0.2821,0.1164,189.49,29.07333333333333,310924.6536,0.5234760429312125,-0.0939732667947095,0
GOLDMAN SACHS - PRUDENCIAL,2025-09-01,5534866.0,33223.0,3445014.0,0.2871,0.1729,,0.6304326271999727,31.94666666666667,0.0,0,3394066.0,73168.0,2992663.0,0.302,0.1223,190.99,28.473333333333333,366002.6849,0.5678077673250327,-0.2729124510863099,0
GRAZZIOTIN FINANCIADORA SA CFI - PRUDENCIAL,2017-03-01,11192.0,0.0,4658.0,1.2955,0.0,164.34,0.9630321349999972,41.17333333333333,0.0018696617255872,0,14480.0,0.0,4607.0,1.1128,0.0,163.26,35.07,0.0,0.7478180403982894,-1.0870087976237557,1
HAITONG - PRUDENCIAL,2017-03-01,2132662.0,8246.0,275679.0,0.1694,0.0516999999999999,164.34,0.9630321349999972,41.17333333333333,0.0236984291546567,0,2225275.0,3899.0,128903.0,0.1637,0.0582,163.26,35.07,7502.1546,0.529812652736471,-0.11939223196114597,0
HAITONG - PRUDENCIAL,2017-06-01,1834050.0,9028.0,275679.0,0.1842,0.0782,165.65,0.2193980018000196,36.63666666666666,0.2556934466563487,1,2417211.0,112768.0,152615.0,0.1456,0.068,163.72,38.303333333333335,10377.820000000002,0.5745300930768676,-0.3003582555393408,0
HAITONG - PRUDENCIAL,2017-09-01,1834328.0,8614.0,231936.0,0.1691,0.0704,166.12,0.5911447296000016,36.16333333333333,0.267055601387359,1,2347358.0,47550.0,306591.0,0.1583999999999999,0.0435,162.92,39.71333333333333,13336.708499999999,0.6258954688114508,-0.5146481206407277,1
HAITONG - PRUDENCIAL,2017-12-01,1406666.0,16588.0,231936.0,0.1705,0.0630999999999999,167.13,1.144261174399985,33.526666666666664,0.2817144118012349,1,2088023.0,25276.0,306591.0,0.1773,0.0796,162.73,40.38,24404.643600000003,0.6334548078702265,-0.547066838685548,1
HAITONG - PRUDENCIAL,2018-03-01,1161610.0,80905.0,222206.0,0.1914999999999999,0.0696,167.98,0.7014778351999817,33.15,0.1750980405906004,1,2132662.0,8246.0,275679.0,0.1694,0.0516999999999999,164.34,41.17333333333333,14252.604299999972,0.6721487165618546,-0.7179195187280415,1
HAITONG - PRUDENCIAL,2018-06-01,1059091.0,12756.0,222206.0,0.1805,0.0533999999999999,167.89,1.8887030879999989,30.82333333333333,0.2253736713413681,1,1834050.0,9028.0,275679.0,0.1842,0.0782,165.65,36.63666666666666,21558.097800000003,0.6126856925465589,-0.45861554035261265,1
HAITONG - PRUDENCIAL,2018-09-01,1316315.0,3570.0,340958.0,0.1851,0.0377,169.35,0.7208535743999933,28.546666666666667,0.2386933108048888,1,1834328.0,8614.0,231936.0,0.1691,0.0704,166.12,36.16333333333333,16328.2944,0.6135196803015425,-0.46213139465732433,1
HAITONG - PRUDENCIAL,2018-12-01,1113513.0,14107.0,340958.0,0.2087999999999999,0.0664,169.09,0.3894135824999978,28.71666666666667,0.060614300399799,0,1406666.0,16588.0,231936.0,0.1705,0.0630999999999999,167.13,33.526666666666664,14635.161599999978,0.635864757366665,-0.5574605504766035,1
HAITONG - PRUDENCIAL,2019-03-01,972725.0,47415.0,317046.0,0.2023,0.067,169.51,1.507011320000018,30.386666666666667,0.0790687661547494,0,1161610.0,80905.0,222206.0,0.1914999999999999,0.0696,167.98,33.15,15465.5376,0.6639364926685404,-0.6808863490151186,1
HAITONG - PRUDENCIAL,2019-06-01,1113005.0,240478.0,317046.0,0.1805999999999999,0.0588,170.58,0.710811074100004,30.69666666666667,0.0631151452992933,0,1059091.0,12756.0,222206.0,0.1805,0.0533999999999999,167.89,30.82333333333333,11865.800399999978,0.6442025583976214,-0.5936516233858276,1
HAITONG - PRUDENCIAL,2019-09-01,1235537.0,242606.0,213562.0,0.1755999999999999,0.0612,170.5,0.2600889164000142,30.59,0.0630542376011191,0,1316315.0,3570.0,340958.0,0.1851,0.0377,169.35,28.546666666666667,12854.1166,0.5944728846074054,-0.38248736407545597,0
HAITONG - PRUDENCIAL,2019-12-01,1242092.0,16582.0,213562.0,0.2098999999999999,0.0663,171.91,1.767530865000011,29.096666666666664,0.0356742404998453,0,1113513.0,14107.0,340958.0,0.2087999999999999,0.0664,169.09,28.71666666666667,22639.6112,0.5959039927056411,-0.3884270762312437,0
HAITONG - PRUDENCIAL,2020-03-01,1438926.0,194390.0,122039.0,0.1914,0.0689,168.09,0.5308473674999981,28.24,0.033273203490247,0,972725.0,47415.0,317046.0,0.2023,0.067,169.51,30.386666666666667,21242.082000000002,0.6500459123466904,-0.61924102674351,1
HAITONG - PRUDENCIAL,2020-06-01,1541951.0,10418.0,122039.0,0.207,0.0652,153.27,-0.4306129372000034,24.44333333333333,0.0297072359912032,0,1113005.0,240478.0,317046.0,0.1805999999999999,0.0588,170.58,30.69666666666667,18642.304799999998,0.6755108146878791,-0.7332169585111497,1
HAITONG - PRUDENCIAL,2020-09-01,1587011.0,11673.0,182767.0,0.1732999999999999,0.0728,165.34,1.2447095295999857,21.71666666666667,0.0223270636352562,0,1235537.0,242606.0,213562.0,0.1755999999999999,0.0612,170.5,30.59,13069.9944,0.6520777101177823,-0.628184591932144,1
HAITONG - PRUDENCIAL,2020-12-01,1642711.0,85764.0,182767.0,0.1641,0.047,171.47,3.131382328999988,20.72,0.0199790939527774,0,1242092.0,16582.0,213562.0,0.2098999999999999,0.0663,171.91,29.096666666666664,14159.1606,0.5954797530839183,-0.3866655986845115,0
HAITONG - PRUDENCIAL,2021-03-01,1816973.0,45472.0,188227.0,0.1712999999999999,0.0418,173.12,2.052492994999988,22.403333333333336,0.0182734628897947,0,1438926.0,194390.0,122039.0,0.1914,0.0689,168.09,28.24,8408.4871,0.5477106756662197,-0.19142511005163548,0
HAITONG - PRUDENCIAL,2021-06-01,1556652.0,51669.0,188227.0,0.2244,0.0613999999999999,172.06,1.6786286369000036,21.46333333333333,0.0165421398732591,0,1541951.0,10418.0,122039.0,0.207,0.0652,153.27,24.44333333333333,7956.942799999999,0.35435852365703163,0.5999351803806392,0
HAITONG - PRUDENCIAL,2021-09-01,1713218.0,16915.0,193390.0,0.1932,0.0592,172.27,3.0196768831999954,21.08666666666667,0.0173787203352463,0,1587011.0,11673.0,182767.0,0.1732999999999999,0.0728,165.34,21.71666666666667,13305.437600000001,0.3668184236894607,0.5458902642980558,0
HAITONG - PRUDENCIAL,2021-12-01,1676157.0,110021.0,193390.0,0.2029,0.0635,174.3,2.958021687500012,22.62,0.0273013963257922,0,1642711.0,85764.0,182767.0,0.1641,0.047,171.47,20.72,8590.049,0.41151525703739633,0.35770490516711184,0
HAITONG - PRUDENCIAL,2022-03-01,1570072.0,10746.0,190408.0,0.2289999999999999,0.0642,175.72,3.2006523548000043,24.72,0.0309397421579221,0,1816973.0,45472.0,188227.0,0.1712999999999999,0.0418,173.12,22.403333333333336,7867.888599999999,0.4279832252377187,0.29008431618818864,0
HAITONG - PRUDENCIAL,2022-06-01,1438137.0,25710.0,190408.0,0.209,0.0605,177.81,2.215266379399994,25.546666666666667,0.026212901092309,0,1556652.0,51669.0,188227.0,0.2244,0.0613999999999999,172.06,21.46333333333333,11557.13779999998,0.41418920971852224,0.34667395640561827,0
HAITONG - PRUDENCIAL,2022-09-01,1490227.0,22241.0,162621.0,0.2044,0.0612,179.54,-1.3245430992000151,27.44,0.0264322274548219,0,1713218.0,16915.0,193390.0,0.1932,0.0592,172.27,21.08666666666667,11448.688,0.38938642651734184,0.449892075060997,0
HAITONG - PRUDENCIAL,2022-12-01,1363499.0,37220.0,162621.0,0.1935,0.0452,180.33,1.6286339977999995,29.036666666666665,0.0260519291766135,0,1676157.0,110021.0,193390.0,0.2029,0.0635,174.3,22.62,12280.265,0.4409482490701638,0.23731452722727805,0
HAITONG - PRUDENCIAL,2023-03-01,1628070.0,6202.0,171108.0,0.146,0.0351,182.74,2.094210609200031,30.19,0.0278616356104523,0,1570072.0,10746.0,190408.0,0.2289999999999999,0.0642,175.72,24.72,12224.193599999999,0.48697231545815883,0.052122535519853276,0
HAITONG - PRUDENCIAL,2023-06-01,1836721.0,9128.0,171108.0,0.134,0.0399,184.28,0.760729877599986,32.02333333333333,0.021986240876041,0,1438137.0,25710.0,190408.0,0.209,0.0605,177.81,25.546666666666667,11519.684,0.5421840042565296,-0.1691380874853227,0
HAITONG - PRUDENCIAL,2023-09-01,1438924.0,3274.0,167995.0,0.1552,0.033,184.44,0.6111867176000096,31.51333333333333,0.0466792054694876,0,1490227.0,22241.0,162621.0,0.2044,0.0612,179.54,27.44,9952.4052,0.5789556241499472,-0.3184875982230732,0
HAITONG - PRUDENCIAL,2023-12-01,1086251.0,8528.0,167995.0,0.1889,0.0327999999999999,185.03,1.083587763199989,30.41333333333333,0.061582709812968,0,1363499.0,37220.0,162621.0,0.1935,0.0452,180.33,29.036666666666665,7350.4692,0.6482189637034425,-0.6112196198747513,1
HAITONG - PRUDENCIAL,2024-03-01,1032957.0,34382.0,118251.0,0.186,0.0305,186.65,1.415491577599992,29.896666666666665,0.0793372521810341,0,1628070.0,6202.0,171108.0,0.146,0.0351,182.74,30.19,6005.8908,0.659456995386995,-0.6608753457955971,1
HAITONG - PRUDENCIAL,2024-06-01,902816.0,991.0,118251.0,0.187,0.027,189.49,1.053515670799987,29.07333333333333,0.1949102025380883,1,1836721.0,9128.0,171108.0,0.134,0.0399,184.28,32.02333333333333,6827.209199999999,0.6701507071472813,-0.7088667610066857,1
HAITONG - PRUDENCIAL,2024-09-01,1024643.0,3462.0,104639.0,0.1754,0.0271,190.99,0.8015076655999875,28.473333333333333,0.1668993630301705,0,1438924.0,3274.0,167995.0,0.1552,0.033,184.44,31.51333333333333,5543.835,0.7132244923353939,-0.9110965200993917,1
HAITONG - PRUDENCIAL,2024-12-01,903798.0,26528.0,104639.0,0.2415,0.0382,191.11,1.47713535680003,27.96,0.1237406198963578,0,1086251.0,8528.0,167995.0,0.1889,0.0327999999999999,185.03,30.41333333333333,5510.235999999983,0.7358919497610149,-1.024724999561173,1
HONDA - PRUDENCIAL,2017-03-01,3744931.0,0.0,254997.0,0.2441,0.1707999999999999,164.34,0.9630321349999972,41.17333333333333,0.0761760484847004,0,3914748.0,0.0,238510.0,0.2476,0.1776,163.26,35.07,42359.376000000004,0.20858862000413625,1.333453921621852,0
HONDA - PRUDENCIAL,2017-06-01,3850337.0,0.0,254997.0,0.2229,0.1572,165.65,0.2193980018000196,36.63666666666666,0.0794675418983814,0,3983590.0,0.0,238510.0,0.2257999999999999,0.1624,163.72,38.303333333333335,38734.024,0.2609430176296465,1.041072965284617,0
HONDA - PRUDENCIAL,2017-09-01,3882104.0,0.0,256882.0,0.2387,0.1676,166.12,0.5911447296000016,36.16333333333333,0.0767703056040855,0,3969586.0,0.0,241612.0,0.2478,0.1772,162.92,39.71333333333333,42813.6464,0.26626811635250786,1.0136399235378273,0
HONDA - PRUDENCIAL,2017-12-01,4371375.0,0.0,256882.0,0.1945,0.1384,167.13,1.144261174399985,33.526666666666664,0.0695525289667887,0,3794181.0,0.0,241612.0,0.2344,0.1659,162.73,40.38,40083.430799999995,0.3065776797234315,0.8161680580372741,0
HONDA - PRUDENCIAL,2018-03-01,4335438.0,0.0,282642.0,0.1941,0.1364,167.98,0.7014778351999817,33.15,0.0676181658367901,0,3744931.0,0.0,254997.0,0.2441,0.1707999999999999,164.34,41.17333333333333,43553.48759999997,0.3300458700575463,0.7079776024428562,0
HONDA - PRUDENCIAL,2018-06-01,4567700.0,0.0,282642.0,0.2441,0.175,167.89,1.8887030879999989,30.82333333333333,0.0666063895234957,0,3850337.0,0.0,254997.0,0.2229,0.1572,165.65,36.63666666666666,40085.5284,0.2652974451045474,1.018614099339369,0
HONDA - PRUDENCIAL,2018-09-01,4856986.0,0.0,293734.0,0.2389,0.1711,169.35,0.7208535743999933,28.546666666666667,0.0640803210225313,0,3882104.0,0.0,256882.0,0.2387,0.1676,166.12,36.16333333333333,43053.4232,0.24781223546129427,1.1103146354695896,0
HONDA - PRUDENCIAL,2018-12-01,4815387.0,0.0,293734.0,0.2303,0.1648,169.09,0.3894135824999978,28.71666666666667,0.0621968492474191,0,4371375.0,0.0,256882.0,0.1945,0.1384,167.13,33.526666666666664,35552.4688,0.19392933879803567,1.424677548058492,0
HONDA - PRUDENCIAL,2019-03-01,4898480.0,0.0,248133.0,0.2357999999999999,0.1654,169.51,1.507011320000018,30.386666666666667,0.0621668402251322,0,4335438.0,0.0,282642.0,0.1941,0.1364,167.98,33.15,38552.3688,0.19854153457149495,1.3954348293687904,0
HONDA - PRUDENCIAL,2019-06-01,5132341.0,0.0,248133.0,0.2189,0.1788,170.58,0.710811074100004,30.69666666666667,0.0599804343679268,0,4567700.0,0.0,282642.0,0.2441,0.175,167.89,30.82333333333333,49462.35,0.13197476848687378,1.8836100264279985,0
HONDA - PRUDENCIAL,2019-09-01,5293315.0,0.0,256932.0,0.2726,0.2229,170.5,0.2600889164000142,30.59,0.0551358680164941,0,4856986.0,0.0,293734.0,0.2389,0.1711,169.35,28.546666666666667,50257.8874,0.10310669895533746,2.1631725399666504,0
HONDA - PRUDENCIAL,2019-12-01,5435589.0,0.0,256932.0,0.246,0.1999,171.91,1.767530865000011,29.096666666666664,0.0538216361104639,0,4815387.0,0.0,293734.0,0.2303,0.1648,169.09,28.71666666666667,48407.3632,0.10871160380835562,2.103969512997131,0
HONDA - PRUDENCIAL,2020-03-01,5804498.0,0.0,273698.0,0.2307999999999999,0.1925,168.09,0.5308473674999981,28.24,0.0567730551053366,0,4898480.0,0.0,248133.0,0.2357999999999999,0.1654,169.51,30.386666666666667,41041.1982,0.11529146445953552,2.0377948569420172,0
HONDA - PRUDENCIAL,2020-06-01,5372733.0,0.0,273698.0,0.2466,0.2032,153.27,-0.4306129372000034,24.44333333333333,0.0769796301489217,0,5132341.0,0.0,248133.0,0.2189,0.1788,170.58,30.69666666666667,44366.1804,0.1030226557368235,2.1640816819674007,0
HONDA - PRUDENCIAL,2020-09-01,4959491.0,0.0,282340.0,0.2837,0.2309,165.34,1.2447095295999857,21.71666666666667,0.0746439409564007,0,5293315.0,0.0,256932.0,0.2726,0.2229,170.5,30.59,57270.142799999994,0.07845156569030468,2.4635738993385257,0
HONDA - PRUDENCIAL,2020-12-01,5091697.0,0.0,282340.0,0.2625,0.2016,171.47,3.131382328999988,20.72,0.0665833928663028,0,5435589.0,0.0,256932.0,0.246,0.1999,171.91,29.096666666666664,51360.7068,0.07450880931421328,2.5194072494150777,0
HONDA - PRUDENCIAL,2021-03-01,4904444.0,0.0,284703.0,0.2785,0.2274,173.12,2.052492994999988,22.403333333333336,0.0644721333258814,0,5804498.0,0.0,273698.0,0.2307999999999999,0.1925,168.09,28.24,52686.865,0.05529455078242705,2.838198820586916,0
HONDA - PRUDENCIAL,2021-06-01,4985277.0,0.0,284703.0,0.2669,0.2186,172.06,1.6786286369000036,21.46333333333333,0.0670830144848032,0,5372733.0,0.0,273698.0,0.2466,0.2032,153.27,24.44333333333333,55615.4336,0.03590936640341001,3.290187144481537,0
HONDA - PRUDENCIAL,2021-09-01,5310776.0,0.0,285993.0,0.2787,0.2291,172.27,3.0196768831999954,21.08666666666667,0.065843240123116,0,4959491.0,0.0,282340.0,0.2837,0.2309,165.34,21.71666666666667,65192.306,0.04303778978992064,3.10168534094375,0
HONDA - PRUDENCIAL,2021-12-01,4930508.0,0.0,285993.0,0.2877,0.2135,174.3,2.958021687500012,22.62,0.0660399676599209,0,5091697.0,0.0,282340.0,0.2625,0.2016,171.47,20.72,56919.744,0.04829657423443235,2.9808928274847193,0
HONDA - PRUDENCIAL,2022-03-01,4664022.0,0.0,287358.0,0.4206,0.2989,175.72,3.2006523548000043,24.72,0.0674722152096445,0,4904444.0,0.0,284703.0,0.2785,0.2274,173.12,22.403333333333336,64741.462199999994,0.056538958310853385,2.8146251446314574,0
HONDA - PRUDENCIAL,2022-06-01,4743893.0,0.0,287358.0,0.3906,0.2769999999999999,177.81,2.215266379399994,25.546666666666667,0.069038338459616,0,4985277.0,0.0,284703.0,0.2669,0.2186,172.06,21.46333333333333,62236.0758,0.051316919834149835,2.9170542724619226,0
HONDA - PRUDENCIAL,2022-09-01,4848330.0,0.0,288156.0,0.4115999999999999,0.2836,179.54,-1.3245430992000151,27.44,0.0644837302620311,0,5310776.0,0.0,285993.0,0.2787,0.2291,172.27,21.08666666666667,65520.9963,0.040291163291776136,3.1704977717153766,0
HONDA - PRUDENCIAL,2022-12-01,5051480.0,0.0,288156.0,0.4163,0.2804,180.33,1.6286339977999995,29.036666666666665,0.068260094314085,0,4930508.0,0.0,285993.0,0.2877,0.2135,174.3,22.62,61059.5055,0.06094651657805145,2.734875733373379,0
HONDA - PRUDENCIAL,2023-03-01,5528346.0,0.0,285926.0,0.3746,0.2597,182.74,2.094210609200031,30.19,0.0741526365265914,0,4664022.0,0.0,287358.0,0.4206,0.2989,175.72,24.72,85891.3062,0.05775961915423845,2.7919705225214155,0
HONDA - PRUDENCIAL,2023-06-01,5804079.0,0.0,285926.0,0.3922,0.2623,184.28,0.760729877599986,32.02333333333333,0.078200087280247,0,4743893.0,0.0,287358.0,0.3906,0.2769999999999999,177.81,25.546666666666667,79598.16599999997,0.06769598706251043,2.6226320528759355,0
HONDA - PRUDENCIAL,2023-09-01,6299248.0,0.0,298773.0,0.3795,0.2563,184.44,0.6111867176000096,31.51333333333333,0.0821428288432535,0,4848330.0,0.0,288156.0,0.4115999999999999,0.2836,179.54,27.44,81721.04160000001,0.0736874992598661,2.531378483370736,0
HONDA - PRUDENCIAL,2023-12-01,6927550.0,0.0,298773.0,0.3634,0.253,185.03,1.083587763199989,30.41333333333333,0.0835113717732386,0,5051480.0,0.0,288156.0,0.4163,0.2804,180.33,29.036666666666665,80798.9424,0.0762342177391488,2.4946481436222387,0
HONDA - PRUDENCIAL,2024-03-01,7498232.0,0.0,445754.0,0.3414,0.2319999999999999,186.65,1.415491577599992,29.896666666666665,0.0827015940233219,0,5528346.0,0.0,285926.0,0.3746,0.2597,182.74,30.19,74254.9822,0.07475160361334823,2.51589157314315,0
HONDA - PRUDENCIAL,2024-06-01,8230104.0,0.0,445754.0,0.3333,0.2364,189.49,1.053515670799987,29.07333333333333,0.083436668170462,0,5804079.0,0.0,285926.0,0.3922,0.2623,184.28,32.02333333333333,74998.38979999999,0.07492256047928475,2.513422399346825,0
HONDA - PRUDENCIAL,2024-09-01,8847513.0,0.0,493330.0,0.3213,0.2314,190.99,0.8015076655999875,28.473333333333333,0.0817246277141817,0,6299248.0,0.0,298773.0,0.3795,0.2563,184.44,31.51333333333333,76575.51989999998,0.05791709337261136,2.789080718757166,0
HONDA - PRUDENCIAL,2024-12-01,9833845.0,0.0,493330.0,0.3038,0.226,191.11,1.47713535680003,27.96,0.0828407261796441,0,6927550.0,0.0,298773.0,0.3634,0.253,185.03,30.41333333333333,75589.569,0.03948471669154779,3.191556216178486,0
HS FINANCEIRA - PRUDENCIAL,2017-03-01,227239.0,0.0,171396.0,0.2019,0.0,164.34,0.9630321349999972,41.17333333333333,0.1073246889661657,0,160129.0,0.0,145928.0,0.2311,0.0,163.26,35.07,0.0,0.8161622087599905,-1.4905593204596386,1
HS FINANCEIRA - PRUDENCIAL,2017-06-01,229070.0,0.0,171396.0,0.1935,0.0,165.65,0.2193980018000196,36.63666666666666,0.1153377426192574,0,172680.0,0.0,145928.0,0.2135999999999999,0.0,163.72,38.303333333333335,0.0,0.8521735039666217,-1.7517508866178146,1
HS FINANCEIRA - PRUDENCIAL,2017-09-01,231685.0,0.0,187400.0,0.1913,0.0,166.12,0.5911447296000016,36.16333333333333,0.1197752469508176,0,183284.0,0.0,157185.0,0.2139,0.0,162.92,39.71333333333333,0.0,0.86239096868264,-1.835292169147203,1
HS FINANCEIRA - PRUDENCIAL,2017-12-01,267469.0,0.0,187400.0,0.1687,0.0,167.13,1.144261174399985,33.526666666666664,0.137656197839932,0,220205.0,0.0,157185.0,0.1967,0.0,162.73,40.38,0.0,0.8665013372429191,-1.8703721906855366,1
HS FINANCEIRA - PRUDENCIAL,2018-03-01,254692.0,0.0,219831.0,0.1676,0.0,167.98,0.7014778351999817,33.15,0.1603162366971656,0,227239.0,0.0,171396.0,0.2019,0.0,164.34,41.17333333333333,0.0,0.8769340942819579,-1.9637118089657914,1
HS FINANCEIRA - PRUDENCIAL,2018-06-01,251158.0,0.0,219831.0,0.1507,0.0,167.89,1.8887030879999989,30.82333333333333,0.2079443541762622,1,229070.0,0.0,171396.0,0.1935,0.0,165.65,36.63666666666666,0.0,0.8389967244166271,-1.6507820916708218,1
HS FINANCEIRA - PRUDENCIAL,2018-09-01,221356.0,0.0,241292.0,0.1483,0.0,169.35,0.7208535743999933,28.546666666666667,0.2445604386837775,1,231685.0,0.0,187400.0,0.1913,0.0,166.12,36.16333333333333,0.0,0.8356802148709496,-1.626431582658309,1
HS FINANCEIRA - PRUDENCIAL,2018-12-01,210447.0,0.0,241292.0,0.2957,0.0,169.09,0.3894135824999978,28.71666666666667,0.2369458366329494,1,267469.0,0.0,187400.0,0.1687,0.0,167.13,33.526666666666664,0.0,0.8085370397520248,-1.4405321195309675,1
HS FINANCEIRA - PRUDENCIAL,2019-03-01,186002.0,0.0,276809.0,0.3045,0.0,169.51,1.507011320000018,30.386666666666667,0.225156041800789,1,254692.0,0.0,219831.0,0.1676,0.0,167.98,33.15,0.0,0.8087251003818203,-1.4417473987228666,1
HS FINANCEIRA - PRUDENCIAL,2019-06-01,184878.0,0.0,276809.0,0.3191,0.0,170.58,0.710811074100004,30.69666666666667,0.2086347725218718,1,251158.0,0.0,219831.0,0.1507,0.0,167.89,30.82333333333333,0.0,0.78115378775151,-1.2724027853681477,1
HS FINANCEIRA - PRUDENCIAL,2019-09-01,166984.0,0.0,294219.0,0.3297,0.0,170.5,0.2600889164000142,30.59,0.241270229203745,1,221356.0,0.0,241292.0,0.1483,0.0,169.35,28.546666666666667,0.0,0.7599051244584031,-1.1521594288498864,1
HS FINANCEIRA - PRUDENCIAL,2019-12-01,170515.0,0.0,294219.0,0.3528,0.0,171.91,1.767530865000011,29.096666666666664,0.2395897276745273,1,210447.0,0.0,241292.0,0.2957,0.0,169.09,28.71666666666667,0.0,0.7475181136907963,-1.0854190281845713,1
HS FINANCEIRA - PRUDENCIAL,2020-03-01,166833.0,0.0,309902.0,0.3522999999999999,0.0,168.09,0.5308473674999981,28.24,0.2841205376963541,1,186002.0,0.0,276809.0,0.3045,0.0,169.51,30.386666666666667,0.0,0.7746298723902494,-1.234641268563745,1
HS FINANCEIRA - PRUDENCIAL,2020-06-01,161315.0,0.0,309902.0,0.3447,0.0,153.27,-0.4306129372000034,24.44333333333333,0.2650618682765039,1,184878.0,0.0,276809.0,0.3191,0.0,170.58,30.69666666666667,0.0,0.7818834510264009,-1.2766761411256038,1
HS FINANCEIRA - PRUDENCIAL,2020-09-01,171700.0,0.0,316460.0,0.3349,0.0,165.34,1.2447095295999857,21.71666666666667,0.2309461440000768,1,166984.0,0.0,294219.0,0.3297,0.0,170.5,30.59,0.0,0.7810868457491296,-1.2720112461078146,1
HS FINANCEIRA - PRUDENCIAL,2020-12-01,193499.0,0.0,316460.0,0.3304999999999999,0.0,171.47,3.131382328999988,20.72,0.1437406408841856,0,170515.0,0.0,294219.0,0.3528,0.0,171.91,29.096666666666664,0.0,0.7643593936291496,-1.1767302986996175,1
HS FINANCEIRA - PRUDENCIAL,2021-03-01,202371.0,0.0,338634.0,0.3283,0.0,173.12,2.052492994999988,22.403333333333336,0.1239069343684219,0,166833.0,0.0,309902.0,0.3522999999999999,0.0,168.09,28.24,0.0,0.7355986610246443,-1.0232164999330162,1
HS FINANCEIRA - PRUDENCIAL,2021-06-01,221552.0,0.0,338634.0,0.3324,0.0,172.06,1.6786286369000036,21.46333333333333,0.1168718623671873,0,161315.0,0.0,309902.0,0.3447,0.0,153.27,24.44333333333333,0.0,0.5952558069520909,-0.38573599511138545,0
HS FINANCEIRA - PRUDENCIAL,2021-09-01,226888.0,0.0,378978.0,0.32,0.0,172.27,3.0196768831999954,21.08666666666667,0.1330789493843711,0,171700.0,0.0,316460.0,0.3349,0.0,165.34,21.71666666666667,0.0,0.6141253978007576,-0.464686686065511,1
HS FINANCEIRA - PRUDENCIAL,2021-12-01,238240.0,0.0,378978.0,0.3387,0.0,174.3,2.958021687500012,22.62,0.133762603248152,0,193499.0,0.0,316460.0,0.3304999999999999,0.0,171.47,20.72,0.0,0.6282487024008786,-0.5247110348845228,1
HS FINANCEIRA - PRUDENCIAL,2022-03-01,232834.0,0.0,433763.0,0.3322,0.0,175.72,3.2006523548000043,24.72,0.1583067346446109,0,202371.0,0.0,338634.0,0.3283,0.0,173.12,22.403333333333336,0.0,0.6661179286710774,-0.6906788738667119,1
HS FINANCEIRA - PRUDENCIAL,2022-06-01,254531.0,0.0,433763.0,0.319,0.0,177.81,2.215266379399994,25.546666666666667,0.1639595547637908,0,221552.0,0.0,338634.0,0.3324,0.0,172.06,21.46333333333333,0.0,0.6411413999291845,-0.5803215857968284,1
HS FINANCEIRA - PRUDENCIAL,2022-09-01,263990.0,0.0,498865.0,0.3002,0.0,179.54,-1.3245430992000151,27.44,0.1750568534316778,1,226888.0,0.0,378978.0,0.32,0.0,172.27,21.08666666666667,0.0,0.6370696077317436,-0.5626678645903779,1
HS FINANCEIRA - PRUDENCIAL,2022-12-01,295454.0,0.0,498865.0,0.3421,0.0,180.33,1.6286339977999995,29.036666666666665,0.1796097842170861,1,238240.0,0.0,378978.0,0.3387,0.0,174.3,22.62,0.0,0.6708730067187462,-0.7121361849196107,1
HS FINANCEIRA - PRUDENCIAL,2023-03-01,310108.0,0.0,580867.0,0.2884,0.0,182.74,2.094210609200031,30.19,0.2012929939006162,1,232834.0,0.0,433763.0,0.3322,0.0,175.72,24.72,0.0,0.7144168854414968,-0.9169335587458709,1
HS FINANCEIRA - PRUDENCIAL,2023-06-01,625789.0,0.0,580867.0,0.4057,0.0,184.28,0.760729877599986,32.02333333333333,0.22118156281187,1,254531.0,0.0,433763.0,0.319,0.0,177.81,25.546666666666667,0.0,0.7359646338949796,-1.0250990087293341,1
HS FINANCEIRA - PRUDENCIAL,2023-09-01,717675.0,0.0,674120.0,0.3922,0.0,184.44,0.6111867176000096,31.51333333333333,0.2117189774029589,1,263990.0,0.0,498865.0,0.3002,0.0,179.54,27.44,0.0,0.772130264109508,-1.2203791393773207,1
HS FINANCEIRA - PRUDENCIAL,2023-12-01,731172.0,0.0,674120.0,0.3461999999999999,0.0,185.03,1.083587763199989,30.41333333333333,0.1624717952226425,0,295454.0,0.0,498865.0,0.3421,0.0,180.33,29.036666666666665,0.0,0.7893881299758161,-1.3212411648740783,1
HS FINANCEIRA - PRUDENCIAL,2024-03-01,818001.0,0.0,773801.0,0.3329999999999999,0.0,186.65,1.415491577599992,29.896666666666665,0.149746978909533,0,310108.0,0.0,580867.0,0.2884,0.0,182.74,30.19,0.0,0.8165326224175842,-1.493029992190974,1
HS FINANCEIRA - PRUDENCIAL,2024-06-01,920323.0,0.0,773801.0,0.3399,0.0,189.49,1.053515670799987,29.07333333333333,0.1477594219201874,0,625789.0,0.0,580867.0,0.4057,0.0,184.28,32.02333333333333,0.0,0.806773807428195,-1.4291818553641242,1
HS FINANCEIRA - PRUDENCIAL,2024-09-01,949522.0,0.0,872858.0,0.2873,0.0,190.99,0.8015076655999875,28.473333333333333,0.1477867665977294,0,717675.0,0.0,674120.0,0.3922,0.0,184.44,31.51333333333333,0.0,0.7949906537752155,-1.3552747884002865,1
HS FINANCEIRA - PRUDENCIAL,2024-12-01,1031635.0,0.0,872858.0,0.2994,0.0,191.11,1.47713535680003,27.96,0.1396760590593827,0,731172.0,0.0,674120.0,0.3461999999999999,0.0,185.03,30.41333333333333,0.0,0.786226023202395,-1.3023250382712093,1
INDUSTRIAL DO BRASIL - PRUDENCIAL,2017-03-01,2562969.0,83359.0,250151.0,0.1644999999999999,0.168,164.34,0.9630321349999972,41.17333333333333,0.0116548291568784,0,2336327.0,55645.0,252093.0,0.1687999999999999,0.1737,163.26,35.07,43788.5541,0.41297180483390816,0.3516935300325437,0
INDUSTRIAL DO BRASIL - PRUDENCIAL,2017-06-01,2562065.0,165651.0,250151.0,0.1563,0.1586,165.65,0.2193980018000196,36.63666666666666,0.0162673117477413,0,2698185.0,21030.0,252093.0,0.1553,0.1607,163.72,38.303333333333335,40511.345100000006,0.4363609500808571,0.25594429637248894,0
INDUSTRIAL DO BRASIL - PRUDENCIAL,2017-09-01,2414590.0,105754.0,254137.0,0.1678,0.1577,166.12,0.5911447296000016,36.16333333333333,0.0155854281701059,0,2517872.0,60087.0,244576.0,0.1659,0.174,162.92,39.71333333333333,42556.223999999995,0.4733202920863465,0.1068202894801876,0
INDUSTRIAL DO BRASIL - PRUDENCIAL,2017-12-01,2646966.0,103791.0,254137.0,0.1572,0.1597,167.13,1.144261174399985,33.526666666666664,0.0168354721259361,0,2758272.0,12948.0,244576.0,0.1572,0.1625,162.73,40.38,39743.6,0.4576516455361764,0.1698002201348642,0
INDUSTRIAL DO BRASIL - PRUDENCIAL,2018-03-01,2544883.0,176578.0,276460.0,0.1593,0.1543999999999999,167.98,0.7014778351999817,33.15,0.0141245117742074,0,2562969.0,83359.0,250151.0,0.1644999999999999,0.168,164.34,41.17333333333333,42025.368,0.5131846525513863,-0.05275083886196276,0
INDUSTRIAL DO BRASIL - PRUDENCIAL,2018-06-01,2670377.0,50855.0,276460.0,0.1686,0.1442,167.89,1.8887030879999989,30.82333333333333,0.0161693581140093,0,2562065.0,165651.0,250151.0,0.1563,0.1586,165.65,36.63666666666666,39673.948599999996,0.45546054136213177,0.1786313217242484,0
INDUSTRIAL DO BRASIL - PRUDENCIAL,2018-09-01,2665324.0,79380.0,272395.0,0.1664,0.1479,169.35,0.7208535743999933,28.546666666666667,0.0177539782184877,0,2414590.0,105754.0,254137.0,0.1678,0.1577,166.12,36.16333333333333,40077.4049,0.4618450530541599,0.1529170725288994,0
INDUSTRIAL DO BRASIL - PRUDENCIAL,2018-12-01,2909845.0,271131.0,272395.0,0.1477,0.1493,169.09,0.3894135824999978,28.71666666666667,0.0162532902171153,0,2646966.0,103791.0,254137.0,0.1572,0.1597,167.13,33.526666666666664,40585.6789,0.38582836071548476,0.4648818228390046,0
INDUSTRIAL DO BRASIL - PRUDENCIAL,2019-03-01,2963784.0,82734.0,303292.0,0.1546,0.1517,169.51,1.507011320000018,30.386666666666667,0.0150860257436492,0,2544883.0,176578.0,276460.0,0.1593,0.1543999999999999,167.98,33.15,42685.42399999997,0.4135956760205056,0.3491206558433988,0
INDUSTRIAL DO BRASIL - PRUDENCIAL,2019-06-01,2812325.0,78208.0,303292.0,0.1626,0.1311999999999999,170.58,0.710811074100004,30.69666666666667,0.0222033693740724,0,2670377.0,50855.0,276460.0,0.1686,0.1442,167.89,30.82333333333333,39865.532,0.3472689430794083,0.6310656550398296,0
INDUSTRIAL DO BRASIL - PRUDENCIAL,2019-09-01,2823857.0,17231.0,319743.0,0.1663,0.1435,170.5,0.2600889164000142,30.59,0.020392773910262,0,2665324.0,79380.0,272395.0,0.1664,0.1479,169.35,28.546666666666667,40287.2205,0.31694898893818285,0.7678287009427276,0
INDUSTRIAL DO BRASIL - PRUDENCIAL,2019-12-01,2958531.0,301253.0,319743.0,0.151,0.147,171.91,1.767530865000011,29.096666666666664,0.0212908749787306,0,2909845.0,271131.0,272395.0,0.1477,0.1493,169.09,28.71666666666667,40668.5735,0.31131186899352004,0.7939933247293774,0
INDUSTRIAL DO BRASIL - PRUDENCIAL,2020-03-01,3185320.0,623030.0,330348.0,0.1316,0.1387,168.09,0.5308473674999981,28.24,0.01800002193475,0,2963784.0,82734.0,303292.0,0.1546,0.1517,169.51,30.386666666666667,46009.3964,0.31319057815538764,0.7852449663977334,0
INDUSTRIAL DO BRASIL - PRUDENCIAL,2020-06-01,3212998.0,13673.0,330348.0,0.1568999999999999,0.1365,153.27,-0.4306129372000034,24.44333333333333,0.0182054042448886,0,2812325.0,78208.0,303292.0,0.1626,0.1311999999999999,170.58,30.69666666666667,39791.91039999997,0.35923021623804,0.5787067870488716,0
INDUSTRIAL DO BRASIL - PRUDENCIAL,2020-09-01,3764207.0,12226.0,352947.0,0.1378,0.1277,165.34,1.2447095295999857,21.71666666666667,0.0130365103149372,0,2823857.0,17231.0,319743.0,0.1663,0.1435,170.5,30.59,45883.1205,0.3385052381164312,0.6699624984042457,0
INDUSTRIAL DO BRASIL - PRUDENCIAL,2020-12-01,4222608.0,8191.0,352947.0,0.1268,0.1138,171.47,3.131382328999988,20.72,0.014385449489822,0,2958531.0,301253.0,319743.0,0.151,0.147,171.91,29.096666666666664,47002.221,0.33548656053208215,0.6834732054493622,0
INDUSTRIAL DO BRASIL - PRUDENCIAL,2021-03-01,3818981.0,23203.0,390274.0,0.1423,0.1048,173.12,2.052492994999988,22.403333333333336,0.0125802442798019,0,3185320.0,623030.0,330348.0,0.1316,0.1387,168.09,28.24,45819.2676,0.31992037122333833,0.7541377677026274,0
INDUSTRIAL DO BRASIL - PRUDENCIAL,2021-06-01,4265933.0,35351.0,390274.0,0.1304,0.1105,172.06,1.6786286369000036,21.46333333333333,0.0112238057115961,0,3212998.0,13673.0,330348.0,0.1568999999999999,0.1365,153.27,24.44333333333333,45092.502,0.1496204410764234,1.737581095425158,0
INDUSTRIAL DO BRASIL - PRUDENCIAL,2021-09-01,3936196.0,40727.0,433385.0,0.1387,0.1082,172.27,3.0196768831999954,21.08666666666667,0.0089755209479597,0,3764207.0,12226.0,352947.0,0.1378,0.1277,165.34,21.71666666666667,45071.331900000005,0.12807914933625567,1.9180502253096552,0
INDUSTRIAL DO BRASIL - PRUDENCIAL,2021-12-01,4135234.0,44677.0,433385.0,0.1354,0.1018,174.3,2.958021687500012,22.62,0.0066497752125994,0,4222608.0,8191.0,352947.0,0.1268,0.1138,171.47,20.72,40165.3686,0.11400006680802714,2.0505178408842015,0
INDUSTRIAL DO BRASIL - PRUDENCIAL,2022-03-01,4033637.0,78742.0,420036.0,0.1419,0.1101,175.72,3.2006523548000043,24.72,0.0094763924262195,0,3818981.0,23203.0,390274.0,0.1423,0.1048,173.12,22.403333333333336,40900.7152,0.16647227275696916,1.6108382022312804,0
INDUSTRIAL DO BRASIL - PRUDENCIAL,2022-06-01,4361222.0,214929.0,420036.0,0.1315,0.1076,177.81,2.215266379399994,25.546666666666667,0.0086127342630013,0,4265933.0,35351.0,390274.0,0.1304,0.1105,172.06,21.46333333333333,43125.277,0.1226308515727466,1.9677491897386146,0
INDUSTRIAL DO BRASIL - PRUDENCIAL,2022-09-01,4598565.0,100567.0,450731.0,0.1288,0.105,179.54,-1.3245430992000151,27.44,0.0083775918692888,0,3936196.0,40727.0,433385.0,0.1387,0.1082,172.27,21.08666666666667,46892.257000000005,0.14354490167987288,1.786154001947054,0
INDUSTRIAL DO BRASIL - PRUDENCIAL,2022-12-01,4523967.0,34396.0,450731.0,0.1358,0.1084,180.33,1.6286339977999995,29.036666666666665,0.0134469886862913,0,4135234.0,44677.0,433385.0,0.1354,0.1018,174.3,22.62,44118.593,0.1537246073388347,1.705682092466163,0
INDUSTRIAL DO BRASIL - PRUDENCIAL,2023-03-01,4693550.0,25734.0,499104.0,0.1323,0.1153999999999999,182.74,2.094210609200031,30.19,0.009381858643284,0,4033637.0,78742.0,420036.0,0.1419,0.1101,175.72,24.72,46245.9636,0.1864929828454693,1.4729609397436774,0
INDUSTRIAL DO BRASIL - PRUDENCIAL,2023-06-01,4789656.0,48316.0,499104.0,0.1317,0.1139,184.28,0.760729877599986,32.02333333333333,0.0114813760178107,0,4361222.0,214929.0,420036.0,0.1315,0.1076,177.81,25.546666666666667,45195.8736,0.18869359251547813,1.4585213014271525,0
INDUSTRIAL DO BRASIL - PRUDENCIAL,2023-09-01,4885851.0,49128.0,528297.0,0.1281,0.1099,184.44,0.6111867176000096,31.51333333333333,0.0167438736272492,0,4598565.0,100567.0,450731.0,0.1288,0.105,179.54,27.44,47326.755,0.19070260114460522,1.4454513100572821,0
INDUSTRIAL DO BRASIL - PRUDENCIAL,2023-12-01,5016751.0,223956.0,528297.0,0.1268999999999999,0.1115,185.03,1.083587763199989,30.41333333333333,0.0161932674400896,0,4523967.0,34396.0,450731.0,0.1358,0.1084,180.33,29.036666666666665,48859.240399999995,0.2120771624557402,1.3124499809945547,0
INDUSTRIAL DO BRASIL - PRUDENCIAL,2024-03-01,4763971.0,99020.0,575914.0,0.1366,0.12,186.65,1.415491577599992,29.896666666666665,0.0215569922787124,0,4693550.0,25734.0,499104.0,0.1323,0.1153999999999999,182.74,30.19,57596.60159999995,0.21864006498410185,1.2736090692598525,0
INDUSTRIAL DO BRASIL - PRUDENCIAL,2024-06-01,5343078.0,100444.0,575914.0,0.1259,0.104,189.49,1.053515670799987,29.07333333333333,0.0189419349293469,0,4789656.0,48316.0,499104.0,0.1317,0.1139,184.28,32.02333333333333,56847.9456,0.24356401240831796,1.133238120637687,0
INDUSTRIAL DO BRASIL - PRUDENCIAL,2024-09-01,4883573.0,20876.0,607628.0,0.1381,0.1094999999999999,190.99,0.8015076655999875,28.473333333333333,0.018909889406283,0,4885851.0,49128.0,528297.0,0.1281,0.1099,184.44,31.51333333333333,58059.840299999996,0.23189005298094842,1.1976695334416743,0
INDUSTRIAL DO BRASIL - PRUDENCIAL,2024-12-01,5170130.0,94569.0,607628.0,0.1306,0.1096,191.11,1.47713535680003,27.96,0.0247378727145119,0,5016751.0,223956.0,528297.0,0.1268999999999999,0.1115,185.03,30.41333333333333,58905.1155,0.2218219044926306,1.2550805847470605,0
INDUSVAL - PRUDENCIAL,2017-03-01,2031190.0,1109.0,169785.0,0.1086999999999999,0.0617999999999999,164.34,0.9630321349999972,41.17333333333333,0.0712629811656144,0,2317067.0,57181.0,104568.0,0.153,0.1051,163.26,35.07,10990.0968,0.473938314691199,0.10434130305797727,0
INDUSVAL - PRUDENCIAL,2017-06-01,1774078.0,3566.0,169785.0,0.0919,0.0516,165.65,0.2193980018000196,36.63666666666666,0.0517253773703898,0,2408154.0,14463.0,104568.0,0.136,0.095,163.72,38.303333333333335,9933.960000000001,0.5332931603631923,-0.1333699840233009,0
INDUSVAL - PRUDENCIAL,2017-09-01,1602431.0,3501.0,160360.0,0.0572,0.0313,166.12,0.5911447296000016,36.16333333333333,0.1709190665426947,1,2332455.0,1428.0,188517.0,0.1225,0.0876,162.92,39.71333333333333,16514.0892,0.5790559011710499,-0.3188989774789922,0
INDUSVAL - PRUDENCIAL,2017-12-01,1534930.0,9397.0,160360.0,-0.0002,-0.0001,167.13,1.144261174399985,33.526666666666664,0.1738550369724346,1,2314532.0,7556.0,188517.0,0.1123,0.0721,162.73,40.38,13592.0757,0.6101031364479269,-0.44774576704386065,1
INDUSVAL - PRUDENCIAL,2018-03-01,1342340.0,1486.0,165076.0,-0.0686,-0.0378,167.98,0.7014778351999817,33.15,0.1747441569206858,1,2031190.0,1109.0,169785.0,0.1086999999999999,0.0617999999999999,164.34,41.17333333333333,10492.712999999983,0.6777537475954524,-0.7434680052334064,1
INDUSVAL - PRUDENCIAL,2018-06-01,1144930.0,6232.0,165076.0,-0.1247,-0.0665,167.89,1.8887030879999989,30.82333333333333,0.2176292998621659,1,1774078.0,3566.0,169785.0,0.0919,0.0516,165.65,36.63666666666666,8760.906,0.6512006112394756,-0.624320813410215,1
INDUSVAL - PRUDENCIAL,2018-09-01,1084367.0,6017.0,193829.0,-0.1677,-0.085,169.35,0.7208535743999933,28.546666666666667,0.092404954046488,0,1602431.0,3501.0,160360.0,0.0572,0.0313,166.12,36.16333333333333,5019.268,0.6894091247814551,-0.7973583571389252,1
INDUSVAL - PRUDENCIAL,2018-12-01,900572.0,3945.0,193829.0,-0.1042,-0.0489,169.09,0.3894135824999978,28.71666666666667,0.1503570094389481,0,1534930.0,9397.0,160360.0,-0.0002,-0.0001,167.13,33.526666666666664,-16.036,0.6946788462517155,-0.8220854609761051,1
INDUSVAL - PRUDENCIAL,2019-03-01,842609.0,8705.0,249272.0,-0.1375,-0.0718,169.51,1.507011320000018,30.386666666666667,0.1657010894771378,0,1342340.0,1486.0,165076.0,-0.0686,-0.0378,167.98,33.15,-6239.8728,0.7524010823799113,-1.1114593662767773,1
INDUSVAL - PRUDENCIAL,2019-06-01,837799.0,5099.0,249272.0,0.0942,0.0458999999999999,170.58,0.710811074100004,30.69666666666667,0.0802894775257992,0,1144930.0,6232.0,165076.0,-0.1247,-0.0665,167.89,30.82333333333333,-10977.554,0.7674517447430588,-1.1939778507715637,1
INDUSVAL - PRUDENCIAL,2019-09-01,857278.0,4384.0,186172.0,0.0197,0.0098,170.5,0.2600889164000142,30.59,0.0613762133839395,0,1084367.0,6017.0,193829.0,-0.1677,-0.085,169.35,28.546666666666667,-16475.465,0.7657733433624504,-1.184596964474938,1
INDUSVAL - PRUDENCIAL,2019-12-01,1203579.0,120444.0,186172.0,0.0867,0.0527,171.91,1.767530865000011,29.096666666666664,0.0685039001563206,0,900572.0,3945.0,193829.0,-0.1042,-0.0489,169.09,28.71666666666667,-9478.2381,0.7525067871136542,-1.1120268566471374,1
INDUSVAL - PRUDENCIAL,2020-03-01,1377176.0,8058.0,144798.0,0.0684999999999999,0.0361,168.09,0.5308473674999981,28.24,0.0774744155590962,0,842609.0,8705.0,249272.0,-0.1375,-0.0718,169.51,30.386666666666667,-17897.729600000002,0.8007791228775505,-1.39117101233606,1
INDUSVAL - PRUDENCIAL,2020-06-01,1418454.0,3177.0,144798.0,0.1082,0.0507,153.27,-0.4306129372000034,24.44333333333333,0.0414387916021921,0,837799.0,5099.0,249272.0,0.0942,0.0458999999999999,170.58,30.69666666666667,11441.584799999975,0.7005668355055819,-0.8499985363291791,1
INDUSVAL - PRUDENCIAL,2020-09-01,1440838.0,6470.0,109038.0,0.0791999999999999,0.0431,165.34,1.2447095295999857,21.71666666666667,0.0431359732260058,0,857278.0,4384.0,186172.0,0.0197,0.0098,170.5,30.59,1824.4856,0.7323324433111462,-1.0064888176311377,1
ING - PRUDENCIAL,2017-03-01,2457000.0,13868.0,280428.0,0.2302,0.0926,164.34,0.9630321349999972,41.17333333333333,0.096607188586994,0,2628838.0,30963.0,248278.0,0.2263,0.1018,163.26,35.07,25274.7004,0.4311408958212395,0.2771978424269721,0
ING - PRUDENCIAL,2017-06-01,2023858.0,18002.0,280428.0,0.2811,0.1477,165.65,0.2193980018000196,36.63666666666666,0.115862448361826,0,2787370.0,42257.0,248278.0,0.2191,0.0977,163.72,38.303333333333335,24256.760599999998,0.4796083069892552,0.08161204033791339,0
ING - PRUDENCIAL,2017-09-01,2421796.0,57216.0,287576.0,0.2046,0.1175,166.12,0.5911447296000016,36.16333333333333,0.1471755875993053,0,2336841.0,54886.0,246614.0,0.2263,0.105,162.92,39.71333333333333,25894.469999999998,0.5582912291786122,-0.23422996672457366,0
ING - PRUDENCIAL,2017-12-01,2715871.0,21521.0,287576.0,0.2144,0.1159999999999999,167.13,1.144261174399985,33.526666666666664,0.1479136282006021,0,2312022.0,4201.0,246614.0,0.2261,0.0866,162.73,40.38,21356.772399999998,0.5845296217911667,-0.34139613840507144,0
ING - PRUDENCIAL,2018-03-01,2433519.0,8813.0,286798.0,0.2496,0.1245,167.98,0.7014778351999817,33.15,0.0298408110647328,0,2457000.0,13868.0,280428.0,0.2302,0.0926,164.34,41.17333333333333,25967.6328,0.585936191138769,-0.34719080493199667,0
ING - PRUDENCIAL,2018-06-01,3209615.0,45528.0,286798.0,0.1712999999999999,0.0591,167.89,1.8887030879999989,30.82333333333333,0.0266670755262027,0,2023858.0,18002.0,280428.0,0.2811,0.1477,165.65,36.63666666666666,41419.215599999996,0.5087211564535493,-0.03488816395622821,0
ING - PRUDENCIAL,2018-09-01,3195591.0,38865.0,285909.0,0.1934,0.0626999999999999,169.35,0.7208535743999933,28.546666666666667,0.0216847752561381,0,2421796.0,57216.0,287576.0,0.2046,0.1175,166.12,36.16333333333333,33790.18,0.4918616549282995,0.032556255736638125,0
ING - PRUDENCIAL,2018-12-01,3155438.0,41242.0,285909.0,0.1827,0.0904,169.09,0.3894135824999978,28.71666666666667,0.0222260953756605,0,2715871.0,21521.0,287576.0,0.2144,0.1159999999999999,167.13,33.526666666666664,33358.81599999997,0.40271472456719654,0.3941664159272056,0
ING - PRUDENCIAL,2019-03-01,3620583.0,68599.0,312265.0,0.1611,0.0741,169.51,1.507011320000018,30.386666666666667,0.0222299177755425,0,2433519.0,8813.0,286798.0,0.2496,0.1245,167.98,33.15,35706.351,0.42490480219091525,0.302670439685642,0
ING - PRUDENCIAL,2019-06-01,3373303.0,91112.0,312265.0,0.1639,0.0833,170.58,0.710811074100004,30.69666666666667,0.0186228997228953,0,3209615.0,45528.0,286798.0,0.1712999999999999,0.0591,167.89,30.82333333333333,16949.7618,0.35318287610153976,0.6050776169079476,0
ING - PRUDENCIAL,2019-09-01,4218236.0,7753.0,352515.0,0.1382,0.0667,170.5,0.2600889164000142,30.59,0.0204415389887186,0,3195591.0,38865.0,285909.0,0.1934,0.0626999999999999,169.35,28.546666666666667,17926.49429999997,0.31726142662749673,0.7663859004951104,0
ING - PRUDENCIAL,2019-12-01,3397061.0,51204.0,352515.0,0.1885,0.0663,171.91,1.767530865000011,29.096666666666664,0.0206399558993635,0,3155438.0,41242.0,285909.0,0.1827,0.0904,169.09,28.71666666666667,25846.1736,0.3020982941420563,0.8373258287259396,0
ING - PRUDENCIAL,2020-03-01,5585881.0,53557.0,362604.0,0.1329,0.0212,168.09,0.5308473674999981,28.24,0.0550200537904657,0,3620583.0,68599.0,312265.0,0.1611,0.0741,169.51,30.386666666666667,23138.8365,0.2960961304497665,0.8659576314098183,0
ING - PRUDENCIAL,2020-06-01,4659084.0,2592.0,362604.0,0.1458,0.0203,153.27,-0.4306129372000034,24.44333333333333,0.0516078940827614,0,3373303.0,91112.0,312265.0,0.1639,0.0833,170.58,30.69666666666667,26011.6745,0.33128714508579366,0.7023692456419011,0
ING - PRUDENCIAL,2020-09-01,4383039.0,4192030.0,355497.0,0.0904,0.0187,165.34,1.2447095295999857,21.71666666666667,0.0538501607677682,0,4218236.0,7753.0,352515.0,0.1382,0.0667,170.5,30.59,23512.7505,0.2412726398748265,1.14571492381831,0
ING - PRUDENCIAL,2020-12-01,3273115.0,1124.0,355497.0,0.1803,0.026,171.47,3.131382328999988,20.72,0.0550416136716525,0,3397061.0,51204.0,352515.0,0.1885,0.0663,171.91,29.096666666666664,23371.7445,0.3170528780273813,0.76734886885126,0
ING - PRUDENCIAL,2021-03-01,3071420.0,9616.0,413462.0,0.1967,0.0409999999999999,173.12,2.052492994999988,22.403333333333336,0.065033761582017,0,5585881.0,53557.0,362604.0,0.1329,0.0212,168.09,28.24,7687.2048,0.12393233762453114,1.9557075758645293,0
ING - PRUDENCIAL,2021-06-01,1758343.0,2046.0,413462.0,0.3102,0.089,172.06,1.6786286369000036,21.46333333333333,0.1185630125964796,0,4659084.0,2592.0,362604.0,0.1458,0.0203,153.27,24.44333333333333,7360.861199999999,0.10822925267449557,2.1089574026270563,0
ING - PRUDENCIAL,2021-09-01,1341657.0,1359.0,403880.0,0.4238,0.1817,172.27,3.0196768831999954,21.08666666666667,0.3777248567452198,1,4383039.0,4192030.0,355497.0,0.0904,0.0187,165.34,21.71666666666667,6647.793900000001,0.5855417947768027,-0.3455654255987491,0
ING - PRUDENCIAL,2021-12-01,977602.0,42722.0,403880.0,0.5496,0.2922,174.3,2.958021687500012,22.62,0.1256723760361774,0,3273115.0,1124.0,355497.0,0.1803,0.026,171.47,20.72,9242.922,0.22772133802420277,1.2212227663233715,0
INTER - PRUDENCIAL,2018-12-01,2515667.0,29475.0,508676.0,0.2987,0.1542,169.09,0.3894135824999978,28.71666666666667,0.0284311084902969,0,1785106.0,48320.0,345292.0,0.1717,0.1056,167.13,33.526666666666664,36462.8352,0.5558564329391351,-0.22436218714186415,0
INTER - PRUDENCIAL,2019-03-01,2782764.0,62179.0,635930.0,0.2567,0.14,169.51,1.507011320000018,30.386666666666667,0.0306853167586745,0,1958721.0,40974.0,457097.0,0.154,0.0975999999999999,167.98,33.15,44612.66719999995,0.5461703694608306,-0.18520909434931093,0
INTER - PRUDENCIAL,2019-06-01,3108867.0,64814.0,635930.0,0.2359,0.1214,170.58,0.710811074100004,30.69666666666667,0.0307076695554171,0,2207108.0,28687.0,457097.0,0.3397,0.1973,167.89,30.82333333333333,90185.2381,0.35662229922765676,0.5900547195780149,0
INTER - PRUDENCIAL,2019-09-01,3638002.0,153403.0,720179.0,0.4341,0.2069,170.5,0.2600889164000142,30.59,0.0315693224945778,0,2335245.0,31437.0,508676.0,0.3115,0.1780999999999999,169.35,28.546666666666667,90595.19559999995,0.3330893860146858,0.6942451446381034,0
INTER - PRUDENCIAL,2019-12-01,4229944.0,193103.0,720179.0,0.3849,0.1931,171.91,1.767530865000011,29.096666666666664,0.0346306857230508,0,2515667.0,29475.0,508676.0,0.2987,0.1542,169.09,28.71666666666667,78437.8392,0.3312829201780901,0.7023883166814617,0
INTER - PRUDENCIAL,2020-03-01,5143967.0,156343.0,862331.0,0.2919,0.181,168.09,0.5308473674999981,28.24,0.0346450683103441,0,2782764.0,62179.0,635930.0,0.2567,0.14,169.51,30.386666666666667,89030.20000000001,0.35914887738077317,0.579060169347418,0
INTER - PRUDENCIAL,2020-06-01,5749633.0,69819.0,862331.0,0.2726,0.15,153.27,-0.4306129372000034,24.44333333333333,0.0363012370933766,0,3108867.0,64814.0,635930.0,0.2359,0.1214,170.58,30.69666666666667,77201.902,0.34451874455573006,0.6432212072585075,0
INTER - PRUDENCIAL,2020-09-01,6800650.0,36471.0,1102047.0,0.3621999999999999,0.1751,165.34,1.2447095295999857,21.71666666666667,0.0303900899652207,0,3638002.0,153403.0,720179.0,0.4341,0.2069,170.5,30.59,149005.0351,0.2258493041528698,1.2318985711633763,0
INTER - PRUDENCIAL,2020-12-01,8064315.0,64088.0,1102047.0,0.3182999999999999,0.1489,171.47,3.131382328999988,20.72,0.0230869841020907,0,4229944.0,193103.0,720179.0,0.3849,0.1931,171.91,29.096666666666664,139066.5649,0.17385472985346515,1.558550565422919,0
INTER - PRUDENCIAL,2021-03-01,9477754.0,48792.0,1140877.0,0.2414,0.1225,173.12,2.052492994999988,22.403333333333336,0.0255779909347192,0,5143967.0,156343.0,862331.0,0.2919,0.181,168.09,28.24,156081.911,0.10939029131035218,2.0969841530594646,0
INTER - PRUDENCIAL,2021-06-01,11657733.0,6216.0,1140877.0,0.1963,0.1251,172.06,1.6786286369000036,21.46333333333333,0.0263086301603594,0,5749633.0,69819.0,862331.0,0.2726,0.15,153.27,24.44333333333333,129349.65,0.0457703298619581,3.037268325371856,0
INTER - PRUDENCIAL,2021-09-01,14128834.0,5009.0,1431287.0,0.4974,0.226,172.27,3.0196768831999954,21.08666666666667,0.026513177579169,0,6800650.0,36471.0,1102047.0,0.3621999999999999,0.1751,165.34,21.71666666666667,192968.4297,0.027353843516121024,3.5711633039982273,0
INTER - PRUDENCIAL,2021-12-01,16198394.0,15811.0,1431287.0,0.4431,0.2089,174.3,2.958021687500012,22.62,0.026658961592548,0,8064315.0,64088.0,1102047.0,0.3182999999999999,0.1489,171.47,20.72,164094.7983,0.015970955378421126,4.120883629852487,0
INTER - PRUDENCIAL,2022-03-01,17444892.0,46044.0,1937597.0,0.3568,0.1776,175.72,3.2006523548000043,24.72,0.0317693183831186,0,9477754.0,48792.0,1140877.0,0.2414,0.1225,173.12,22.403333333333336,139757.4325,0.009494980433637987,4.647451650375834,0
INTER - PRUDENCIAL,2022-06-01,19141329.0,44026.0,1937597.0,0.3289,0.1718,177.81,2.215266379399994,25.546666666666667,0.0385367039502376,0,11657733.0,6216.0,1140877.0,0.1963,0.1251,172.06,21.46333333333333,142723.71269999997,0.002535709618730236,5.9747428227432815,0
INTER - PRUDENCIAL,2022-09-01,20914329.0,76821.0,2506066.0,0.2979,0.1616,179.54,-1.3245430992000151,27.44,0.0443257603862312,0,14128834.0,5009.0,1431287.0,0.4974,0.226,172.27,21.08666666666667,323470.862,0.0005079389695459644,7.5846411883778755,0
INTER - PRUDENCIAL,2022-12-01,21563629.0,15119.0,2506066.0,0.2409,0.1232,180.33,1.6286339977999995,29.036666666666665,0.0465300527993775,0,16198394.0,15811.0,1431287.0,0.4431,0.2089,174.3,22.62,298995.8543,0.00019814603061292347,8.52630810519791,0
INTER - PRUDENCIAL,2023-03-01,21964715.0,42704.0,3163982.0,0.23,0.1171,182.74,2.094210609200031,30.19,0.056321661376418,0,17444892.0,46044.0,1937597.0,0.3568,0.1776,175.72,24.72,344117.2272,0.00016716702875881677,8.696349892275295,0
INTER - PRUDENCIAL,2023-06-01,22597089.0,35862.0,3163982.0,0.2282,0.1253999999999999,184.28,0.760729877599986,32.02333333333333,0.0642517632892801,0,19141329.0,44026.0,1937597.0,0.3289,0.1718,177.81,25.546666666666667,332879.1646,7.314442179192073e-05,9.523001543525494,0
INTER - PRUDENCIAL,2023-09-01,20745143.0,166995.0,4035634.0,0.2373999999999999,0.1285,184.44,0.6111867176000096,31.51333333333333,0.0789245274688596,0,20914329.0,76821.0,2506066.0,0.2979,0.1616,179.54,27.44,404980.2656,4.287149313214481e-05,10.057260576347522,0
INTER - PRUDENCIAL,2023-12-01,22367940.0,85425.0,4035634.0,0.2294999999999999,0.1241,185.03,1.083587763199989,30.41333333333333,0.0780799283634615,0,21563629.0,15119.0,2506066.0,0.2409,0.1232,180.33,29.036666666666665,308747.3312,3.278030989474459e-05,10.325649750171097,0
INTER - PRUDENCIAL,2024-03-01,23115891.0,85249.0,4995479.0,0.2028,0.1171,186.65,1.415491577599992,29.896666666666665,0.0809825936965537,0,21964715.0,42704.0,3163982.0,0.23,0.1171,182.74,30.19,370502.29219999997,3.79951372357483e-05,10.178014378147667,0
INTER - PRUDENCIAL,2024-06-01,24972743.0,172949.0,4995479.0,0.1929,0.1076999999999999,189.49,1.053515670799987,29.07333333333333,0.0774418942508546,0,22597089.0,35862.0,3163982.0,0.2282,0.1253999999999999,184.28,32.02333333333333,396763.3427999997,3.238569789509297e-05,10.337761269490437,0
INTER - PRUDENCIAL,2024-09-01,25007292.0,152289.0,5939055.0,0.17,0.1009,190.99,0.8015076655999875,28.473333333333333,0.0763809901117768,0,20745143.0,166995.0,4035634.0,0.2373999999999999,0.1285,184.44,31.51333333333333,518578.96900000004,0.00012929146796917024,8.953311960954158,0
INTER - PRUDENCIAL,2024-12-01,27053372.0,127866.0,5939055.0,0.1519,0.0883999999999999,191.11,1.47713535680003,27.96,0.0724276371560702,0,22367940.0,85425.0,4035634.0,0.2294999999999999,0.1241,185.03,30.41333333333333,500822.1794,4.5613253742440754e-05,9.995266617234554,0
INTER - PRUDENCIAL,2025-03-01,30173849.0,177270.0,5547874.0,0.1483,0.0717,193.61,2.040339737600028,29.313333333333333,0.0416660431779621,0,23115891.0,85249.0,4995479.0,0.2028,0.1171,186.65,29.896666666666665,584970.5909,4.016307957512647e-05,10.122522239087063,0
INTER - PRUDENCIAL,2025-06-01,31463151.0,74512.0,5547874.0,0.1435,0.0555,194.33,0.9327766831999762,31.666666666666668,0.0411348936298088,0,24972743.0,172949.0,4995479.0,0.1929,0.1076999999999999,189.49,29.07333333333333,538013.0882999995,1.4020123532672254e-05,11.175002845099923,0
INTER - PRUDENCIAL,2025-09-01,33725395.0,133336.0,5996395.0,0.1334,0.0501999999999999,,0.6304326271999727,31.94666666666667,0.0406373745046473,0,25007292.0,152289.0,5939055.0,0.17,0.1009,190.99,28.473333333333333,599250.6495,1.7105162358176165e-05,10.976113142516313,0
ITAU - PRUDENCIAL,2017-03-01,642687000.0,3893861.0,54417146.0,0.1536,0.0849,164.34,0.9630321349999972,41.17333333333333,0.0726896546681125,0,637179005.0,3040454.0,37363592.0,0.1427999999999999,0.0828,163.26,35.07,3093705.4176,3.137405255569923e-151,346.54695293562685,0
ITAU - PRUDENCIAL,2017-06-01,642616355.0,4359664.0,54417146.0,0.1571,0.086,165.65,0.2193980018000196,36.63666666666666,0.0722723864046318,0,694011103.0,1231214.0,43447870.0,0.1476,0.0859,163.72,38.303333333333335,3732172.0330000003,1.2203084504410437e-164,377.4248515961036,0
ITAU - PRUDENCIAL,2017-09-01,637757646.0,3314777.0,63012661.0,0.1671,0.0901,166.12,0.5911447296000016,36.16333333333333,0.0730150829683766,0,673404102.0,2401449.0,37826292.0,0.1568,0.0889,162.92,39.71333333333333,3362757.3588,8.0810378735002e-160,366.32409456517263,0
ITAU - PRUDENCIAL,2017-12-01,660516354.0,4372429.0,63276519.0,0.1617,0.0886999999999999,167.13,1.144261174399985,33.526666666666664,0.0700210054533727,0,669284246.0,3717331.0,37826292.0,0.1578,0.0875,162.73,40.38,3309800.55,1.5263239982611104e-158,363.38558246418256,0
ITAU - PRUDENCIAL,2018-03-01,665358348.0,2818727.0,70467973.0,0.1452,0.08,167.98,0.7014778351999817,33.15,0.068172771728133,0,642687000.0,3893861.0,54417146.0,0.1536,0.0849,164.34,41.17333333333333,4620015.695400001,3.166555990224312e-150,344.2351193903347,0
ITAU - PRUDENCIAL,2018-06-01,685245315.0,5607367.0,70467973.0,0.1415,0.085,167.89,1.8887030879999989,30.82333333333333,0.0635632568851109,0,642616355.0,4359664.0,54417146.0,0.1571,0.086,165.65,36.63666666666666,4679874.556,3.47850667643603e-150,344.1411608634837,0
ITAU - PRUDENCIAL,2018-09-01,713435244.0,6101698.0,72833293.0,0.1394,0.084,169.35,0.7208535743999933,28.546666666666667,0.0625451093984231,0,637757646.0,3314777.0,63012661.0,0.1671,0.0901,166.12,36.16333333333333,5677440.7561,4.7492397293767935e-148,339.224609214956,0
ITAU - PRUDENCIAL,2018-12-01,714968649.0,10785315.0,72833293.0,0.1508,0.0899,169.09,0.3894135824999978,28.71666666666667,0.0606538304582494,0,660516354.0,4372429.0,63276519.0,0.1617,0.0886999999999999,167.13,33.526666666666664,5612627.235299994,1.6723078206253728e-153,351.78131462722655,0
ITAU - PRUDENCIAL,2019-03-01,705895736.0,11031182.0,81341095.0,0.1325,0.0821,169.51,1.507011320000018,30.386666666666667,0.0596061972306399,0,665358348.0,2818727.0,70467973.0,0.1452,0.08,167.98,33.15,5637437.84,8.373154220329393e-155,354.7756587523582,0
ITAU - PRUDENCIAL,2019-06-01,724300393.0,9836048.0,81341095.0,0.1364,0.0855,170.58,0.710811074100004,30.69666666666667,0.0577373531443587,0,685245315.0,5607367.0,70467973.0,0.1415,0.085,167.89,30.82333333333333,5989777.705,8.908093084113686e-159,363.92406958731635,0
ITAU - PRUDENCIAL,2019-09-01,759357599.0,12296299.0,81567796.0,0.1276,0.0822,170.5,0.2600889164000142,30.59,0.0587321322348166,0,713435244.0,6101698.0,72833293.0,0.1394,0.084,169.35,28.546666666666667,6117996.612000001,2.0015284094105395e-165,379.23262925070804,0
ITAU - PRUDENCIAL,2019-12-01,784730173.0,8447621.0,81567796.0,0.1316,0.0832,171.91,1.767530865000011,29.096666666666664,0.0599673643386129,0,714968649.0,10785315.0,72833293.0,0.1508,0.0899,169.09,28.71666666666667,6547713.0407,2.4865783420987065e-164,376.71304764547,0
ITAU - PRUDENCIAL,2020-03-01,917107438.0,9494013.0,92475874.0,0.1032,0.0717,168.09,0.5308473674999981,28.24,0.0600895088074931,0,705895736.0,11031182.0,81341095.0,0.1325,0.0821,169.51,30.386666666666667,6678103.8995,1.2739548645240098e-161,370.4740738437791,0
ITAU - PRUDENCIAL,2020-06-01,922908591.0,7571473.0,92475874.0,0.1039,0.0681,153.27,-0.4306129372000034,24.44333333333333,0.0590013045363707,0,724300393.0,9836048.0,81341095.0,0.1364,0.0855,170.58,30.69666666666667,6954663.6225000005,4.1614651098591645e-166,380.8032582349727,0
ITAU - PRUDENCIAL,2020-09-01,947971134.0,8821520.0,92792430.0,0.1066,0.0691,165.34,1.2447095295999857,21.71666666666667,0.0632907632648742,0,759357599.0,12296299.0,81567796.0,0.1276,0.0822,170.5,30.59,6704872.8312,2.360866995660415e-174,399.7907772584481,0
ITAU - PRUDENCIAL,2020-12-01,921693221.0,10461477.0,92792430.0,0.1149,0.072,171.47,3.131382328999988,20.72,0.061478602379383,0,784730173.0,8447621.0,81567796.0,0.1316,0.0832,171.91,29.096666666666664,6786440.6272,2.1909345920314975e-181,415.9835736248753,0
ITAU - PRUDENCIAL,2021-03-01,963236280.0,5223644.0,82026127.0,0.1128,0.0727,173.12,2.052492994999988,22.403333333333336,0.0581309355017072,0,917107438.0,9494013.0,92475874.0,0.1032,0.0717,168.09,28.24,6630520.1658,2.0913162391207756e-213,489.71283116059925,0
ITAU - PRUDENCIAL,2021-06-01,941020567.0,4587240.0,82026127.0,0.1192,0.0751999999999999,172.06,1.6786286369000036,21.46333333333333,0.0550053330732074,0,922908591.0,7571473.0,92475874.0,0.1039,0.0681,153.27,24.44333333333333,6297607.0194,7.391653978867031e-216,495.3580285637883,0
ITAU - PRUDENCIAL,2021-09-01,986308670.0,2871039.0,86511960.0,0.1128,0.0718,172.27,3.0196768831999954,21.08666666666667,0.0467575173923672,0,947971134.0,8821520.0,92792430.0,0.1066,0.0691,165.34,21.71666666666667,6411956.913,1.503868244765303e-221,508.4632649333084,0
ITAU - PRUDENCIAL,2021-12-01,1044362217.0,3675351.0,86511960.0,0.1133,0.0742999999999999,174.3,2.958021687500012,22.62,0.0448093999117211,0,921693221.0,10461477.0,92792430.0,0.1149,0.072,171.47,20.72,6681054.959999999,1.8104911618467654e-214,492.1596117322232,0
ITAU - PRUDENCIAL,2022-03-01,1045151791.0,2835866.0,93398968.0,0.1108,0.0721,175.72,3.2006523548000043,24.72,0.0467329917536067,0,963236280.0,5223644.0,82026127.0,0.1128,0.0727,173.12,22.403333333333336,5963299.4329,9.947127620497592e-227,520.3895322816114,0
ITAU - PRUDENCIAL,2022-06-01,1085016608.0,4208327.0,93398968.0,0.1112,0.0719,177.81,2.215266379399994,25.546666666666667,0.0479223497429787,0,941020567.0,4587240.0,82026127.0,0.1192,0.0751999999999999,172.06,21.46333333333333,6168364.750399992,2.7274488475932577e-221,507.86793886755447,0
ITAU - PRUDENCIAL,2022-09-01,1104177095.0,4113913.0,96590018.0,0.1166,0.0721,179.54,-1.3245430992000151,27.44,0.0487901382261896,0,986308670.0,2871039.0,86511960.0,0.1128,0.0718,172.27,21.08666666666667,6211558.728,1.3711141253948347e-232,533.8841179351559,0
ITAU - PRUDENCIAL,2022-12-01,1118532572.0,4858870.0,96590018.0,0.1193,0.0719,180.33,1.6286339977999995,29.036666666666665,0.0531424953238593,0,1044362217.0,3675351.0,86511960.0,0.1133,0.0742999999999999,174.3,22.62,6427838.627999991,2.547825422001069e-246,565.5006926569708,0
ITAU - PRUDENCIAL,2023-03-01,1132377062.0,6265080.0,101301760.0,0.1197,0.0722,182.74,2.094210609200031,30.19,0.0540823561749495,0,1045151791.0,2835866.0,93398968.0,0.1108,0.0721,175.72,24.72,6734065.5928,3.953615003198742e-246,565.0613025255707,0
ITAU - PRUDENCIAL,2023-06-01,1146946082.0,5380228.0,101301760.0,0.1219,0.0729,184.28,0.760729877599986,32.02333333333333,0.0543751087419869,0,1085016608.0,4208327.0,93398968.0,0.1112,0.0719,177.81,25.546666666666667,6715385.7992,1.5633760372080687e-255,586.7123511042533,0
ITAU - PRUDENCIAL,2023-09-01,1065166204.0,3624112.0,103093836.0,0.1311,0.0721,184.44,0.6111867176000096,31.51333333333333,0.0537499012864429,0,1104177095.0,4113913.0,96590018.0,0.1166,0.0721,179.54,27.44,6964140.2978,7.887909838275387e-260,596.6067929915558,0
ITAU - PRUDENCIAL,2023-12-01,1068746243.0,6707217.0,103093836.0,0.1369,0.0744,185.03,1.083587763199989,30.41333333333333,0.0512876866245854,0,1118532572.0,4858870.0,96590018.0,0.1193,0.0719,180.33,29.036666666666665,6944822.2942,3.9691861350214446e-263,604.201318387624,0
ITAU - PRUDENCIAL,2024-03-01,1090725497.0,6769071.0,107622847.0,0.1297,0.0707,186.65,1.415491577599992,29.896666666666665,0.0505479232321064,0,1132377062.0,6265080.0,101301760.0,0.1197,0.0722,182.74,30.19,7313987.072,1.2103248540702668e-265,609.9941608455081,0
ITAU - PRUDENCIAL,2024-06-01,1154092637.0,4947124.0,107622847.0,0.1306,0.0711,189.49,1.053515670799987,29.07333333333333,0.0490932824786212,0,1146946082.0,5380228.0,101301760.0,0.1219,0.0729,184.28,32.02333333333333,7384898.3040000005,2.920059799041343e-269,618.3237859203041,0
ITAU - PRUDENCIAL,2024-09-01,1148317547.0,8640449.0,112827472.0,0.1367,0.073,190.99,0.8015076655999875,28.473333333333333,0.0440014168287061,0,1065166204.0,3624112.0,103093836.0,0.1311,0.0721,184.44,31.51333333333333,7433065.5756,1.3748746078991016e-249,573.0253256229125,0
ITAU - PRUDENCIAL,2024-12-01,1223039738.0,6338703.0,112827472.0,0.1366,0.0735,191.11,1.47713535680003,27.96,0.041210124464897,0,1068746243.0,6707217.0,103093836.0,0.1369,0.0744,185.03,30.41333333333333,7670181.398399999,1.4340423285237823e-249,572.9831908960766,0
ITAU - PRUDENCIAL,2025-03-01,1233098210.0,7969137.0,141781961.0,0.1261,0.0747,193.61,2.040339737600028,29.313333333333333,0.0224633256752567,0,1090725497.0,6769071.0,107622847.0,0.1297,0.0707,186.65,29.896666666666665,7608935.2829,7.386162421921857e-255,585.1595904068811,0
ITAU - PRUDENCIAL,2025-06-01,1236495422.0,10222711.0,141781961.0,0.1311999999999999,0.0754,194.33,0.9327766831999762,31.666666666666668,0.0215963338324505,0,1154092637.0,4947124.0,107622847.0,0.1306,0.0711,189.49,29.07333333333333,7651984.4217,1.0200085773867759e-270,621.6781640720288,0
ITAU - PRUDENCIAL,2025-09-01,1249470753.0,9830179.0,143006495.0,0.1347,0.0737,,0.6304326271999727,31.94666666666667,0.0208692852133842,0,1148317547.0,8640449.0,112827472.0,0.1367,0.073,190.99,28.473333333333333,8236405.455999999,9.079000650966845e-268,614.8868407964144,0
JOHN DEERE - PRUDENCIAL,2017-03-01,6342921.0,205352.0,321131.0,0.1355,0.1268,164.34,0.9630321349999972,41.17333333333333,0.0530566032076275,0,5741527.0,314846.0,284705.0,0.1316,0.1261,163.26,35.07,35901.3005,0.12857029967552455,1.9136593627453455,0
JOHN DEERE - PRUDENCIAL,2017-06-01,5783307.0,131199.0,321131.0,0.1578999999999999,0.1477,165.65,0.2193980018000196,36.63666666666666,0.0526953834093604,0,5083295.0,111055.0,284705.0,0.1575,0.1459,163.72,38.303333333333335,41538.4595,0.1852053906008556,1.4814706398912463,0
JOHN DEERE - PRUDENCIAL,2017-09-01,6258006.0,194967.0,340190.0,0.1475,0.1398,166.12,0.5911447296000016,36.16333333333333,0.0590648217160025,0,5668488.0,32500.0,293228.0,0.1463,0.1349,162.92,39.71333333333333,39556.4572,0.15303301340869985,1.7110080451110656,0
JOHN DEERE - PRUDENCIAL,2017-12-01,6176670.0,96098.0,340190.0,0.1483,0.1311,167.13,1.144261174399985,33.526666666666664,0.0513682372830143,0,6037219.0,154718.0,293228.0,0.1393,0.1301999999999999,162.73,40.38,38178.285599999974,0.14352381175647427,1.7863255592419163,0
JOHN DEERE - PRUDENCIAL,2018-03-01,6405446.0,89613.0,380566.0,0.1463,0.1319,167.98,0.7014778351999817,33.15,0.0544481767581257,0,6342921.0,205352.0,321131.0,0.1355,0.1268,164.34,41.17333333333333,40719.4108,0.1408927079869784,1.8078951532353986,0
JOHN DEERE - PRUDENCIAL,2018-06-01,5747348.0,162521.0,380566.0,0.1677,0.1557,167.89,1.8887030879999989,30.82333333333333,0.0471657321551124,0,5783307.0,131199.0,321131.0,0.1578999999999999,0.1477,165.65,36.63666666666666,47431.0487,0.1257023768648764,1.939503823259772,0
JOHN DEERE - PRUDENCIAL,2018-09-01,6717414.0,122775.0,391602.0,0.1501,0.143,169.35,0.7208535743999933,28.546666666666667,0.0415058873426143,0,6258006.0,194967.0,340190.0,0.1475,0.1398,166.12,36.16333333333333,47558.562000000005,0.1037993674630178,2.1557044313542875,0
JOHN DEERE - PRUDENCIAL,2018-12-01,6828354.0,9375.0,391602.0,0.1555,0.1409,169.09,0.3894135824999978,28.71666666666667,0.0370456104499627,0,6176670.0,96098.0,340190.0,0.1483,0.1311,167.13,33.526666666666664,44598.909,0.09052601073289336,2.3072291778981935,0
JOHN DEERE - PRUDENCIAL,2019-03-01,7647129.0,18529.0,437783.0,0.144,0.1383,169.51,1.507011320000018,30.386666666666667,0.03357715806116,0,6405446.0,89613.0,380566.0,0.1463,0.1319,167.98,33.15,50196.655399999996,0.0805119676593966,2.4354111887183207,0
JOHN DEERE - PRUDENCIAL,2019-06-01,6869748.0,74230.0,437783.0,0.1704,0.1639999999999999,170.58,0.710811074100004,30.69666666666667,0.0358045369097687,0,5747348.0,162521.0,380566.0,0.1677,0.1557,167.89,30.82333333333333,59254.1262,0.090609697093883,2.3062131390034932,0
JOHN DEERE - PRUDENCIAL,2019-09-01,7843710.0,111767.0,456235.0,0.1547,0.1496,170.5,0.2600889164000142,30.59,0.0329706383434647,0,6717414.0,122775.0,391602.0,0.1501,0.143,169.35,28.546666666666667,55999.085999999996,0.04962663667649911,2.9523272021646343,0
JOHN DEERE - PRUDENCIAL,2019-12-01,7665903.0,101935.0,456235.0,0.1661,0.1454,171.91,1.767530865000011,29.096666666666664,0.0333305831178917,0,6828354.0,9375.0,391602.0,0.1555,0.1409,169.09,28.71666666666667,55176.7218,0.04468655499638927,3.062366828101544,0
JP MORGAN CHASE - PRUDENCIAL,2017-03-01,10014424.0,544398.0,2582624.0,0.2243,0.1684,164.34,0.9630321349999972,41.17333333333333,0.0,0,13043065.0,394722.0,2289405.0,0.1621,0.1510999999999999,163.26,35.07,345929.09549999976,0.005016374194558638,5.290018879907465,0
JP MORGAN CHASE - PRUDENCIAL,2017-06-01,9889142.0,895436.0,2582624.0,0.2282999999999999,0.1802,165.65,0.2193980018000196,36.63666666666666,0.0,0,13784743.0,808769.0,2289405.0,0.1841,0.1728,163.72,38.303333333333335,395609.184,0.005319493601185782,5.231043475523227,0
JP MORGAN CHASE - PRUDENCIAL,2017-09-01,9710637.0,415910.0,2652849.0,0.2415,0.1531,166.12,0.5911447296000016,36.16333333333333,0.0,0,10660318.0,272916.0,2453018.0,0.1903999999999999,0.133,162.92,39.71333333333333,326251.39400000003,0.025776279177047844,3.6321863129395062,0
JP MORGAN CHASE - PRUDENCIAL,2017-12-01,8845221.0,977673.0,2652849.0,0.255,0.1693,167.13,1.144261174399985,33.526666666666664,0.0,0,10081630.0,349572.0,2453018.0,0.1848999999999999,0.166,162.73,40.38,407200.988,0.039768089607936256,3.1841100066597625,0
JP MORGAN CHASE - PRUDENCIAL,2018-03-01,10819717.0,400873.0,2862295.0,0.2044,0.1413,167.98,0.7014778351999817,33.15,0.0,0,10014424.0,544398.0,2582624.0,0.2243,0.1684,164.34,41.17333333333333,434913.88159999996,0.05179592558787704,2.907258257993638,0
JP MORGAN CHASE - PRUDENCIAL,2018-06-01,13863942.0,1725656.0,2862295.0,0.1527,0.1391,167.89,1.8887030879999989,30.82333333333333,0.0,0,9889142.0,895436.0,2582624.0,0.2282999999999999,0.1802,165.65,36.63666666666666,465388.8448,0.0494025287650929,2.9570890916431734,0
JP MORGAN CHASE - PRUDENCIAL,2018-09-01,12936232.0,333738.0,2890452.0,0.1755999999999999,0.1298,169.35,0.7208535743999933,28.546666666666667,0.0,0,9710637.0,415910.0,2652849.0,0.2415,0.1531,166.12,36.16333333333333,406151.1819,0.04127945392393782,3.1452347386425403,0
JP MORGAN CHASE - PRUDENCIAL,2018-12-01,12395205.0,830121.0,2890452.0,0.1589,0.1253,169.09,0.3894135824999978,28.71666666666667,0.0,0,8845221.0,977673.0,2652849.0,0.255,0.1693,167.13,33.526666666666664,449127.3357,0.07398536627095557,2.527022717239162,0
JP MORGAN CHASE - PRUDENCIAL,2019-03-01,14740838.0,716325.0,2999204.0,0.132,0.1002,169.51,1.507011320000018,30.386666666666667,0.0325975342035653,0,10819717.0,400873.0,2862295.0,0.2044,0.1413,167.98,33.15,404442.2835,0.020205903821587542,3.8813676136504447,0
JP MORGAN CHASE - PRUDENCIAL,2019-06-01,9405008.0,391661.0,2999204.0,0.1754,0.1272,170.58,0.710811074100004,30.69666666666667,0.0,0,13863942.0,1725656.0,2862295.0,0.1527,0.1391,167.89,30.82333333333333,398145.2345,0.006301212854463469,5.060691998343266,0
JP MORGAN CHASE - PRUDENCIAL,2019-09-01,10549663.0,1193097.0,2977509.0,0.1448,0.1082,170.5,0.2600889164000142,30.59,0.0,0,12936232.0,333738.0,2890452.0,0.1755999999999999,0.1298,169.35,28.546666666666667,375180.6696,0.004388746820934302,5.424313149308642,0
JP MORGAN CHASE - PRUDENCIAL,2019-12-01,11095870.0,1046493.0,2977509.0,0.1934,0.1373,171.91,1.767530865000011,29.096666666666664,0.0,0,12395205.0,830121.0,2890452.0,0.1589,0.1253,169.09,28.71666666666667,362173.6356,0.007737143754368348,4.85395545282765,0
JP MORGAN CHASE - PRUDENCIAL,2020-03-01,18137599.0,6262958.0,3236065.0,0.1223,0.0696,168.09,0.5308473674999981,28.24,0.0,0,14740838.0,716325.0,2999204.0,0.132,0.1002,169.51,30.386666666666667,300520.24079999997,0.0022390874606334093,6.099445281899319,0
JP MORGAN CHASE - PRUDENCIAL,2020-06-01,16539258.0,1071763.0,3236065.0,0.1523,0.0818,153.27,-0.4306129372000034,24.44333333333333,0.0,0,9405008.0,391661.0,2999204.0,0.1754,0.1272,170.58,30.69666666666667,381498.7488,0.03994322264897705,3.1795334139032048,0
JP MORGAN CHASE - PRUDENCIAL,2020-09-01,19111720.0,4002241.0,3388281.0,0.14,0.0559,165.34,1.2447095295999857,21.71666666666667,0.0,0,10549663.0,1193097.0,2977509.0,0.1448,0.1082,170.5,30.59,322166.47380000004,0.030821043564177177,3.448251587221175,0
JP MORGAN CHASE - PRUDENCIAL,2020-12-01,14464562.0,695972.0,3388281.0,0.1545,0.0626,171.47,3.131382328999988,20.72,0.0573481580684571,0,11095870.0,1046493.0,2977509.0,0.1934,0.1373,171.91,29.096666666666664,408811.9857,0.020313075962881576,3.8759682406748786,0
JP MORGAN CHASE - PRUDENCIAL,2021-03-01,16619808.0,2124936.0,3741478.0,0.1411,0.0594,173.12,2.052492994999988,22.403333333333336,0.0553353683318598,0,18137599.0,6262958.0,3236065.0,0.1223,0.0696,168.09,28.24,225230.12399999998,0.004829816983918448,5.328105185422521,0
JP MORGAN CHASE - PRUDENCIAL,2021-06-01,14798120.0,862039.0,3741478.0,0.1376,0.0876,172.06,1.6786286369000036,21.46333333333333,0.0522079777813155,0,16539258.0,1071763.0,3236065.0,0.1523,0.0818,153.27,24.44333333333333,264710.11699999997,0.0004249551947944573,7.763101773196602,0
JP MORGAN CHASE - PRUDENCIAL,2021-09-01,15363999.0,1816434.0,4189547.0,0.1405,0.0813,172.27,3.0196768831999954,21.08666666666667,0.0492117693028039,0,19111720.0,4002241.0,3388281.0,0.14,0.0559,165.34,21.71666666666667,189404.9079,0.0004806953813225311,7.639795980490902,0
JP MORGAN CHASE - PRUDENCIAL,2021-12-01,14899642.0,1260536.0,4189547.0,0.1646,0.0753,174.3,2.958021687500012,22.62,0.0496155952713158,0,14464562.0,695972.0,3388281.0,0.1545,0.0626,171.47,20.72,212106.3906,0.0012724618760059248,6.665528497862241,0
JP MORGAN CHASE - PRUDENCIAL,2022-03-01,18732938.0,3618692.0,4745890.0,0.1366,0.105,175.72,3.2006523548000043,24.72,0.0457239744588852,0,16619808.0,2124936.0,3741478.0,0.1411,0.0594,173.12,22.403333333333336,222243.79320000001,0.0010081678973689477,6.898611882012848,0
JP MORGAN CHASE - PRUDENCIAL,2022-06-01,15690874.0,2306415.0,4745890.0,0.1725,0.1099,177.81,2.215266379399994,25.546666666666667,0.0,0,14798120.0,862039.0,3741478.0,0.1376,0.0876,172.06,21.46333333333333,327753.4728,0.0014750621848533482,6.517578979796487,0
JP MORGAN CHASE - PRUDENCIAL,2022-09-01,14519770.0,5851186.0,5292335.0,0.1606,0.0913,179.54,-1.3245430992000151,27.44,0.0,0,15363999.0,1816434.0,4189547.0,0.1405,0.0813,172.27,21.08666666666667,340610.1711,0.0018724835267115599,6.278615401380099,0
JP MORGAN CHASE - PRUDENCIAL,2022-12-01,18282569.0,1824162.0,5292335.0,0.17,0.0966,180.33,1.6286339977999995,29.036666666666665,0.0,0,14899642.0,1260536.0,4189547.0,0.1646,0.0753,174.3,22.62,315472.88910000003,0.0020587107250435227,6.183614521060419,0
JP MORGAN CHASE - PRUDENCIAL,2023-03-01,19239417.0,1757213.0,6260436.0,0.1507,0.1059,182.74,2.094210609200031,30.19,0.0,0,18732938.0,3618692.0,4745890.0,0.1366,0.105,175.72,24.72,498318.44999999995,0.0013719989424721528,6.590113579576987,0
JP MORGAN CHASE - PRUDENCIAL,2023-06-01,22873962.0,1307392.0,6260436.0,0.1556,0.1069,184.28,0.760729877599986,32.02333333333333,0.0197604032545084,0,15690874.0,2306415.0,4745890.0,0.1725,0.1099,177.81,25.546666666666667,521573.311,0.0043282628587255016,5.438251348021857,0
JP MORGAN CHASE - PRUDENCIAL,2023-09-01,12714015.0,3317835.0,6595597.0,0.1776,0.1082,184.44,0.6111867176000096,31.51333333333333,0.0,0,14519770.0,5851186.0,5292335.0,0.1606,0.0913,179.54,27.44,483190.1855,0.06262752361903673,2.7058758676022605,0
JP MORGAN CHASE - PRUDENCIAL,2023-12-01,15701788.0,4404626.0,6595597.0,0.1646999999999999,0.1005,185.03,1.083587763199989,30.41333333333333,0.0,0,18282569.0,1824162.0,5292335.0,0.17,0.0966,180.33,29.036666666666665,511239.56100000005,0.0011709089897220038,6.748803322582725,0
JP MORGAN CHASE - PRUDENCIAL,2024-03-01,14536994.0,1646715.0,7318248.0,0.1955,0.1321,186.65,1.415491577599992,29.896666666666665,0.020236207257104,0,19239417.0,1757213.0,6260436.0,0.1507,0.1059,182.74,30.19,662980.1723999999,0.0011049833160734792,6.806819448542319,0
JP MORGAN CHASE - PRUDENCIAL,2024-06-01,12776717.0,2502281.0,7318248.0,0.2086,0.1043999999999999,189.49,1.053515670799987,29.07333333333333,0.0210500547442471,0,22873962.0,1307392.0,6260436.0,0.1556,0.1069,184.28,32.02333333333333,669240.6084,0.00013595896929489447,8.903021445996256,0
JP MORGAN CHASE - PRUDENCIAL,2024-09-01,6519657.0,2516746.0,8412999.0,0.2647,0.1003999999999999,190.99,0.8015076655999875,28.473333333333333,0.02635118136914,0,12714015.0,3317835.0,6595597.0,0.1776,0.1082,184.44,31.51333333333333,713643.5954,0.11222512800328056,2.068211263173921,0
JP MORGAN CHASE - PRUDENCIAL,2024-12-01,11693463.0,1406807.0,8412999.0,0.2226,0.1598,191.11,1.47713535680003,27.96,0.0,0,15701788.0,4404626.0,6595597.0,0.1646999999999999,0.1005,185.03,30.41333333333333,662857.4985,0.034697495578888675,3.3257740175741506,0
JP MORGAN CHASE - PRUDENCIAL,2025-03-01,8900265.0,1368735.0,8514768.0,0.2417,0.113,193.61,2.040339737600028,29.313333333333333,0.0007949912115536,0,14536994.0,1646715.0,7318248.0,0.1955,0.1321,186.65,29.896666666666665,966740.5608,0.02817050531635557,3.5409048523536577,0
JP MORGAN CHASE - PRUDENCIAL,2025-06-01,10442396.0,2288320.0,8514768.0,0.2448,0.1754,194.33,0.9327766831999762,31.666666666666668,0.0003468795470239,0,12776717.0,2502281.0,7318248.0,0.2086,0.1043999999999999,189.49,29.07333333333333,764025.0911999992,0.08040661854194041,2.4368351028051385,0
JP MORGAN CHASE - PRUDENCIAL,2025-09-01,10166697.0,2530877.0,8566668.0,0.2465,0.1510999999999999,,0.6304326271999727,31.94666666666667,0.0001518378680849,0,6519657.0,2516746.0,8412999.0,0.2647,0.1003999999999999,190.99,28.473333333333333,844665.0995999993,0.7890750620072855,-1.3193591253968397,1
LECCA - PRUDENCIAL,2017-03-01,120511.0,0.0,20314.0,0.1479,0.0,164.34,0.9630321349999972,41.17333333333333,0.0266977940223306,0,115146.0,0.0,19898.0,0.15,0.0,163.26,35.07,0.0,0.8251905520730632,-1.5519178196163708,1
LECCA - PRUDENCIAL,2017-06-01,123796.0,0.0,20314.0,0.1402,0.0,165.65,0.2193980018000196,36.63666666666666,0.0694315612548798,0,109878.0,0.0,19898.0,0.1564,0.0,163.72,38.303333333333335,0.0,0.8593879226584114,-1.8102155430296272,1
LECCA - PRUDENCIAL,2017-09-01,123009.0,0.0,21197.0,0.1413,0.0,166.12,0.5911447296000016,36.16333333333333,0.0153047384473792,0,105806.0,0.0,18984.0,0.1614,0.0,162.92,39.71333333333333,0.0,0.8697467382424167,-1.8987213404283536,1
LECCA - PRUDENCIAL,2017-12-01,106902.0,0.0,21197.0,0.1582,0.0,167.13,1.144261174399985,33.526666666666664,0.0122389693548282,0,115197.0,0.0,18984.0,0.1501,0.0,162.73,40.38,0.0,0.8750215128061309,-1.9461068512774664,1
LECCA - PRUDENCIAL,2018-03-01,116058.0,0.0,22178.0,0.1469,0.0,167.98,0.7014778351999817,33.15,0.0490820273928991,0,120511.0,0.0,20314.0,0.1479,0.0,164.34,41.17333333333333,0.0,0.8853010952425735,-2.043617331555784,1
LECCA - PRUDENCIAL,2018-06-01,104635.0,0.0,22178.0,0.1601,0.0,167.89,1.8887030879999989,30.82333333333333,0.0388883537087414,0,123796.0,0.0,20314.0,0.1402,0.0,165.65,36.63666666666666,0.0,0.8493472614770977,-1.7294906826801861,1
LECCA - PRUDENCIAL,2018-09-01,101013.0,0.0,23980.0,0.1586,0.0,169.35,0.7208535743999933,28.546666666666667,0.0770429185016463,0,123009.0,0.0,21197.0,0.1413,0.0,166.12,36.16333333333333,0.0,0.8460998008142971,-1.7043329847663138,1
LECCA - PRUDENCIAL,2018-12-01,100777.0,0.0,23980.0,0.1624,0.0,169.09,0.3894135824999978,28.71666666666667,0.021565123674238,0,106902.0,0.0,21197.0,0.1582,0.0,167.13,33.526666666666664,0.0,0.8214617206207921,-1.526282310367872,1
LECCA - PRUDENCIAL,2019-03-01,93966.0,0.0,29071.0,0.1675,0.0,169.51,1.507011320000018,30.386666666666667,0.0232247406417607,0,116058.0,0.0,22178.0,0.1469,0.0,167.98,33.15,0.0,0.8203495450393258,-1.5187174772708314,1
LECCA - PRUDENCIAL,2019-06-01,84586.0,0.0,29071.0,0.1846999999999999,0.0,170.58,0.710811074100004,30.69666666666667,0.0371469055624097,0,104635.0,0.0,22178.0,0.1601,0.0,167.89,30.82333333333333,0.0,0.792084632059091,-1.3375371322832288,1
LECCA - PRUDENCIAL,2019-09-01,88853.0,0.0,34507.0,0.1548,0.0,170.5,0.2600889164000142,30.59,0.0623734186255689,0,101013.0,0.0,23980.0,0.1586,0.0,169.35,28.546666666666667,0.0,0.7686763334811323,-1.200852104147625,1
LECCA - PRUDENCIAL,2019-12-01,74775.0,0.0,34507.0,0.1832,0.0,171.91,1.767530865000011,29.096666666666664,0.0130731996178464,0,100777.0,0.0,23980.0,0.1624,0.0,169.09,28.71666666666667,0.0,0.7695468415008245,-1.2057541987759581,1
LECCA - PRUDENCIAL,2020-03-01,69220.0,0.0,40844.0,0.1846,0.0,168.09,0.5308473674999981,28.24,0.0264360279776273,0,93966.0,0.0,29071.0,0.1675,0.0,169.51,30.386666666666667,0.0,0.793338009406035,-1.3451648087486276,1
LECCA - PRUDENCIAL,2020-06-01,116660.0,0.0,40844.0,0.135,0.0,153.27,-0.4306129372000034,24.44333333333333,0.0477372792108301,0,84586.0,0.0,29071.0,0.1846999999999999,0.0,170.58,30.69666666666667,0.0,0.8006626093774949,-1.390440826699797,1
LECCA - PRUDENCIAL,2020-09-01,74099.0,0.0,46173.0,0.1772,0.0,165.34,1.2447095295999857,21.71666666666667,0.0334296460462198,0,88853.0,0.0,34507.0,0.1548,0.0,170.5,30.59,0.0,0.8013032300276163,-1.3944595456319344,1
LECCA - PRUDENCIAL,2020-12-01,74444.0,0.0,46173.0,0.1778,0.0,171.47,3.131382328999988,20.72,0.0348118101500476,0,74775.0,0.0,34507.0,0.1832,0.0,171.91,29.096666666666664,0.0,0.7868806563305977,-1.3062242849326446,1
LECCA - PRUDENCIAL,2021-03-01,69771.0,0.0,52611.0,0.17,0.0,173.12,2.052492994999988,22.403333333333336,0.0407266909781113,0,69220.0,0.0,40844.0,0.1846,0.0,168.09,28.24,0.0,0.7599048279413503,-1.1521578036483386,1
LECCA - PRUDENCIAL,2021-06-01,68121.0,0.0,52611.0,0.1694999999999999,0.0,172.06,1.6786286369000036,21.46333333333333,0.0264895149559256,0,116660.0,0.0,40844.0,0.135,0.0,153.27,24.44333333333333,0.0,0.6242389454997723,-0.5075797722585068,1
LECCA - PRUDENCIAL,2021-09-01,67107.0,0.0,57896.0,0.1624,0.0,172.27,3.0196768831999954,21.08666666666667,0.0327380447066305,0,74099.0,0.0,46173.0,0.1772,0.0,165.34,21.71666666666667,0.0,0.6429377206036505,-0.5881376430742137,1
LECCA - PRUDENCIAL,2021-12-01,92179.0,0.0,57896.0,0.1376,0.0,174.3,2.958021687500012,22.62,0.0432673029847573,0,74444.0,0.0,46173.0,0.1778,0.0,171.47,20.72,0.0,0.6587062499391309,-0.6575341400142904,1
M PAGAMENTOS S.A. CFI - PRUDENCIAL,2022-06-01,1053107.0,0.0,729837.0,0.1333,0.0,177.81,2.215266379399994,25.546666666666667,0.479433028954413,1,1262277.0,0.0,631342.0,0.1771,0.0,172.06,21.46333333333333,0.0,0.5241448677132733,-0.09665464702916911,0
M PAGAMENTOS S.A. CFI - PRUDENCIAL,2022-09-01,886801.0,0.0,719843.0,0.1059,0.0,179.54,-1.3245430992000151,27.44,0.5060775240868967,1,1366870.0,0.0,747949.0,0.1525,0.0,172.27,21.08666666666667,0.0,0.5086136544306457,-0.03445802660858943,0
M PAGAMENTOS S.A. CFI - PRUDENCIAL,2022-12-01,711914.0,0.0,719843.0,-0.0359,0.0,180.33,1.6286339977999995,29.036666666666665,0.3359476806998343,1,1330555.0,0.0,747949.0,0.1479,0.0,174.3,22.62,0.0,0.555607994883043,-0.2233559328721662,0
M PAGAMENTOS S.A. CFI - PRUDENCIAL,2023-03-01,595263.0,0.0,693303.0,-0.0578,0.0,182.74,2.094210609200031,30.19,0.3707280730931896,1,1157376.0,0.0,729837.0,0.1596,0.0,175.72,24.72,0.0,0.6243905589125915,-0.5082261849717642,1
MERCADO PAGO IP - PRUDENCIAL,2024-09-01,12256224.0,530704.0,2492192.0,0.1246,0.0,190.99,0.8015076655999875,28.473333333333333,0.2287442696245063,1,8623807.0,100395.0,0.0,0.1812,0.0,184.44,31.51333333333333,0.0,0.048790135908987564,2.9702065561675655,0
MERCADO PAGO IP - PRUDENCIAL,2024-12-01,12470372.0,214343.0,2492192.0,0.1568,0.0,191.11,1.47713535680003,27.96,0.2240245782979708,1,9848398.0,120564.0,0.0,0.1489,0.0,185.03,30.41333333333333,0.0,0.024086188205076943,3.701735702342812,0
MERCADO PAGO IP - PRUDENCIAL,2025-03-01,14454834.0,88011.0,7010810.0,0.1242,0.0,193.61,2.040339737600028,29.313333333333333,0.0331984688231832,0,10636562.0,85553.0,1383212.0,0.1469,0.0,186.65,29.896666666666665,0.0,0.01666381357831307,4.07771154540408,0
MERCADO PAGO IP - PRUDENCIAL,2025-06-01,17501408.0,149805.0,7010810.0,0.1123,0.0,194.33,0.9327766831999762,31.666666666666668,0.0381575047381977,0,12583634.0,188700.0,1383212.0,0.1348,0.0,189.49,29.07333333333333,0.0,0.0060079415863840534,5.108647025426308,0
MERCADO PAGO IP - PRUDENCIAL,2025-09-01,20366845.0,407628.0,7140589.0,0.107,0.0,,0.6304326271999727,31.94666666666667,0.0386101307115099,0,12256224.0,530704.0,2492192.0,0.1246,0.0,190.99,28.473333333333333,0.0,0.009176448565144331,4.681896204315365,0
MERCANTIL DO BRASIL - PRUDENCIAL,2017-03-01,5929782.0,3072.0,1086395.0,0.0844999999999999,0.0572,164.34,0.9630321349999972,41.17333333333333,0.1404228719082342,0,6968088.0,602.0,711591.0,0.0862,0.0559,163.26,35.07,39777.9369,0.08386728593368697,2.3909256185625334,0
MERCANTIL DO BRASIL - PRUDENCIAL,2017-06-01,5853200.0,1609.0,1086395.0,0.0856,0.0588,165.65,0.2193980018000196,36.63666666666666,0.137097758336837,0,6666328.0,1363.0,711591.0,0.0883,0.0569,163.72,38.303333333333335,40489.5279,0.12282575375703514,1.9659389423054716,0
MERCANTIL DO BRASIL - PRUDENCIAL,2017-09-01,5542488.0,927.0,1109340.0,0.0913,0.0598,166.12,0.5911447296000016,36.16333333333333,0.1787563882450833,1,6490084.0,980.0,993315.0,0.0877,0.0588,162.92,39.71333333333333,58406.922,0.15078279067976108,1.7284746661729569,0
MERCANTIL DO BRASIL - PRUDENCIAL,2017-12-01,5447023.0,420.0,1109340.0,0.0897,0.06,167.13,1.144261174399985,33.526666666666664,0.1636606004561848,0,6106610.0,1289.0,993315.0,0.0906,0.0601,162.73,40.38,59698.2315,0.1868747393090935,1.4704466208509572,0
MERCANTIL DO BRASIL - PRUDENCIAL,2018-03-01,5242889.0,267.0,1283155.0,0.0862,0.0596999999999999,167.98,0.7014778351999817,33.15,0.1675265209472416,0,5929782.0,3072.0,1086395.0,0.0844999999999999,0.0572,164.34,41.17333333333333,62141.794,0.22389944770022163,1.2430850327470626,0
MERCANTIL DO BRASIL - PRUDENCIAL,2018-06-01,5101854.0,3072.0,1283155.0,0.0891,0.0619,167.89,1.8887030879999989,30.82333333333333,0.1689590847707321,1,5853200.0,1609.0,1086395.0,0.0856,0.0588,165.65,36.63666666666666,63880.026,0.17929929520896995,1.5211020437140805,0
MERCANTIL DO BRASIL - PRUDENCIAL,2018-09-01,5039306.0,93.0,1146981.0,0.1049,0.066,169.35,0.7208535743999933,28.546666666666667,0.1665747100231823,0,5542488.0,927.0,1109340.0,0.0913,0.0598,166.12,36.16333333333333,66338.53199999999,0.20225180298295603,1.372279534671855,0
MERCANTIL DO BRASIL - PRUDENCIAL,2018-12-01,4922713.0,7024.0,1146981.0,0.1032,0.0647,169.09,0.3894135824999978,28.71666666666667,0.1588017313563957,0,5447023.0,420.0,1109340.0,0.0897,0.06,167.13,33.526666666666664,66560.4,0.18297386186455172,1.4963277759936786,0
MERCANTIL DO BRASIL - PRUDENCIAL,2019-03-01,4872685.0,4576.0,1196962.0,0.1079,0.0695,169.51,1.507011320000018,30.386666666666667,0.1609528473317324,0,5242889.0,267.0,1283155.0,0.0862,0.0596999999999999,167.98,33.15,76604.35349999987,0.20530168538811594,1.3534820309014801,0
MERCANTIL DO BRASIL - PRUDENCIAL,2019-06-01,4770497.0,1336.0,1196962.0,0.1142,0.0703,170.58,0.710811074100004,30.69666666666667,0.155252461401699,0,5101854.0,3072.0,1283155.0,0.0891,0.0619,167.89,30.82333333333333,79427.29449999999,0.18873176665636288,1.4582719605382695,0
MERCANTIL DO BRASIL - PRUDENCIAL,2019-09-01,4672936.0,1029.0,1130048.0,0.1225,0.0732,170.5,0.2600889164000142,30.59,0.150009833787341,0,5039306.0,93.0,1146981.0,0.1049,0.066,169.35,28.546666666666667,75700.746,0.1668439715281525,1.6081618603788137,0
MERCANTIL DO BRASIL - PRUDENCIAL,2019-12-01,4461193.0,8463.0,1130048.0,0.1168999999999999,0.068,171.91,1.767530865000011,29.096666666666664,0.1452369721597174,0,4922713.0,7024.0,1146981.0,0.1032,0.0647,169.09,28.71666666666667,74209.67069999999,0.17819077452344043,1.528653539101333,0
MERCANTIL DO BRASIL - PRUDENCIAL,2020-03-01,4704784.0,81908.0,1042231.0,0.1209,0.0739,168.09,0.5308473674999981,28.24,0.1385404109504618,0,4872685.0,4576.0,1196962.0,0.1079,0.0695,169.51,30.386666666666667,83188.85900000001,0.20347713719422375,1.3647021825200831,0
MERCANTIL DO BRASIL - PRUDENCIAL,2020-06-01,4751364.0,53.0,1042231.0,0.1236999999999999,0.0707,153.27,-0.4306129372000034,24.44333333333333,0.1303424731836467,0,4770497.0,1336.0,1196962.0,0.1142,0.0703,170.58,30.69666666666667,84146.4286,0.2202095027150174,1.264445912225025,0
MERCANTIL DO BRASIL - PRUDENCIAL,2020-09-01,4864786.0,6119.0,939636.0,0.128,0.0766,165.34,1.2447095295999857,21.71666666666667,0.1103002426457802,0,4672936.0,1029.0,1130048.0,0.1225,0.0732,170.5,30.59,82719.5136,0.22361394806431714,1.2447287673412077,0
MERCANTIL DO BRASIL - PRUDENCIAL,2020-12-01,5290346.0,1328.0,939636.0,0.1178999999999999,0.0717,171.47,3.131382328999988,20.72,0.0906141874820697,0,4461193.0,8463.0,1130048.0,0.1168999999999999,0.068,171.91,29.096666666666664,76843.26400000001,0.2334109544041952,1.1891502105910194,0
MERCANTIL DO BRASIL - PRUDENCIAL,2021-03-01,5578645.0,3202.0,880244.0,0.1225,0.0766,173.12,2.052492994999988,22.403333333333336,0.0755163640387415,0,4704784.0,81908.0,1042231.0,0.1209,0.0739,168.09,28.24,77020.8709,0.18562970697899717,1.478661301420355,0
MERCANTIL DO BRASIL - PRUDENCIAL,2021-06-01,5925333.0,6268.0,880244.0,0.1226999999999999,0.0751,172.06,1.6786286369000036,21.46333333333333,0.0680607970268307,0,4751364.0,53.0,1042231.0,0.1236999999999999,0.0707,153.27,24.44333333333333,73685.7317,0.10094081474610063,2.186814514490943,0
MERCANTIL DO BRASIL - PRUDENCIAL,2021-09-01,6180609.0,1210.0,1074128.0,0.1217999999999999,0.0764,172.27,3.0196768831999954,21.08666666666667,0.0628634304585234,0,4864786.0,6119.0,939636.0,0.128,0.0766,165.34,21.71666666666667,71976.1176,0.09907014954789013,2.2075992167532337,0
MERCANTIL DO BRASIL - PRUDENCIAL,2021-12-01,6621652.0,1616.0,1074128.0,0.1066,0.0688,174.3,2.958021687500012,22.62,0.0596080058422072,0,5290346.0,1328.0,939636.0,0.1178999999999999,0.0717,171.47,20.72,67371.9012,0.08608037074542735,2.3624612313243283,0
MERCANTIL DO BRASIL - PRUDENCIAL,2022-03-01,7324024.0,108.0,1234136.0,0.11,0.0748,175.72,3.2006523548000043,24.72,0.0595830657927633,0,5578645.0,3202.0,880244.0,0.1225,0.0766,173.12,22.403333333333336,67426.6904,0.08443529268337618,2.3835555675289695,0
MERCANTIL DO BRASIL - PRUDENCIAL,2022-06-01,7241945.0,1922.0,1234136.0,0.1125999999999999,0.0691,177.81,2.215266379399994,25.546666666666667,0.0520099545553107,0,5925333.0,6268.0,880244.0,0.1226999999999999,0.0751,172.06,21.46333333333333,66106.3244,0.06472227548301293,2.670738085842632,0
MERCANTIL DO BRASIL - PRUDENCIAL,2022-09-01,7436985.0,1796.0,1110257.0,0.1117,0.0692,179.54,-1.3245430992000151,27.44,0.0486948460253287,0,6180609.0,1210.0,1074128.0,0.1217999999999999,0.0764,172.27,21.08666666666667,82063.3792,0.05740997532423706,2.798413357401176,0
MERCANTIL DO BRASIL - PRUDENCIAL,2022-12-01,7822443.0,1854.0,1110257.0,0.1142,0.0713999999999999,180.33,1.6286339977999995,29.036666666666665,0.0454423047375778,0,6621652.0,1616.0,1074128.0,0.1066,0.0688,174.3,22.62,73900.0064,0.05435833348506939,2.8562657775546767,0
MERCANTIL DO BRASIL - PRUDENCIAL,2023-03-01,8463740.0,1659.0,1200666.0,0.1127,0.0735,182.74,2.094210609200031,30.19,0.0425225437666171,0,7324024.0,108.0,1234136.0,0.11,0.0748,175.72,24.72,92313.37280000001,0.04586102753922388,3.035193651202576,0
MERCANTIL DO BRASIL - PRUDENCIAL,2023-06-01,8882139.0,1662.0,1200666.0,0.1125,0.0691,184.28,0.760729877599986,32.02333333333333,0.0365868709137287,0,7241945.0,1922.0,1234136.0,0.1125999999999999,0.0691,177.81,25.546666666666667,85278.79759999999,0.053846582711692834,2.866265788536165,0
MERCANTIL DO BRASIL - PRUDENCIAL,2023-09-01,9234170.0,2938.0,1304110.0,0.1137,0.0672,184.44,0.6111867176000096,31.51333333333333,0.0395873952347526,0,7436985.0,1796.0,1110257.0,0.1117,0.0692,179.54,27.44,76829.7844,0.05644681805730558,2.816353808430518,0
MERCANTIL DO BRASIL - PRUDENCIAL,2023-12-01,9751330.0,1953.0,1304110.0,0.1207,0.0686,185.03,1.083587763199989,30.41333333333333,0.0358771448192917,0,7822443.0,1854.0,1110257.0,0.1142,0.0713999999999999,180.33,29.036666666666665,79272.34979999988,0.05225937483342535,2.8978615653797863,0
MERCANTIL DO BRASIL - PRUDENCIAL,2024-03-01,10514317.0,968.0,1355792.0,0.1241,0.0708,186.65,1.415491577599992,29.896666666666665,0.0318041995766273,0,8463740.0,1659.0,1200666.0,0.1127,0.0735,182.74,30.19,88248.951,0.043276290421784144,3.0959097254262433,0
MERCANTIL DO BRASIL - PRUDENCIAL,2024-06-01,10827152.0,2158.0,1355792.0,0.1308,0.0717,189.49,1.053515670799987,29.07333333333333,0.0271694754878683,0,8882139.0,1662.0,1200666.0,0.1125,0.0691,184.28,32.02333333333333,82966.02059999999,0.0412481228313613,3.146026706090547,0
MERCANTIL DO BRASIL - PRUDENCIAL,2024-09-01,12277303.0,3912.0,1424012.0,0.1288,0.0729,190.99,0.8015076655999875,28.473333333333333,0.0261856088963836,0,9234170.0,2938.0,1304110.0,0.1137,0.0672,184.44,31.51333333333333,87636.192,0.03376681062471638,3.3539268161575073,0
MERCANTIL DO BRASIL - PRUDENCIAL,2024-12-01,12232346.0,7265.0,1424012.0,0.1387,0.0748,191.11,1.47713535680003,27.96,0.0217586885271482,0,9751330.0,1953.0,1304110.0,0.1207,0.0686,185.03,30.41333333333333,89461.946,0.023619728185235257,3.7217698305126876,0
MERCANTIL DO BRASIL - PRUDENCIAL,2025-03-01,13574965.0,3848.0,1941588.0,0.1261999999999999,0.0727,193.61,2.040339737600028,29.313333333333333,0.0370911885498476,0,10514317.0,968.0,1355792.0,0.1241,0.0708,186.65,29.896666666666665,95990.0736,0.01557205137077019,4.146582981090667,0
MERCANTIL DO BRASIL - PRUDENCIAL,2025-06-01,13890007.0,2358.0,1941588.0,0.1325,0.0717,194.33,0.9327766831999762,31.666666666666668,0.0330769559799882,0,10827152.0,2158.0,1355792.0,0.1308,0.0717,189.49,29.07333333333333,97210.2864,0.013095336165860685,4.322317294065006,0
MERCANTIL DO BRASIL - PRUDENCIAL,2025-09-01,15932550.0,2347.0,2001459.0,0.1276,0.0753,,0.6304326271999727,31.94666666666667,0.0306253576990525,0,12277303.0,3912.0,1424012.0,0.1288,0.0729,190.99,28.473333333333333,103810.47480000001,0.005863600145948979,5.133110646211716,0
MERCEDES-BENZ - PRUDENCIAL,2017-03-01,7665568.0,0.0,987280.0,0.1726,0.1825,164.34,0.9630321349999972,41.17333333333333,0.0686344210507238,0,8990288.0,0.0,935695.0,0.1477,0.1548,163.26,35.07,144845.58599999998,0.022762245354269496,3.7596267163565615,0
MERCEDES-BENZ - PRUDENCIAL,2017-06-01,7766705.0,0.0,987280.0,0.1737999999999999,0.1846,165.65,0.2193980018000196,36.63666666666666,0.0808178309141301,0,8645598.0,0.0,935695.0,0.1539,0.1597,163.72,38.303333333333335,149430.4915,0.03482382396074542,3.322008901499031,0
MERCEDES-BENZ - PRUDENCIAL,2017-09-01,7813048.0,0.0,1116934.0,0.1741,0.1877,166.12,0.5911447296000016,36.16333333333333,0.0731330548960608,0,8387946.0,0.0,937752.0,0.1601,0.1625,162.92,39.71333333333333,152384.7,0.043220893867727234,3.0972485131535734,0
MERCEDES-BENZ - PRUDENCIAL,2017-12-01,8060788.0,0.0,1116934.0,0.168,0.1813,167.13,1.144261174399985,33.526666666666664,0.0741380060351568,0,8058823.0,0.0,937752.0,0.1675,0.1712999999999999,162.73,40.38,160636.9175999999,0.05261740371709522,2.890656086283705,0
MERCEDES-BENZ - PRUDENCIAL,2018-03-01,8141485.0,0.0,1200269.0,0.1669,0.1821,167.98,0.7014778351999817,33.15,0.089485961608039,0,7665568.0,0.0,987280.0,0.1726,0.1825,164.34,41.17333333333333,180178.6,0.07066956656516299,2.5764493414463505,0
MERCEDES-BENZ - PRUDENCIAL,2018-06-01,8164981.0,0.0,1200269.0,0.1702,0.1855,167.89,1.8887030879999989,30.82333333333333,0.0902934654011828,0,7766705.0,0.0,987280.0,0.1737999999999999,0.1846,165.65,36.63666666666666,182251.88799999998,0.04948675999355539,2.955296932535049,0
MERCEDES-BENZ - PRUDENCIAL,2018-09-01,8799332.0,0.0,1165980.0,0.1662,0.1789,169.35,0.7208535743999933,28.546666666666667,0.0697213572332502,0,7813048.0,0.0,1116934.0,0.1741,0.1877,166.12,36.16333333333333,209648.5118,0.04968998040132278,2.950984956688118,0
MERCEDES-BENZ - PRUDENCIAL,2018-12-01,9614560.0,0.0,1165980.0,0.1563,0.1662,169.09,0.3894135824999978,28.71666666666667,0.0702611810827518,0,8060788.0,0.0,1116934.0,0.168,0.1813,167.13,33.526666666666664,202500.1342,0.037245937672321025,3.252255109192258,0
MERCEDES-BENZ - PRUDENCIAL,2019-03-01,10083037.0,0.0,1236189.0,0.1535,0.1638,169.51,1.507011320000018,30.386666666666667,0.0583243452518602,0,8141485.0,0.0,1200269.0,0.1669,0.1821,167.98,33.15,218568.9849,0.03668586647646503,3.267987990491492,0
MERCEDES-BENZ - PRUDENCIAL,2019-06-01,10660362.0,0.0,1236189.0,0.1505,0.1625,170.58,0.710811074100004,30.69666666666667,0.0508291476354728,0,8164981.0,0.0,1200269.0,0.1702,0.1855,167.89,30.82333333333333,222649.8995,0.030187863952538186,3.469662390926507,0
MERCEDES-BENZ - PRUDENCIAL,2019-09-01,11425187.0,0.0,1238528.0,0.146,0.1565,170.5,0.2600889164000142,30.59,0.0369318844963955,0,8799332.0,0.0,1165980.0,0.1662,0.1789,169.35,28.546666666666667,208593.82200000001,0.018558395254890024,3.968100255058719,0
MERCEDES-BENZ - PRUDENCIAL,2019-12-01,12734880.0,0.0,1238528.0,0.1409,0.1498,171.91,1.767530865000011,29.096666666666664,0.0386767404129798,0,9614560.0,0.0,1165980.0,0.1563,0.1662,169.09,28.71666666666667,193785.876,0.012240590782740547,4.3906816127738635,0
MERCEDES-BENZ - PRUDENCIAL,2020-03-01,12590941.0,0.0,1259789.0,0.1458,0.1518,168.09,0.5308473674999981,28.24,0.0433436610834995,0,10083037.0,0.0,1236189.0,0.1535,0.1638,169.51,30.386666666666667,202487.7582,0.0112055530615888,4.480077006329672,0
MERCEDES-BENZ - PRUDENCIAL,2020-06-01,12084347.0,0.0,1259789.0,0.1528999999999999,0.1525,153.27,-0.4306129372000034,24.44333333333333,0.0449566986830063,0,10660362.0,0.0,1236189.0,0.1505,0.1625,170.58,30.69666666666667,200880.7125,0.008561727414908689,4.751854718925021,0
MERCEDES-BENZ - PRUDENCIAL,2020-09-01,12526700.0,0.0,1098187.0,0.1502,0.1424,165.34,1.2447095295999857,21.71666666666667,0.0406050489829964,0,11425187.0,0.0,1238528.0,0.146,0.1565,170.5,30.59,193829.632,0.005604346425294942,5.178592725316577,0
MERCEDES-BENZ - PRUDENCIAL,2020-12-01,12043164.0,0.0,1098187.0,0.1556,0.1502,171.47,3.131382328999988,20.72,0.0396606277165829,0,12734880.0,0.0,1238528.0,0.1409,0.1498,171.91,29.096666666666664,185531.4944,0.002516919736040001,5.98219935967486,0
MERCEDES-BENZ - PRUDENCIAL,2021-03-01,12613996.0,0.0,1108489.0,0.1563,0.1534,173.12,2.052492994999988,22.403333333333336,0.0384321301032164,0,12590941.0,0.0,1259789.0,0.1458,0.1518,168.09,28.24,191235.97019999998,0.002339313850096628,6.0555555648470225,0
MERCEDES-BENZ - PRUDENCIAL,2021-06-01,13741872.0,0.0,1108489.0,0.1426,0.1477,172.06,1.6786286369000036,21.46333333333333,0.0577880717456845,0,12084347.0,0.0,1259789.0,0.1528999999999999,0.1525,153.27,24.44333333333333,192117.8225,0.0016258052730424597,6.420124905076095,0
MERCEDES-BENZ - PRUDENCIAL,2021-09-01,14189456.0,0.0,1134665.0,0.1429,0.1474,172.27,3.0196768831999954,21.08666666666667,0.0537616723766736,0,12526700.0,0.0,1098187.0,0.1502,0.1424,165.34,21.71666666666667,156381.8288,0.0013141190524552,6.633273776773814,0
MERCEDES-BENZ - PRUDENCIAL,2021-12-01,14428432.0,0.0,1134665.0,0.143,0.1471,174.3,2.958021687500012,22.62,0.0603002514718587,0,12043164.0,0.0,1098187.0,0.1556,0.1502,171.47,20.72,164947.6874,0.0018145412371591127,6.310106415699663,0
MERCEDES-BENZ - PRUDENCIAL,2022-03-01,14791260.0,0.0,1147193.0,0.1414,0.1467,175.72,3.2006523548000043,24.72,0.0599662588683327,0,12613996.0,0.0,1108489.0,0.1563,0.1534,173.12,22.403333333333336,170042.2126,0.0015533857032192632,6.465763812204639,0
MERCEDES-BENZ - PRUDENCIAL,2022-06-01,15740254.0,0.0,1147193.0,0.1356,0.1384999999999999,177.81,2.215266379399994,25.546666666666667,0.0558795766979424,0,13741872.0,0.0,1108489.0,0.1426,0.1477,172.06,21.46333333333333,163723.8253,0.0007618559574193717,7.178990906187442,0
MERCEDES-BENZ - PRUDENCIAL,2022-09-01,16962686.0,0.0,1127163.0,0.1267,0.13,179.54,-1.3245430992000151,27.44,0.0479637888617407,0,14189456.0,0.0,1134665.0,0.1429,0.1474,172.27,21.08666666666667,167249.621,0.0005845772490862609,7.444036875024283,0
MERCEDES-BENZ - PRUDENCIAL,2022-12-01,19583581.0,0.0,1127163.0,0.1112,0.1138,180.33,1.6286339977999995,29.036666666666665,0.0409960929940231,0,14428432.0,0.0,1134665.0,0.143,0.1471,174.3,22.62,166909.2215,0.000603570962624943,7.41204318612611,0
MERCEDES-BENZ - PRUDENCIAL,2023-03-01,18468183.0,0.0,1090834.0,0.1185,0.1211999999999999,182.74,2.094210609200031,30.19,0.0432402721885737,0,14791260.0,0.0,1147193.0,0.1414,0.1467,175.72,24.72,168293.2131,0.0006018713337820589,7.414864814327291,0
MERCEDES-BENZ - PRUDENCIAL,2023-06-01,17595238.0,0.0,1090834.0,0.1246,0.1211999999999999,184.28,0.760729877599986,32.02333333333333,0.0392589415551343,0,15740254.0,0.0,1147193.0,0.1356,0.1384999999999999,177.81,25.546666666666667,158886.2304999999,0.00040277225049134335,7.816736437738942,0
MERCEDES-BENZ - PRUDENCIAL,2023-09-01,18258030.0,0.0,1092823.0,0.1222,0.1206,184.44,0.6111867176000096,31.51333333333333,0.0387462262633385,0,16962686.0,0.0,1127163.0,0.1267,0.13,179.54,27.44,146531.19,0.0002474153238525118,8.304194714506318,0
MERCEDES-BENZ - PRUDENCIAL,2023-12-01,17451162.0,0.0,1092823.0,0.1278999999999999,0.1146,185.03,1.083587763199989,30.41333333333333,0.0334604697895431,0,19583581.0,0.0,1127163.0,0.1112,0.1138,180.33,29.036666666666665,128271.1494,6.78839674471856e-05,9.5976427851796,0
MERCEDES-BENZ - PRUDENCIAL,2024-03-01,17048164.0,0.0,1101879.0,0.133,0.1202,186.65,1.415491577599992,29.896666666666665,0.0353044263244069,0,18468183.0,0.0,1090834.0,0.1185,0.1211999999999999,182.74,30.19,132209.0807999999,0.00014268971110144207,8.854695437890364,0
MERCEDES-BENZ - PRUDENCIAL,2024-06-01,16831033.0,0.0,1101879.0,0.1366,0.1225,189.49,1.053515670799987,29.07333333333333,0.0387066616097979,0,17595238.0,0.0,1090834.0,0.1246,0.1211999999999999,184.28,32.02333333333333,132209.0807999999,0.0002775116531017076,8.189370082433609,0
MERCEDES-BENZ - PRUDENCIAL,2024-09-01,17178524.0,0.0,1128752.0,0.1375,0.1245,190.99,0.8015076655999875,28.473333333333333,0.0350342900844395,0,18258030.0,0.0,1092823.0,0.1222,0.1206,184.44,31.51333333333333,131794.4538,0.00018508589350253138,8.594505448507967,0
MERCEDES-BENZ - PRUDENCIAL,2024-12-01,17453577.0,0.0,1128752.0,0.1398,0.1247,191.11,1.47713535680003,27.96,0.0309499203380741,0,17451162.0,0.0,1092823.0,0.1278999999999999,0.1146,185.03,30.41333333333333,125237.5158,0.0002742285775508138,8.201274308625116,0
MERCEDES-BENZ - PRUDENCIAL,2025-03-01,16959266.0,0.0,769081.0,0.1474,0.1301999999999999,193.61,2.040339737600028,29.313333333333333,0.0408601603541667,0,17048164.0,0.0,1101879.0,0.133,0.1202,186.65,29.896666666666665,132445.8558,0.0003398472245654698,7.986674475964955,0
MERCEDES-BENZ - PRUDENCIAL,2025-06-01,16506885.0,0.0,769081.0,0.1546,0.1363,194.33,0.9327766831999762,31.666666666666668,0.0440303412520914,0,16831033.0,0.0,1101879.0,0.1366,0.1225,189.49,29.07333333333333,134980.1775,0.00038325611545784256,7.866423754025682,0
MERCEDES-BENZ - PRUDENCIAL,2025-09-01,17172743.0,0.0,790797.0,0.1301,0.1159,,0.6304326271999727,31.94666666666667,0.0448843674551995,0,17178524.0,0.0,1128752.0,0.1375,0.1245,190.99,28.473333333333333,140529.624,0.00031344089981441624,8.067586243068662,0
MIZUHO - PRUDENCIAL,2017-03-01,1610451.0,21582.0,202068.0,0.2554,0.1346,164.34,0.9630321349999972,41.17333333333333,0.027939332040737,0,2034750.0,75042.0,98269.0,0.1978,0.1152,163.26,35.07,11320.5888,0.4985901106876823,0.005639572395771365,0
MIZUHO - PRUDENCIAL,2017-06-01,1238312.0,19552.0,202068.0,0.3249,0.1455,165.65,0.2193980018000196,36.63666666666666,0.0397512078158117,0,1847944.0,88170.0,98269.0,0.2251999999999999,0.1301999999999999,163.72,38.303333333333335,12794.62379999999,0.5709799596163766,-0.2858504797950365,0
MIZUHO - PRUDENCIAL,2017-09-01,1436717.0,977.0,208172.0,0.3111,0.1626999999999999,166.12,0.5911447296000016,36.16333333333333,0.0331904898947039,0,1734548.0,22404.0,209633.0,0.241,0.1293,162.92,39.71333333333333,27105.5469,0.6080101490886324,-0.4389556252286547,1
MIZUHO - PRUDENCIAL,2017-12-01,1707852.0,6713.0,208172.0,0.2737,0.1144,167.13,1.144261174399985,33.526666666666664,0.0,0,1661621.0,17865.0,209633.0,0.2542,0.1207,162.73,40.38,25302.7031,0.6345708311835524,-0.5518764458795201,1
MIZUHO - PRUDENCIAL,2018-03-01,1463095.0,10045.0,241199.0,0.3042,0.13,167.98,0.7014778351999817,33.15,0.0,0,1610451.0,21582.0,202068.0,0.2554,0.1346,164.34,41.17333333333333,27198.3528,0.6507111846325748,-0.6221667635163473,1
MIZUHO - PRUDENCIAL,2018-06-01,1533132.0,9682.0,241199.0,0.3037,0.1273,167.89,1.8887030879999989,30.82333333333333,0.0,0,1238312.0,19552.0,202068.0,0.3249,0.1455,165.65,36.63666666666666,29400.893999999997,0.6064081766912323,-0.43223892712427214,1
MIZUHO - PRUDENCIAL,2018-09-01,1687328.0,4436.0,250912.0,0.2835,0.1553999999999999,169.35,0.7208535743999933,28.546666666666667,0.0,0,1436717.0,977.0,208172.0,0.3111,0.1626999999999999,166.12,36.16333333333333,33869.58439999998,0.5562515886189248,-0.22596292839824514,0
MIZUHO - PRUDENCIAL,2018-12-01,1816686.0,49249.0,250912.0,0.273,0.1369,169.09,0.3894135824999978,28.71666666666667,0.0,0,1707852.0,6713.0,208172.0,0.2737,0.1144,167.13,33.526666666666664,23814.876800000002,0.5285393441030994,-0.11428159313052495,0
MIZUHO - PRUDENCIAL,2019-03-01,2097878.0,107547.0,312712.0,0.2231,0.1448,169.51,1.507011320000018,30.386666666666667,0.0,0,1463095.0,10045.0,241199.0,0.3042,0.13,167.98,33.15,31355.870000000003,0.5441857619336873,-0.17720530863632974,0
MIZUHO - PRUDENCIAL,2019-06-01,2468195.0,81920.0,312712.0,0.1969999999999999,0.1532,170.58,0.710811074100004,30.69666666666667,0.0,0,1533132.0,9682.0,241199.0,0.3037,0.1273,167.89,30.82333333333333,30704.6327,0.4920335065518177,0.03186867089984821,0
MIZUHO - PRUDENCIAL,2019-09-01,2521956.0,60352.0,293259.0,0.2110999999999999,0.125,170.5,0.2600889164000142,30.59,0.0,0,1687328.0,4436.0,250912.0,0.2835,0.1553999999999999,169.35,28.546666666666667,38991.724799999974,0.41147021549279794,0.35789089931278034,0
MIZUHO - PRUDENCIAL,2019-12-01,2927960.0,18136.0,293259.0,0.2042,0.1209,171.91,1.767530865000011,29.096666666666664,0.0,0,1816686.0,49249.0,250912.0,0.273,0.1369,169.09,28.71666666666667,34349.8528,0.42027337138384674,0.3216512788385373,0
MIZUHO - PRUDENCIAL,2020-03-01,4140285.0,25185.0,296505.0,0.1455,0.1009999999999999,168.09,0.5308473674999981,28.24,0.0,0,2097878.0,107547.0,312712.0,0.2231,0.1448,169.51,30.386666666666667,45280.69760000001,0.42755845810297466,0.29181959703722665,0
MIZUHO - PRUDENCIAL,2020-06-01,3804645.0,39653.0,296505.0,0.1639,0.1,153.27,-0.4306129372000034,24.44333333333333,0.0,0,2468195.0,81920.0,312712.0,0.1969999999999999,0.1532,170.58,30.69666666666667,47907.4784,0.3817149992558832,0.4822752626600166,0
MIZUHO - PRUDENCIAL,2020-09-01,3889422.0,7405.0,292657.0,0.1613,0.0931,165.34,1.2447095295999857,21.71666666666667,0.0,0,2521956.0,60352.0,293259.0,0.2110999999999999,0.125,170.5,30.59,36657.375,0.3916131854807496,0.4405363070488994,0
MIZUHO - PRUDENCIAL,2020-12-01,3767753.0,5170.0,292657.0,0.1651,0.1113,171.47,3.131382328999988,20.72,0.0,0,2927960.0,18136.0,293259.0,0.2042,0.1209,171.91,29.096666666666664,35455.0131,0.3203149460730464,0.7523248167792408,0
MIZUHO - PRUDENCIAL,2021-03-01,4017325.0,25464.0,288007.0,0.1588,0.1088,173.12,2.052492994999988,22.403333333333336,0.0,0,4140285.0,25185.0,296505.0,0.1455,0.1009999999999999,168.09,28.24,29947.00499999997,0.18567538711353276,1.478359155508913,0
MONEY PLUS SCMEPP LTDA - PRUDENCIAL,2020-06-01,20195.0,0.0,2019.0,0.0,0.0,153.27,-0.4306129372000034,24.44333333333333,0.0614151725303335,0,0.0,0.0,0.0,0.0,0.0,170.58,30.69666666666667,0.0,0.8229004967135032,-1.5361235495818186,1
MONEY PLUS SCMEPP LTDA - PRUDENCIAL,2020-09-01,36606.0,0.0,3661.0,0.0,0.0,165.34,1.2447095295999857,21.71666666666667,0.0836992900603378,0,13096.0,0.0,1310.0,0.0,0.0,170.5,30.59,0.0,0.8203541543386841,-1.5187487533283506,1
MORGAN STANLEY - PRUDENCIAL,2017-03-01,4303992.0,207135.0,1291816.0,0.2653,0.1741,164.34,0.9630321349999972,41.17333333333333,0.0,0,7334492.0,262129.0,909613.0,0.1826,0.0984999999999999,163.26,35.07,89596.8804999999,0.07036102602146711,2.5811568086455656,0
MORGAN STANLEY - PRUDENCIAL,2017-06-01,2986616.0,442599.0,1291816.0,0.3542,0.2542,165.65,0.2193980018000196,36.63666666666666,0.0,0,3224735.0,432028.0,971388.0,0.301,0.184,163.72,38.303333333333335,178735.392,0.4584156888475064,0.16672236372234717,0
MORGAN STANLEY - PRUDENCIAL,2017-09-01,3613754.0,1093395.0,1473514.0,0.2923,0.1893,166.12,0.5911447296000016,36.16333333333333,0.0,0,3558440.0,1001499.0,1221527.0,0.288,0.15,162.92,39.71333333333333,183229.05,0.5542174543987783,-0.21772585926902108,0
MORGAN STANLEY - PRUDENCIAL,2017-12-01,4304293.0,512238.0,1473514.0,0.2966,0.1673,167.13,1.144261174399985,33.526666666666664,0.0,0,3797945.0,2225782.0,1221527.0,0.2579,0.2067,162.73,40.38,252489.6309,0.6645622479080809,-0.6836921483094814,1
MORGAN STANLEY - PRUDENCIAL,2018-03-01,4919907.0,2681155.0,1556267.0,0.1802,0.1306,167.98,0.7014778351999817,33.15,0.0,0,4303992.0,207135.0,1291816.0,0.2653,0.1741,164.34,41.17333333333333,224905.1656,0.3848496272651882,0.4690140671334906,0
MORGAN STANLEY - PRUDENCIAL,2018-06-01,8463538.0,528719.0,1556267.0,0.1926999999999999,0.1397,167.89,1.8887030879999989,30.82333333333333,0.0,0,2986616.0,442599.0,1291816.0,0.3542,0.2542,165.65,36.63666666666666,328379.6272,0.47536630636591115,0.0986146147151223,0
MORGAN STANLEY - PRUDENCIAL,2018-09-01,8770972.0,554857.0,1680616.0,0.1893,0.1138,169.35,0.7208535743999933,28.546666666666667,0.0,0,3613754.0,1093395.0,1473514.0,0.2923,0.1893,166.12,36.16333333333333,278936.2002,0.522396393907455,-0.08964556230044007,0
MORGAN STANLEY - PRUDENCIAL,2018-12-01,8008500.0,377405.0,1680616.0,0.2012999999999999,0.121,169.09,0.3894135824999978,28.71666666666667,0.0,0,4304293.0,512238.0,1473514.0,0.2966,0.1673,167.13,33.526666666666664,246518.8922,0.3195419045290291,0.7558778195110192,0
MORGAN STANLEY - PRUDENCIAL,2019-03-01,9843181.0,310225.0,2011696.0,0.1755999999999999,0.0966,169.51,1.507011320000018,30.386666666666667,0.0,0,4919907.0,2681155.0,1556267.0,0.1802,0.1306,167.98,33.15,203248.47019999998,0.5391317414035246,-0.15684772996897908,0
MORGAN STANLEY - PRUDENCIAL,2019-06-01,6285553.0,1648193.0,2011696.0,0.1975,0.1176,170.58,0.710811074100004,30.69666666666667,0.0,0,8463538.0,528719.0,1556267.0,0.1926999999999999,0.1397,167.89,30.82333333333333,217410.4999,0.04082265268777931,3.1568388470365236,0
MORGAN STANLEY - PRUDENCIAL,2019-09-01,5904731.0,697190.0,2187942.0,0.2086,0.11,170.5,0.2600889164000142,30.59,0.0,0,8770972.0,554857.0,1680616.0,0.1893,0.1138,169.35,28.546666666666667,191254.1008,0.032669647115503096,3.3880936397064203,0
MORGAN STANLEY - PRUDENCIAL,2019-12-01,5904794.0,123675.0,2187942.0,0.2245,0.1333,171.91,1.767530865000011,29.096666666666664,0.0,0,8008500.0,377405.0,1680616.0,0.2012999999999999,0.121,169.09,28.71666666666667,203354.536,0.0449389915202026,3.05646939584746,0
MORGAN STANLEY - PRUDENCIAL,2020-03-01,10870606.0,687415.0,2113760.0,0.1918,0.091,168.09,0.5308473674999981,28.24,0.0,0,9843181.0,310225.0,2011696.0,0.1755999999999999,0.0966,169.51,30.386666666666667,194329.8336,0.02059781165452339,3.8617575339516477,0
MORGAN STANLEY - PRUDENCIAL,2020-06-01,7451343.0,330447.0,2113760.0,0.2369,0.1373,153.27,-0.4306129372000034,24.44333333333333,0.0,0,6285553.0,1648193.0,2011696.0,0.1975,0.1176,170.58,30.69666666666667,236575.4496,0.2452760731544955,1.123967617353146,0
MORGAN STANLEY - PRUDENCIAL,2020-09-01,7270237.0,582383.0,2402392.0,0.2682,0.1492,165.34,1.2447095295999857,21.71666666666667,0.0,0,5904731.0,697190.0,2187942.0,0.2086,0.11,170.5,30.59,240673.62,0.20307519217681097,1.367184015183229,0
MORGAN STANLEY - PRUDENCIAL,2020-12-01,9580861.0,351378.0,2402392.0,0.2305,0.1435,171.47,3.131382328999988,20.72,0.0,0,5904794.0,123675.0,2187942.0,0.2245,0.1333,171.91,29.096666666666664,291652.6686,0.14849871526730343,1.7464247022000086,0
MORGAN STANLEY - PRUDENCIAL,2021-03-01,11958022.0,40247.0,2708550.0,0.2011,0.1558,173.12,2.052492994999988,22.403333333333336,0.0,0,10870606.0,687415.0,2113760.0,0.1918,0.091,168.09,28.24,192352.16,0.011851992954265405,4.423336456096907,0
MORGAN STANLEY - PRUDENCIAL,2021-06-01,8550659.0,405801.0,2708550.0,0.2583,0.1437,172.06,1.6786286369000036,21.46333333333333,0.0,0,7451343.0,330447.0,2113760.0,0.2369,0.1373,153.27,24.44333333333333,290219.248,0.03411766448083583,3.3432267508870224,0
MORGAN STANLEY - PRUDENCIAL,2021-09-01,10317173.0,846512.0,3017823.0,0.2259,0.1510999999999999,172.27,3.0196768831999954,21.08666666666667,0.0,0,7270237.0,582383.0,2402392.0,0.2682,0.1492,165.34,21.71666666666667,358436.8864,0.05067807361367635,2.9302546242015186,0
MORGAN STANLEY - PRUDENCIAL,2021-12-01,9979494.0,60126.0,3017823.0,0.2448,0.1809,174.3,2.958021687500012,22.62,0.0,0,9580861.0,351378.0,2402392.0,0.2305,0.1435,171.47,20.72,344743.252,0.013842997929441506,4.266036033205782,0
MORGAN STANLEY - PRUDENCIAL,2022-03-01,12334765.0,93422.0,2921642.0,0.2062999999999999,0.1667,175.72,3.2006523548000043,24.72,0.0,0,11958022.0,40247.0,2708550.0,0.2011,0.1558,173.12,22.403333333333336,421992.08999999997,0.004299352078479558,5.444982326291,0
MORGAN STANLEY - PRUDENCIAL,2022-06-01,10777418.0,445983.0,2921642.0,0.2146,0.1846999999999999,177.81,2.215266379399994,25.546666666666667,0.0,0,8550659.0,405801.0,2708550.0,0.2583,0.1437,172.06,21.46333333333333,389218.635,0.029779764437460162,3.4836939756683503,0
MORGAN STANLEY - PRUDENCIAL,2022-09-01,9753718.0,483905.0,2919312.0,0.2366,0.2108,179.54,-1.3245430992000151,27.44,0.0,0,10317173.0,846512.0,3017823.0,0.2259,0.1510999999999999,172.27,21.08666666666667,455993.0552999997,0.016005970846256417,4.118657998685026,0
MORGAN STANLEY - PRUDENCIAL,2022-12-01,10043174.0,933568.0,2919312.0,0.206,0.1891,180.33,1.6286339977999995,29.036666666666665,0.0,0,9979494.0,60126.0,3017823.0,0.2448,0.1809,174.3,22.62,545924.1807,0.01605625651478613,4.115470136641032,0
MORGAN STANLEY - PRUDENCIAL,2023-03-01,10229292.0,130769.0,3142215.0,0.2275,0.1989,182.74,2.094210609200031,30.19,0.0,0,12334765.0,93422.0,2921642.0,0.2062999999999999,0.1667,175.72,24.72,487037.7214,0.005054907874736883,5.282327924218568,0
MORGAN STANLEY - PRUDENCIAL,2023-06-01,8907982.0,74404.0,3142215.0,0.2389,0.2194,184.28,0.760729877599986,32.02333333333333,0.0,0,10777418.0,445983.0,2921642.0,0.2146,0.1846999999999999,177.81,25.546666666666667,539627.2773999997,0.01668785690176592,4.076245287840133,0
MORGAN STANLEY - PRUDENCIAL,2023-09-01,5567075.0,1234088.0,3141436.0,0.2502,0.268,184.44,0.6111867176000096,31.51333333333333,0.0,0,9753718.0,483905.0,2919312.0,0.2366,0.2108,179.54,27.44,615390.9696,0.03720015652794919,3.2535325744261816,0
MORGAN STANLEY - PRUDENCIAL,2023-12-01,4602015.0,468204.0,3141436.0,0.2667,0.2664,185.03,1.083587763199989,30.41333333333333,0.0,0,10043174.0,933568.0,2919312.0,0.206,0.1891,180.33,29.036666666666665,552041.8992,0.04442497618808666,3.06851144052112,0
MORGAN STANLEY - PRUDENCIAL,2024-03-01,4777856.0,728963.0,3479570.0,0.293,0.2434,186.65,1.415491577599992,29.896666666666665,0.0,0,10229292.0,130769.0,3142215.0,0.2275,0.1989,182.74,30.19,624986.5634999999,0.034752028437446424,3.3241470911746207,0
MORGAN STANLEY - PRUDENCIAL,2024-06-01,6334232.0,571834.0,3479570.0,0.2336,0.1782,189.49,1.053515670799987,29.07333333333333,0.0,0,8907982.0,74404.0,3142215.0,0.2389,0.2194,184.28,32.02333333333333,689401.971,0.08420402713058067,2.3865508546729113,0
MORGAN STANLEY - PRUDENCIAL,2024-09-01,5731341.0,861770.0,3260945.0,0.2489,0.266,190.99,0.8015076655999875,28.473333333333333,0.0,0,5567075.0,1234088.0,3141436.0,0.2502,0.268,184.44,31.51333333333333,841904.848,0.5450077547058876,-0.18051964766430534,0
MORGAN STANLEY - PRUDENCIAL,2024-12-01,7036980.0,445895.0,3260945.0,0.2387999999999999,0.2216,191.11,1.47713535680003,27.96,0.0,0,4602015.0,468204.0,3141436.0,0.2667,0.2664,185.03,30.41333333333333,836878.5504000001,0.5599790221151477,-0.2410769195047836,0
MORGAN STANLEY - PRUDENCIAL,2025-03-01,6282266.0,385136.0,3379994.0,0.2332999999999999,0.2441,193.61,2.040339737600028,29.313333333333333,0.0083694077436567,0,4777856.0,728963.0,3479570.0,0.293,0.2434,186.65,29.896666666666665,846927.338,0.6011954701369251,-0.410448726140235,1
MORGAN STANLEY - PRUDENCIAL,2025-06-01,7599165.0,452809.0,3379994.0,0.226,0.2542,194.33,0.9327766831999762,31.666666666666668,0.0113601612597996,0,6334232.0,571834.0,3479570.0,0.2336,0.1782,189.49,29.07333333333333,620059.374,0.3260542631219184,0.7260857799272358,0
MORGAN STANLEY - PRUDENCIAL,2025-09-01,7826877.0,1088431.0,3677320.0,0.2146,0.2507999999999999,,0.6304326271999727,31.94666666666667,0.0107360063342855,0,5731341.0,861770.0,3260945.0,0.2489,0.266,190.99,28.473333333333333,867411.37,0.47295399675380506,0.10828971229518299,0
MÁXIMA - PRUDENCIAL,2017-03-01,636836.0,2601.0,54237.0,-0.0112,-0.0078,164.34,0.9630321349999972,41.17333333333333,0.0964196400760293,0,588998.0,70564.0,8715.0,0.0326,0.0263,163.26,35.07,229.2045,0.7801324368009421,-1.2664383159588979,1
MÁXIMA - PRUDENCIAL,2017-06-01,585444.0,3614.0,54237.0,0.0060999999999999,0.0046999999999999,165.65,0.2193980018000196,36.63666666666666,0.0834716703325046,0,587934.0,2196.0,8715.0,0.0358,0.0246,163.72,38.303333333333335,214.389,0.8169912457876767,-1.496094390262943,1
MÁXIMA - PRUDENCIAL,2017-09-01,601742.0,3164.0,71009.0,0.0048,0.0037,166.12,0.5911447296000016,36.16333333333333,0.0715356532389593,0,582067.0,14019.0,0.0,0.0166,0.0118,162.92,39.71333333333333,0.0,0.8404725890782768,-1.661748576284552,1
MÁXIMA - PRUDENCIAL,2017-12-01,849840.0,1050.0,71009.0,0.044,0.0412,167.13,1.144261174399985,33.526666666666664,0.058034595579864,0,624395.0,2709.0,0.0,0.0056999999999999,0.0034999999999999,162.73,40.38,0.0,0.8483854111242664,-1.7219933248636827,1
MÁXIMA - PRUDENCIAL,2018-03-01,968460.0,1006.0,90938.0,0.0256999999999999,0.027,167.98,0.7014778351999817,33.15,0.0722095122775368,0,636836.0,2601.0,54237.0,-0.0112,-0.0078,164.34,41.17333333333333,-423.04859999999996,0.8672416079783856,-1.8767867336017383,1
MÁXIMA - PRUDENCIAL,2018-06-01,1212724.0,3506.0,90938.0,0.0487999999999999,0.0444,167.89,1.8887030879999989,30.82333333333333,0.0533941015252078,0,585444.0,3614.0,54237.0,0.0060999999999999,0.0046999999999999,165.65,36.63666666666666,254.91389999999456,0.8213431778138708,-1.52547425014827,1
MÁXIMA - PRUDENCIAL,2018-09-01,1453708.0,5684.0,120651.0,0.0125,0.0124,169.35,0.7208535743999933,28.546666666666667,0.0555145654702774,0,601742.0,3164.0,71009.0,0.0048,0.0037,166.12,36.16333333333333,262.7333,0.817169269083195,-1.4972854994267086,1
MÁXIMA - PRUDENCIAL,2018-12-01,1589584.0,877.0,120651.0,0.053,0.0392,169.09,0.3894135824999978,28.71666666666667,0.0448758723585052,0,849840.0,1050.0,71009.0,0.044,0.0412,167.13,33.526666666666664,2925.5708,0.7298494785122122,-0.9938590280404788,1
MÁXIMA - PRUDENCIAL,2019-03-01,1727965.0,11539.0,137916.0,0.0246,0.0181,169.51,1.507011320000018,30.386666666666667,0.023127367184922,0,968460.0,1006.0,90938.0,0.0256999999999999,0.027,167.98,33.15,2455.326,0.729628675186542,-0.9927394489731749,1
MÁXIMA - PRUDENCIAL,2019-06-01,1692248.0,1268.0,137916.0,0.0285,0.0191,170.58,0.710811074100004,30.69666666666667,0.0142456539419348,0,1212724.0,3506.0,90938.0,0.0487999999999999,0.0444,167.89,30.82333333333333,4037.6472000000003,0.6430222029816436,-0.5885056670397111,1
MÁXIMA - PRUDENCIAL,2019-09-01,1751594.0,9472.0,203202.0,0.0324,0.022,170.5,0.2600889164000142,30.59,0.0152359988037757,0,1453708.0,5684.0,120651.0,0.0125,0.0124,169.35,28.546666666666667,1496.0724,0.6165048225611466,-0.4747390991952613,1
MÁXIMA - PRUDENCIAL,2019-12-01,1744514.0,12951.0,203202.0,0.0816,0.0567,171.91,1.767530865000011,29.096666666666664,0.0296457605113271,0,1589584.0,877.0,120651.0,0.053,0.0392,169.09,28.71666666666667,4729.5192,0.5663114371355902,-0.2668174895160903,0
MÁXIMA - PRUDENCIAL,2020-03-01,1750732.0,18023.0,282955.0,0.0839,0.0526,168.09,0.5308473674999981,28.24,0.0276106598841796,0,1727965.0,11539.0,137916.0,0.0246,0.0181,169.51,30.386666666666667,2496.2796000000003,0.6080870753148137,-0.4392784032242889,1
MÁXIMA - PRUDENCIAL,2020-06-01,2062277.0,1522.0,282955.0,0.0833,0.0464,153.27,-0.4306129372000034,24.44333333333333,0.0045897513847107,0,1692248.0,1268.0,137916.0,0.0285,0.0191,170.58,30.69666666666667,2634.1956,0.6217550826256423,-0.4970043417295916,1
MÁXIMA - PRUDENCIAL,2020-09-01,1788777.0,6193.0,306768.0,0.0947,0.0419,165.34,1.2447095295999857,21.71666666666667,0.0054868337626225,0,1751594.0,9472.0,203202.0,0.0324,0.022,170.5,30.59,4470.4439999999995,0.6108186451562132,-0.45075465561566397,1
NEON PAGAMENTOS IP - PRUDENCIAL,2024-09-01,3684551.0,67918.0,107261.0,0.1785,0.0,190.99,0.8015076655999875,28.473333333333333,0.2146464407912178,1,4128421.0,347989.0,813271.0,0.142,0.0,184.44,31.51333333333333,0.0,0.44050110448723634,0.23912860114547693,0
NEON PAGAMENTOS IP - PRUDENCIAL,2024-12-01,3947124.0,88671.0,107261.0,0.1725,0.0,191.11,1.47713535680003,27.96,0.2020309230984675,1,3825504.0,291325.0,813271.0,0.1754,0.0,185.03,30.41333333333333,0.0,0.4535184717016503,0.18646450707372975,0
NU PAGAMENTOS - PRUDENCIAL,2024-03-01,71458041.0,179158.0,22484390.0,0.1177999999999999,0.0,186.65,1.415491577599992,29.896666666666665,0.0923004761274328,0,0.0,0.0,0.0,0.0,0.0,167.89,30.82333333333333,0.0,0.8148186756826552,-1.4816301276144572,1
NU PAGAMENTOS - PRUDENCIAL,2024-06-01,75784218.0,378265.0,22484390.0,0.1264,0.0,189.49,1.053515670799987,29.07333333333333,0.1044570241896638,0,0.0,0.0,0.0,0.0,0.0,169.35,28.546666666666667,0.0,0.7928159433727633,-1.3419835318937055,1
NU PAGAMENTOS - PRUDENCIAL,2024-09-01,81828698.0,268977.0,27819399.0,0.1299,0.0,190.99,0.8015076655999875,28.473333333333333,0.1114429804949537,0,59968451.0,298562.0,30915992.0,0.0911999999999999,0.0,184.44,31.51333333333333,0.0,1.1411846154150883e-13,29.801539349815474,0
NU PAGAMENTOS - PRUDENCIAL,2024-12-01,91195553.0,180879.0,27819399.0,0.1465,0.0,191.11,1.47713535680003,27.96,0.1093914195267188,0,66904075.0,290291.0,19605042.0,0.1141,0.0,185.03,30.41333333333333,0.0,1.0460991593090398e-15,34.49370823528645,0
NU PAGAMENTOS - PRUDENCIAL,2025-03-01,95198665.0,791822.0,31652233.0,0.1379,0.0,193.61,2.040339737600028,29.313333333333333,0.0919673482788174,0,71458041.0,179158.0,22484390.0,0.1177999999999999,0.0,186.65,29.896666666666665,0.0,9.066560776231165e-17,36.93935357552529,0
NU PAGAMENTOS - PRUDENCIAL,2025-06-01,102075075.0,522115.0,31627864.0,0.1286999999999999,0.0,194.33,0.9327766831999762,31.666666666666668,0.1067359528633222,0,75784218.0,378265.0,22484390.0,0.1264,0.0,189.49,29.07333333333333,0.0,8.810686839001492e-18,39.270566275789406,0
NU PAGAMENTOS - PRUDENCIAL,2025-09-01,111216580.0,5128819.0,32650719.0,0.1188,0.0,,0.6304326271999727,31.94666666666667,0.1096254385875877,0,81828698.0,268977.0,27819399.0,0.1299,0.0,190.99,28.473333333333333,0.0,3.81152944079619e-19,42.41108623036844,0
OMNI - PRUDENCIAL,2017-03-01,2014065.0,0.0,671404.0,0.1008,0.0,164.34,0.9630321349999972,41.17333333333333,0.2247069133736045,1,1849057.0,0.0,539125.0,0.1067999999999999,0.0,163.26,35.07,0.0,0.6528308431752253,-0.6315059049466007,1
OMNI - PRUDENCIAL,2017-06-01,1889390.0,116.0,671404.0,0.1074,0.1341,165.65,0.2193980018000196,36.63666666666666,0.2334817238782509,1,1851021.0,0.0,539125.0,0.1033,0.0,163.72,38.303333333333335,0.0,0.7091142862085205,-0.8910862528033625,1
OMNI - PRUDENCIAL,2017-09-01,1825533.0,150.0,842702.0,0.1093,0.1532,166.12,0.5911447296000016,36.16333333333333,0.1921265078291223,1,1760196.0,0.0,616389.0,0.109,0.0,162.92,39.71333333333333,0.0,0.7374761966479926,-1.0328920542238833,1
OMNI - PRUDENCIAL,2017-12-01,1798350.0,504.0,842702.0,0.1055,0.1481,167.13,1.144261174399985,33.526666666666664,0.187444732744593,1,1687632.0,0.0,616389.0,0.1113,0.0,162.73,40.38,0.0,0.7538131336844338,-1.119053636839529,1
OMNI - PRUDENCIAL,2018-03-01,1773001.0,1374.0,938576.0,0.1046,0.1525999999999999,167.98,0.7014778351999817,33.15,0.1772325327335738,1,2014065.0,0.0,671404.0,0.1008,0.0,164.34,41.17333333333333,0.0,0.7395503019760526,-1.0436325563065019,1
OMNI - PRUDENCIAL,2018-06-01,1837135.0,2287.0,938576.0,0.1082,0.1582,167.89,1.8887030879999989,30.82333333333333,0.1745261194480031,1,1889390.0,116.0,671404.0,0.1074,0.1341,165.65,36.63666666666666,90035.2764,0.5963263934662895,-0.39018151015084857,0
OMNI - PRUDENCIAL,2018-09-01,1903034.0,2176.0,964092.0,0.104,0.1461,169.35,0.7208535743999933,28.546666666666667,0.1875063561791725,1,1825533.0,150.0,842702.0,0.1093,0.1532,166.12,36.16333333333333,129101.9464,0.6016099468616363,-0.41217774788338035,1
OMNI - PRUDENCIAL,2018-12-01,2020026.0,778.0,964092.0,0.0943,0.1363,169.09,0.3894135824999978,28.71666666666667,0.1962054165733404,1,1798350.0,504.0,842702.0,0.1055,0.1481,167.13,33.526666666666664,124804.1662,0.5658963758802876,-0.2651277088744599,0
OMNI - PRUDENCIAL,2019-03-01,2103190.0,420.0,1123058.0,0.0905,0.1293,169.51,1.507011320000018,30.386666666666667,0.1834777790753382,1,1773001.0,1374.0,938576.0,0.1046,0.1525999999999999,167.98,33.15,143226.6975999999,0.574143461051259,-0.2987767704811181,0
OMNI - PRUDENCIAL,2019-06-01,2252536.0,1074.0,1123058.0,0.0798,0.1158,170.58,0.710811074100004,30.69666666666667,0.1880223765715271,1,1837135.0,2287.0,938576.0,0.1082,0.1582,167.89,30.82333333333333,148482.7232,0.516803884264224,-0.06724086026233334,0
OMNI - PRUDENCIAL,2019-09-01,2454920.0,1632.0,1205171.0,0.0786,0.1121,170.5,0.2600889164000142,30.59,0.1780845263515238,1,1903034.0,2176.0,964092.0,0.104,0.1461,169.35,28.546666666666667,140853.8412,0.4829651938457441,0.0681656071267231,0
OMNI - PRUDENCIAL,2019-12-01,2608352.0,1266.0,1205171.0,0.0776999999999999,0.1085999999999999,171.91,1.767530865000011,29.096666666666664,0.1676343418549258,0,2020026.0,778.0,964092.0,0.0943,0.1363,169.09,28.71666666666667,131405.7396,0.4751144123739913,0.09962466751456446,0
OMNI - PRUDENCIAL,2020-03-01,2694009.0,4223.0,1296259.0,0.0749,0.1077999999999999,168.09,0.5308473674999981,28.24,0.1756166259447596,1,2103190.0,420.0,1123058.0,0.0905,0.1293,169.51,30.386666666666667,145211.3994,0.5164899665076783,-0.06598379576332607,0
OMNI - PRUDENCIAL,2020-06-01,2547710.0,584.0,1296259.0,0.0789,0.1038,153.27,-0.4306129372000034,24.44333333333333,0.2089032692893452,1,2252536.0,1074.0,1123058.0,0.0798,0.1158,170.58,30.69666666666667,130050.1164,0.5160635327280223,-0.06427625100400014,0
OMNI - PRUDENCIAL,2020-09-01,2649829.0,1528.0,1464837.0,0.0802,0.1088,165.34,1.2447095295999857,21.71666666666667,0.1840378747609069,1,2454920.0,1632.0,1205171.0,0.0786,0.1121,170.5,30.59,135099.6691,0.4935958420054625,0.025618033141610354,0
OMNI - PRUDENCIAL,2020-12-01,2909554.0,1014.0,1464837.0,0.0958,0.1332,171.47,3.131382328999988,20.72,0.1535493941779145,0,2608352.0,1266.0,1205171.0,0.0776999999999999,0.1085999999999999,171.91,29.096666666666664,130881.57059999989,0.45359615267579056,0.18615107901547648,0
OMNI - PRUDENCIAL,2021-03-01,3184661.0,1157.0,1521354.0,0.0975,0.1321,173.12,2.052492994999988,22.403333333333336,0.1291303614044877,0,2694009.0,4223.0,1296259.0,0.0749,0.1077999999999999,168.09,28.24,139736.72019999987,0.4112098207270352,0.3589662912747038,0
OMNI - PRUDENCIAL,2021-06-01,3583558.0,308.0,1521354.0,0.0953999999999999,0.1206,172.06,1.6786286369000036,21.46333333333333,0.1228795772415758,0,2547710.0,584.0,1296259.0,0.0789,0.1038,153.27,24.44333333333333,134551.68420000002,0.28517116030185063,0.9189535666733576,0
OMNI - PRUDENCIAL,2021-09-01,3981092.0,327.0,1683874.0,0.0868999999999999,0.1155,172.27,3.0196768831999954,21.08666666666667,0.1249148408779189,0,2649829.0,1528.0,1464837.0,0.0802,0.1088,165.34,21.71666666666667,159374.26559999998,0.2986165566262767,0.8538944013797891,0
OMNI - PRUDENCIAL,2021-12-01,4492063.0,328.0,1683874.0,0.0810999999999999,0.1076999999999999,174.3,2.958021687500012,22.62,0.1274660544498859,0,2909554.0,1014.0,1464837.0,0.0958,0.1332,171.47,20.72,195116.28840000002,0.275119373744097,0.9688018981751066,0
OMNI - PRUDENCIAL,2022-03-01,4815532.0,271.0,1800060.0,0.0747,0.1002,175.72,3.2006523548000043,24.72,0.1436123801417577,0,3184661.0,1157.0,1521354.0,0.0975,0.1321,173.12,22.403333333333336,200970.8634,0.28202048945676655,0.934461305985673,0
OMNI - PRUDENCIAL,2022-06-01,4962845.0,288.0,1800060.0,0.0736,0.0963,177.81,2.215266379399994,25.546666666666667,0.1499338376388581,0,3583558.0,308.0,1521354.0,0.0953999999999999,0.1206,172.06,21.46333333333333,183475.2924,0.22391490375153822,1.2429960887031377,0
OMNI - PRUDENCIAL,2022-09-01,4892469.0,295.0,794011.0,0.0865,0.0978,179.54,-1.3245430992000151,27.44,0.1796447887833067,1,3981092.0,327.0,1683874.0,0.0868999999999999,0.1155,172.27,21.08666666666667,194487.44700000001,0.19339137258759015,1.4281226056696628,0
OMNI - PRUDENCIAL,2022-12-01,4913613.0,277.0,794011.0,0.0773,0.0944,180.33,1.6286339977999995,29.036666666666665,0.1845187506539803,1,4492063.0,328.0,1683874.0,0.0810999999999999,0.1076999999999999,174.3,22.62,181353.22979999986,0.17640435984581004,1.5409008226698404,0
OMNI - PRUDENCIAL,2023-03-01,4829468.0,262.0,881239.0,0.0596999999999999,0.0732,182.74,2.094210609200031,30.19,0.2008321510865981,1,4815532.0,271.0,1800060.0,0.0747,0.1002,175.72,24.72,180366.012,0.18455056357689878,1.4858159338404275,0
OMNI - PRUDENCIAL,2023-06-01,4634492.0,241.0,881239.0,0.1094999999999999,0.0797,184.28,0.760729877599986,32.02333333333333,0.1677574532555948,0,4962845.0,288.0,1800060.0,0.0736,0.0963,177.81,25.546666666666667,173345.778,0.18953324764221313,1.4530458608752252,0
OMNI - PRUDENCIAL,2023-09-01,4584196.0,243.0,935951.0,0.1072,0.0764,184.44,0.6111867176000096,31.51333333333333,0.1686043434611685,1,4892469.0,295.0,794011.0,0.0865,0.0978,179.54,27.44,77654.2758,0.17971280907184117,1.5182944403422816,0
OMNI - PRUDENCIAL,2023-12-01,4579145.0,228.0,935951.0,0.1042,0.0766,185.03,1.083587763199989,30.41333333333333,0.1558629171550508,0,4913613.0,277.0,794011.0,0.0773,0.0944,180.33,29.036666666666665,74954.6384,0.20186099016010314,1.37470348721778,0
OMNI - PRUDENCIAL,2024-03-01,4593819.0,228.0,944203.0,0.1031,0.0794,186.65,1.415491577599992,29.896666666666665,0.1531844710763107,0,4829468.0,262.0,881239.0,0.0596999999999999,0.0732,182.74,30.19,64506.6948,0.250832126892643,1.0941791899737179,0
OMNI - PRUDENCIAL,2024-06-01,4510681.0,245.0,944203.0,0.0876,0.0687,189.49,1.053515670799987,29.07333333333333,0.1255150566608146,0,4634492.0,241.0,881239.0,0.1094999999999999,0.0797,184.28,32.02333333333333,70234.74829999999,0.2993060072739962,0.8506047764993017,0
OMNI - PRUDENCIAL,2024-09-01,4639159.0,0.0,907291.0,0.0911,0.0722,190.99,0.8015076655999875,28.473333333333333,0.1072444621723506,0,4584196.0,243.0,935951.0,0.1072,0.0764,184.44,31.51333333333333,71506.65639999999,0.3025567133512491,0.8351524590177481,0
OMNI - PRUDENCIAL,2024-12-01,3079101.0,0.0,907291.0,0.1693,0.0992,191.11,1.47713535680003,27.96,0.1317648815954819,0,4579145.0,228.0,935951.0,0.1042,0.0766,185.03,30.41333333333333,71693.8466,0.288761906382561,0.901404750148879,0
ORIGINAL - PRUDENCIAL,2017-03-01,6673793.0,29104.0,620293.0,0.1417,0.1396,164.34,0.9630321349999972,41.17333333333333,0.1249171054750229,0,5540677.0,703634.0,551158.0,0.2518,0.2689,163.26,35.07,148206.38619999998,0.11514312113785154,2.039250027034031,0
ORIGINAL - PRUDENCIAL,2017-06-01,5714519.0,10105.0,620293.0,0.1937,0.1548,165.65,0.2193980018000196,36.63666666666666,0.0612430239909579,0,5933354.0,48244.0,551158.0,0.2365,0.2729,163.72,38.303333333333335,150411.0182,0.08721397808622168,2.348136867901747,0
ORIGINAL - PRUDENCIAL,2017-09-01,5597986.0,158991.0,691898.0,0.1989,0.1668,166.12,0.5911447296000016,36.16333333333333,0.0439097935251532,0,6268572.0,168810.0,555151.0,0.208,0.2575,162.92,39.71333333333333,142951.3825,0.08976748030174721,2.31647730813687,0
ORIGINAL - PRUDENCIAL,2017-12-01,6467540.0,127767.0,691898.0,0.1631,0.1408,167.13,1.144261174399985,33.526666666666664,0.0488659545347849,0,7581821.0,147351.0,555151.0,0.2011,0.21,162.73,40.38,116581.70999999999,0.0541070660221546,2.861164597424589,0
ORIGINAL - PRUDENCIAL,2018-03-01,5676379.0,30897.0,850721.0,0.1432,0.1329,167.98,0.7014778351999817,33.15,0.0529323467889148,0,6673793.0,29104.0,620293.0,0.1417,0.1396,164.34,41.17333333333333,86592.9028,0.11654367243171027,2.025575786071326,0
ORIGINAL - PRUDENCIAL,2018-06-01,6420206.0,105351.0,850721.0,0.1510999999999999,0.1264,167.89,1.8887030879999989,30.82333333333333,0.049294356004087,0,5714519.0,10105.0,620293.0,0.1937,0.1548,165.65,36.63666666666666,96021.35639999999,0.13151848261825455,1.887598910518189,0
ORIGINAL - PRUDENCIAL,2018-09-01,6483778.0,51782.0,818675.0,0.1416,0.1199,169.35,0.7208535743999933,28.546666666666667,0.0482612852959522,0,5597986.0,158991.0,691898.0,0.1989,0.1668,166.12,36.16333333333333,115408.5864,0.14449575350985766,1.778440937543544,0
ORIGINAL - PRUDENCIAL,2018-12-01,7032755.0,11072.0,818675.0,0.1362,0.1021,169.09,0.3894135824999978,28.71666666666667,0.0436736137876373,0,6467540.0,127767.0,691898.0,0.1631,0.1408,167.13,33.526666666666664,97419.2384,0.0858241223643858,2.365722865931418,0
ORIGINAL - PRUDENCIAL,2019-03-01,6855496.0,47249.0,977908.0,0.1304,0.1076999999999999,169.51,1.507011320000018,30.386666666666667,0.0440424351640148,0,5676379.0,30897.0,850721.0,0.1432,0.1329,167.98,33.15,113060.82089999999,0.13146982837086557,1.8880249418774817,0
ORIGINAL - PRUDENCIAL,2019-06-01,7340376.0,38420.0,977908.0,0.1372,0.1123,170.58,0.710811074100004,30.69666666666667,0.0399646590037217,0,6420206.0,105351.0,850721.0,0.1510999999999999,0.1264,167.89,30.82333333333333,107531.13440000001,0.08049269242674113,2.4356715884587197,0
ORIGINAL - PRUDENCIAL,2019-09-01,8528979.0,1305.0,1209870.0,0.1364,0.1168999999999999,170.5,0.2600889164000142,30.59,0.0389935480009926,0,6483778.0,51782.0,818675.0,0.1416,0.1199,169.35,28.546666666666667,98159.1325,0.0673843408781073,2.627580515424032,0
ORIGINAL - PRUDENCIAL,2022-12-01,15365055.0,12164.0,4333631.0,0.0875,0.0469,180.33,1.6286339977999995,29.036666666666665,0.2960901568569904,1,7032755.0,11072.0,818675.0,0.1362,0.1021,169.09,28.71666666666667,83586.7175,0.05213469610534654,2.900381728536668,0
ORIGINAL - PRUDENCIAL,2023-03-01,15356599.0,29440.0,5344230.0,0.0875,0.0518,182.74,2.094210609200031,30.19,0.3127046378409767,1,6855496.0,47249.0,977908.0,0.1304,0.1076999999999999,169.51,30.386666666666667,105320.6915999999,0.06867899579196557,2.6071605986513244,0
ORIGINAL - PRUDENCIAL,2023-06-01,17068482.0,84416.0,5344230.0,0.0965,0.0584999999999999,184.28,0.760729877599986,32.02333333333333,0.2512844868232394,1,7340376.0,38420.0,977908.0,0.1372,0.1123,170.58,30.69666666666667,109819.0684,0.054694356273793106,2.8497477796979296,0
ORIGINAL - PRUDENCIAL,2023-09-01,17976443.0,12326.0,6212462.0,0.1043,0.0795,184.44,0.6111867176000096,31.51333333333333,0.2100850507591226,1,8528979.0,1305.0,1209870.0,0.1364,0.1168999999999999,170.5,30.59,141433.8029999999,0.029796367894924607,3.4831194762111064,0
ORIGINAL - PRUDENCIAL,2023-12-01,19641630.0,77354.0,6212462.0,0.0819999999999999,0.0635,185.03,1.083587763199989,30.41333333333333,0.166869481405495,0,15365055.0,12164.0,4333631.0,0.0875,0.0469,180.33,29.036666666666665,203247.2939,0.0014507199947938806,6.534243524447442,0
ORIGINAL - PRUDENCIAL,2024-03-01,20294907.0,2806.0,5789517.0,0.0636,0.0533,186.65,1.415491577599992,29.896666666666665,0.1348129391573173,0,15356599.0,29440.0,5344230.0,0.0875,0.0518,182.74,30.19,276831.114,0.002089761798658901,6.16861324313677,0
ORIGINAL - PRUDENCIAL,2024-06-01,22978887.0,12212.0,5789517.0,0.062,0.0482,189.49,1.053515670799987,29.07333333333333,0.1099830227450202,0,17068482.0,84416.0,5344230.0,0.0965,0.0584999999999999,184.28,32.02333333333333,312637.45499999943,0.0010261708819155296,6.880894296871518,0
ORIGINAL - PRUDENCIAL,2024-09-01,25040997.0,13714.0,6417337.0,0.0637,0.0481,190.99,0.8015076655999875,28.473333333333333,0.0969419160345305,0,17976443.0,12326.0,6212462.0,0.1043,0.0795,184.44,31.51333333333333,493890.729,0.0008222550202080691,7.10263737430434,0
ORIGINAL - PRUDENCIAL,2024-12-01,16291559.0,22045.0,4174478.0,0.0715,0.0731,191.11,1.47713535680003,27.96,0.1326096974050641,0,19641630.0,77354.0,6212462.0,0.0819999999999999,0.0635,185.03,30.41333333333333,394491.337,0.00027040329220753134,8.21532559878813,0
ORIGINAL - PRUDENCIAL,2025-03-01,17016307.0,42392.0,2026401.0,0.0776999999999999,0.069,193.61,2.040339737600028,29.313333333333333,0.1299618364473315,0,20294907.0,2806.0,5789517.0,0.0636,0.0533,186.65,29.896666666666665,308581.2561,0.00015280979783248186,8.786163739972828,0
ORIGINAL - PRUDENCIAL,2025-06-01,18487971.0,48732.0,2026401.0,0.0773,0.0673,194.33,0.9327766831999762,31.666666666666668,0.1130636017611358,0,22978887.0,12212.0,5789517.0,0.062,0.0482,189.49,29.07333333333333,279054.7194,3.264523304946664e-05,10.329779068782914,0
ORIGINAL - PRUDENCIAL,2025-09-01,19201126.0,27829.0,1786006.0,0.0761,0.0637,,0.6304326271999727,31.94666666666667,0.0853841543847649,0,25040997.0,13714.0,6417337.0,0.0637,0.0481,190.99,28.473333333333333,308673.90969999996,1.1253354418288394e-05,11.394833049925579,0
OURINVEST - PRUDENCIAL,2017-03-01,444006.0,18724.0,203309.0,0.1303,0.1006,164.34,0.9630321349999972,41.17333333333333,0.0217369421493621,0,238209.0,52309.0,108072.0,0.1116,0.1188,163.26,35.07,12838.9536,0.7365450391291408,-1.0280879596926669,1
OURINVEST - PRUDENCIAL,2017-06-01,357587.0,18835.0,203309.0,0.1828999999999999,0.1257,165.65,0.2193980018000196,36.63666666666666,0.0370509945746739,0,213491.0,100499.0,108072.0,0.1282,0.1369,163.72,38.303333333333335,14795.056799999998,0.7754842641237261,-1.2395418929839819,1
OURINVEST - PRUDENCIAL,2017-09-01,370789.0,25952.0,267104.0,0.1757999999999999,0.1344,166.12,0.5911447296000016,36.16333333333333,0.0278243865861023,0,453390.0,88229.0,125850.0,0.1264,0.0821,162.92,39.71333333333333,10332.285000000002,0.8064031187772593,-1.4268056989983626,1
OURINVEST - PRUDENCIAL,2017-12-01,412330.0,175083.0,267104.0,0.1356,0.1821,167.13,1.144261174399985,33.526666666666664,0.0102443679621031,0,447071.0,47940.0,125850.0,0.156,0.1042,162.73,40.38,13113.57,0.7935197616272645,-1.346273733685341,1
OURINVEST - PRUDENCIAL,2018-03-01,441717.0,69885.0,359374.0,0.1204,0.1205,167.98,0.7014778351999817,33.15,0.0046837687252338,0,444006.0,18724.0,203309.0,0.1303,0.1006,164.34,41.17333333333333,20452.8854,0.815094951385475,-1.4834621680935605,1
OURINVEST - PRUDENCIAL,2018-06-01,409755.0,63451.0,359374.0,0.1271,0.1175,167.89,1.8887030879999989,30.82333333333333,0.0040107464717677,0,357587.0,18835.0,203309.0,0.1828999999999999,0.1257,165.65,36.63666666666666,25555.941300000002,0.7474970025517629,-1.085307175169489,1
OURINVEST - PRUDENCIAL,2018-09-01,490447.0,71442.0,409078.0,0.1123,0.1061,169.35,0.7208535743999933,28.546666666666667,0.0038558939281794,0,370789.0,25952.0,267104.0,0.1757999999999999,0.1344,166.12,36.16333333333333,35898.7776,0.7404393327893993,-1.0482532423112199,1
OURINVEST - PRUDENCIAL,2018-12-01,525596.0,85740.0,409078.0,0.1066,0.1011,169.09,0.3894135824999978,28.71666666666667,0.0102642361243564,0,412330.0,175083.0,267104.0,0.1356,0.1821,167.13,33.526666666666664,48639.6384,0.6812366904154326,-0.7594609573076979,1
OURINVEST - PRUDENCIAL,2019-03-01,527776.0,29755.0,363880.0,0.1206,0.1076999999999999,169.51,1.507011320000018,30.386666666666667,0.0096286965946481,0,441717.0,69885.0,359374.0,0.1204,0.1205,167.98,33.15,43304.566999999995,0.7230882989323479,-0.9598326562167334,1
OURINVEST - PRUDENCIAL,2019-06-01,458490.0,61117.0,363880.0,0.1215,0.1065,170.58,0.710811074100004,30.69666666666667,0.0421960737889255,0,409755.0,63451.0,359374.0,0.1271,0.1175,167.89,30.82333333333333,42226.445,0.6902968954153407,-0.8015076765145238,1
OURINVEST - PRUDENCIAL,2019-09-01,513256.0,93510.0,396233.0,0.1139,0.1186999999999999,170.5,0.2600889164000142,30.59,0.0359134102410181,0,490447.0,71442.0,409078.0,0.1123,0.1061,169.35,28.546666666666667,43403.1758,0.6650462633808026,-0.6858641842869379,1
OURINVEST - PRUDENCIAL,2019-12-01,542504.0,170402.0,396233.0,0.1023,0.1009,171.91,1.767530865000011,29.096666666666664,0.00579351694743,0,525596.0,85740.0,409078.0,0.1066,0.1011,169.09,28.71666666666667,41357.7858,0.6685076210250965,-0.7014429765184627,1
OURINVEST - PRUDENCIAL,2020-03-01,873547.0,419753.0,388041.0,0.0617,0.0598,168.09,0.5308473674999981,28.24,0.0073493417493258,0,527776.0,29755.0,363880.0,0.1206,0.1076999999999999,169.51,30.386666666666667,39189.87599999997,0.6822129825343469,-0.7639604978863005,1
PAGSEGURO - PRUDENCIAL,2024-09-01,6187717.0,47542.0,11833463.0,0.3056,0.0,190.99,0.8015076655999875,28.473333333333333,0.0082198327395576,0,5959060.0,19079.0,11125653.0,0.3486,0.0,184.44,31.51333333333333,0.0,0.2863183049102801,0.9133329117053687,0
PAGSEGURO - PRUDENCIAL,2024-12-01,6435334.0,50469.0,11833463.0,0.2838,0.0,191.11,1.47713535680003,27.96,0.0070519206427709,0,6111825.0,18446.0,11125653.0,0.3327,0.0,185.03,30.41333333333333,0.0,0.2570651188645684,1.0612789642602185,0
PAGSEGURO - PRUDENCIAL,2025-03-01,5371668.0,62039.0,9601364.0,0.3122,0.0,193.61,2.040339737600028,29.313333333333333,0.0112668694256209,0,7307837.0,17132.0,10997148.0,0.3053,0.0,186.65,29.896666666666665,0.0,0.15068324046531256,1.729252325857049,0
PAGSEGURO - PRUDENCIAL,2025-06-01,5404080.0,59668.0,9601364.0,0.2935999999999999,0.0,194.33,0.9327766831999762,31.666666666666668,0.0133446661561797,0,6133020.0,1096.0,10997148.0,0.3336,0.0,189.49,29.07333333333333,0.0,0.252189390894108,1.086969393260728,0
PAGSEGURO - PRUDENCIAL,2025-09-01,5811709.0,5981.0,11965928.0,0.2302,0.0,,0.6304326271999727,31.94666666666667,0.0142437168909326,0,6187717.0,47542.0,11833463.0,0.3056,0.0,190.99,28.473333333333333,0.0,0.26178335984284773,1.0367200411208828,0
PAN - PRUDENCIAL,2018-12-01,16104753.0,32220.0,2278425.0,0.1216,0.0877999999999999,169.09,0.3894135824999978,28.71666666666667,0.0780894817115674,0,15585885.0,31176.0,2359044.0,0.0984,0.0722,167.13,33.526666666666664,170322.9768,0.0009709725269411107,6.9362409395196805,0
PAN - PRUDENCIAL,2019-03-01,16866394.0,2626.0,2298576.0,0.1193,0.0844999999999999,169.51,1.507011320000018,30.386666666666667,0.0737656359375652,0,15336886.0,29259.0,2377962.0,0.1134999999999999,0.083,167.98,33.15,197370.84600000002,0.0011117960714686823,6.800666074463486,0
PAN - PRUDENCIAL,2019-06-01,16345345.0,3783.0,2298576.0,0.1296,0.0837,170.58,0.710811074100004,30.69666666666667,0.0720932181102338,0,15313030.0,34961.0,2377962.0,0.1166,0.0819999999999999,167.89,30.82333333333333,194992.8839999998,0.0009413635643203889,6.9672393266385235,0
PAN - PRUDENCIAL,2019-09-01,16865248.0,1090.0,2309501.0,0.1286,0.0817,170.5,0.2600889164000142,30.59,0.0706182256014479,0,15682170.0,10960.0,2278425.0,0.1186,0.0810999999999999,169.35,28.546666666666667,184780.26749999975,0.000640048280722548,7.353326692727923,0
PAN - PRUDENCIAL,2019-12-01,17299562.0,4742.0,2309501.0,0.1274,0.0796,171.91,1.767530865000011,29.096666666666664,0.0824284355789263,0,16104753.0,32220.0,2278425.0,0.1216,0.0877999999999999,169.09,28.71666666666667,200045.7149999998,0.0005149837662331598,7.570860063358857,0
PAN - PRUDENCIAL,2020-03-01,18114067.0,5417.0,2396524.0,0.1562,0.0996,168.09,0.5308473674999981,28.24,0.0783937037655536,0,16866394.0,2626.0,2298576.0,0.1193,0.0844999999999999,169.51,30.386666666666667,194229.67199999976,0.00038087892220598185,7.872648071453996,0
PAN - PRUDENCIAL,2020-06-01,18170624.0,36.0,2396524.0,0.1583999999999999,0.1013,153.27,-0.4306129372000034,24.44333333333333,0.0868385034527476,0,16345345.0,3783.0,2298576.0,0.1296,0.0837,170.58,30.69666666666667,192390.8112,0.0005334817637249621,7.535552046124714,0
PAN - PRUDENCIAL,2020-09-01,18570840.0,510.0,2113560.0,0.1642,0.1011,165.34,1.2447095295999857,21.71666666666667,0.0799733644728624,0,16865248.0,1090.0,2309501.0,0.1286,0.0817,170.5,30.59,188686.23169999997,0.0003943999917074414,7.83775047857375,0
PARANÁ BANCO - PRUDENCIAL,2018-03-01,2581749.0,27314.0,1002115.0,0.1972,0.1524,167.98,0.7014778351999817,33.15,0.0896369395384754,0,2981334.0,3246.0,830673.0,0.2019,0.1523,164.34,41.17333333333333,126511.49789999999,0.5130352806070726,-0.052152940033898657,0
PARANÁ BANCO - PRUDENCIAL,2018-06-01,2562043.0,27645.0,1002115.0,0.2206,0.1607,167.89,1.8887030879999989,30.82333333333333,0.0857448256088441,0,2899215.0,217.0,830673.0,0.2128,0.1626999999999999,165.65,36.63666666666666,135150.49709999992,0.4370550428004387,0.25312271334547937,0
PARANÁ BANCO - PRUDENCIAL,2018-09-01,2524112.0,0.0,1043437.0,0.24,0.17,169.35,0.7208535743999933,28.546666666666667,0.0722010615051236,0,2868706.0,47.0,871404.0,0.2141,0.1609,166.12,36.16333333333333,140208.9036,0.44034321903813944,0.23976923876861714,0
PARANÁ BANCO - PRUDENCIAL,2018-12-01,2507200.0,6988.0,1043437.0,0.2442,0.1739,169.09,0.3894135824999978,28.71666666666667,0.0648992840131245,0,2862148.0,25164.0,871404.0,0.2089,0.1644,167.13,33.526666666666664,143258.81759999998,0.3996058941794846,0.4071074859254012,0
PARANÁ BANCO - PRUDENCIAL,2019-03-01,2658395.0,7673.0,1142701.0,0.2757,0.2112,169.51,1.507011320000018,30.386666666666667,0.0581940435463665,0,2581749.0,27314.0,1002115.0,0.1972,0.1524,167.98,33.15,152722.326,0.45839721173751147,0.16679678717961285,0
PARANÁ BANCO - PRUDENCIAL,2019-06-01,2534208.0,7909.0,1142701.0,0.2926,0.1902,170.58,0.710811074100004,30.69666666666667,0.0512566475427733,0,2562043.0,27645.0,1002115.0,0.2206,0.1607,167.89,30.82333333333333,161039.8805,0.4091519864320596,0.36747212427503095,0
PARANÁ BANCO - PRUDENCIAL,2019-09-01,2503231.0,0.0,1133891.0,0.24,0.1761,170.5,0.2600889164000142,30.59,0.0436043053729911,0,2524112.0,0.0,1043437.0,0.24,0.17,169.35,28.546666666666667,177384.29,0.3743961978048101,0.5134026779342115,0
PARANÁ BANCO - PRUDENCIAL,2019-12-01,2643177.0,0.0,1133891.0,0.206,0.1534,171.91,1.767530865000011,29.096666666666664,0.0371427202054544,0,2507200.0,6988.0,1043437.0,0.2442,0.1739,169.09,28.71666666666667,181453.6943,0.37656257206165905,0.5041641766049363,0
PARANÁ BANCO - PRUDENCIAL,2020-03-01,2863118.0,0.0,1146619.0,0.1888,0.1646,168.09,0.5308473674999981,28.24,0.0303363676249561,0,2658395.0,7673.0,1142701.0,0.2757,0.2112,169.51,30.386666666666667,241338.4512,0.3785459904153858,0.49572433677617245,0
PARANÁ BANCO - PRUDENCIAL,2020-06-01,3228358.0,0.0,1146619.0,0.2157,0.153,153.27,-0.4306129372000034,24.44333333333333,0.0282727778252591,0,2534208.0,7909.0,1142701.0,0.2926,0.1902,170.58,30.69666666666667,217341.73020000002,0.41469832767933557,0.34457605902579436,0
PARANÁ BANCO - PRUDENCIAL,2020-09-01,3501029.0,0.0,465352.0,0.2386,0.1231,165.34,1.2447095295999857,21.71666666666667,0.0268464986638873,0,2503231.0,0.0,1133891.0,0.24,0.1761,170.5,30.59,199678.20510000002,0.428142096095156,0.28943540024234843,0
PARANÁ BANCO - PRUDENCIAL,2020-12-01,3680653.0,0.0,465352.0,0.2312999999999999,0.1124,171.47,3.131382328999988,20.72,0.0265095070006886,0,2643177.0,0.0,1133891.0,0.206,0.1534,171.91,29.096666666666664,173938.8794,0.40470636022170176,0.3858930285580933,0
PARANÁ BANCO - PRUDENCIAL,2021-03-01,3609627.0,0.0,489681.0,0.2628,0.129,173.12,2.052492994999988,22.403333333333336,0.0275018358687653,0,2863118.0,0.0,1146619.0,0.1888,0.1646,168.09,28.24,188733.48739999998,0.3376485308668822,0.6737908303822429,0
PARANÁ BANCO - PRUDENCIAL,2021-06-01,3665172.0,0.0,489681.0,0.2568,0.1298,172.06,1.6786286369000036,21.46333333333333,0.0253115955490525,0,3228358.0,0.0,1146619.0,0.2157,0.153,153.27,24.44333333333333,175432.707,0.18003808363955814,1.5160894915523133,0
PARANÁ BANCO - PRUDENCIAL,2021-09-01,3730203.0,0.0,558525.0,0.2519,0.1271,172.27,3.0196768831999954,21.08666666666667,0.021828244793819,0,3501029.0,0.0,465352.0,0.2386,0.1231,165.34,21.71666666666667,57284.8312,0.1448498572283124,1.7755793206548593,0
PARANÁ BANCO - PRUDENCIAL,2021-12-01,3724177.0,0.0,558525.0,0.2235,0.1167,174.3,2.958021687500012,22.62,0.0170587924181749,0,3680653.0,0.0,465352.0,0.2312999999999999,0.1124,171.47,20.72,52305.5648,0.14608344208823382,1.7656555021641216,0
PARANÁ BANCO - PRUDENCIAL,2022-03-01,3809818.0,0.0,648987.0,0.2263,0.1222,175.72,3.2006523548000043,24.72,0.0172559416949429,0,3609627.0,0.0,489681.0,0.2628,0.129,173.12,22.403333333333336,63168.849,0.16473524332854192,1.6234091492850649,0
PARANÁ BANCO - PRUDENCIAL,2022-06-01,3868524.0,0.0,648987.0,0.2223,0.1208,177.81,2.215266379399994,25.546666666666667,0.017266644872592,0,3665172.0,0.0,489681.0,0.2568,0.1298,172.06,21.46333333333333,63560.5938,0.14785706120986286,1.7515082769679475,0
PARANÁ BANCO - PRUDENCIAL,2022-09-01,3891612.0,0.0,821860.0,0.1997,0.1117,179.54,-1.3245430992000151,27.44,0.0159167105629611,0,3730203.0,0.0,558525.0,0.2519,0.1271,172.27,21.08666666666667,70988.5275,0.14477933397720139,1.776148776055969,0
PARANÁ BANCO - PRUDENCIAL,2022-12-01,3930947.0,0.0,821860.0,0.1934,0.1099,180.33,1.6286339977999995,29.036666666666665,0.0169888608092579,0,3724177.0,0.0,558525.0,0.2235,0.1167,174.3,22.62,65179.8675,0.174007957115056,1.5574841115692197,0
PARANÁ BANCO - PRUDENCIAL,2023-03-01,4048571.0,0.0,969758.0,0.1813,0.1065,182.74,2.094210609200031,30.19,0.0172923199563907,0,3809818.0,0.0,648987.0,0.2263,0.1222,175.72,24.72,79306.2114,0.19783969694632686,1.3998513757372484,0
PARANÁ BANCO - PRUDENCIAL,2023-06-01,4203002.0,0.0,969758.0,0.1691,0.0989,184.28,0.760729877599986,32.02333333333333,0.0163507017116298,0,3868524.0,0.0,648987.0,0.2223,0.1208,177.81,25.546666666666667,78397.6296,0.211950677522906,1.3132070855917664,0
PARANÁ BANCO - PRUDENCIAL,2023-09-01,4277590.0,0.0,1121875.0,0.1601,0.0955,184.44,0.6111867176000096,31.51333333333333,0.0162589285020803,0,3891612.0,0.0,821860.0,0.1997,0.1117,179.54,27.44,91801.76199999999,0.2600714108895681,1.045597429903009,0
PARANÁ BANCO - PRUDENCIAL,2023-12-01,4307488.0,0.0,1121875.0,0.1572,0.0971,185.03,1.083587763199989,30.41333333333333,0.015474733266873,0,3930947.0,0.0,821860.0,0.1934,0.1099,180.33,29.036666666666665,90322.414,0.28530593064949616,0.9182925308166378,0
PARANÁ BANCO - PRUDENCIAL,2024-03-01,4407310.0,0.0,1207637.0,0.1542,0.1002,186.65,1.415491577599992,29.896666666666665,0.0154242980493287,0,4048571.0,0.0,969758.0,0.1813,0.1065,182.74,30.19,103279.227,0.3146700882620987,0.7783755943074901,0
PARANÁ BANCO - PRUDENCIAL,2024-06-01,4523184.0,0.0,1207637.0,0.1533,0.0957,189.49,1.053515670799987,29.07333333333333,0.0136675562444747,0,4203002.0,0.0,969758.0,0.1691,0.0989,184.28,32.02333333333333,95909.0662,0.339919114486549,0.6636546907322423,0
PARANÁ BANCO - PRUDENCIAL,2024-09-01,4684871.0,0.0,1242304.0,0.1494,0.0962,190.99,0.8015076655999875,28.473333333333333,0.0119820265622146,0,4277590.0,0.0,1121875.0,0.1601,0.0955,184.44,31.51333333333333,107139.0625,0.334924592692747,0.6859950187770464,0
PARANÁ BANCO - PRUDENCIAL,2024-12-01,4821943.0,0.0,1242304.0,0.1519,0.0953,191.11,1.47713535680003,27.96,0.0120903935470578,0,4307488.0,0.0,1121875.0,0.1572,0.0971,185.03,30.41333333333333,108934.0625,0.3154679605140478,0.7746783255536083,0
PERNAMBUCANAS - PRUDENCIAL,2017-03-01,3129810.0,462.0,335206.0,0.1033999999999999,0.0,164.34,0.9630321349999972,41.17333333333333,0.2283690609754139,1,2301633.0,0.0,256098.0,0.1217,0.0,163.26,35.07,0.0,0.5868980289317526,-0.3511566230785258,0
PERNAMBUCANAS - PRUDENCIAL,2017-06-01,3704926.0,487.0,335206.0,0.1143,0.0,165.65,0.2193980018000196,36.63666666666666,0.2489904032857288,1,2452428.0,0.0,256098.0,0.124,0.0,163.72,38.303333333333335,0.0,0.628042444010987,-0.5238279989603933,1
PINBANK BRASIL IP - PRUDENCIAL,2024-12-01,12555.0,0.0,0.0,0.0,0.0,191.11,1.47713535680003,27.96,0.0,0,29801.0,0.0,2980.0,0.0,0.0,185.03,30.41333333333333,0.0,0.8632669372805569,-1.8426933778798096,1
PINE - PRUDENCIAL,2017-03-01,6054822.0,58214.0,442486.0,0.1469,0.1066,164.34,0.9630321349999972,41.17333333333333,0.0706598484498146,0,6455724.0,35832.0,317340.0,0.1471,0.1118,163.26,35.07,35478.612,0.08287953477463512,2.403850667321361,0
PINE - PRUDENCIAL,2017-06-01,6131639.0,25349.0,442486.0,0.142,0.1003999999999999,165.65,0.2193980018000196,36.63666666666666,0.0934611935046376,0,6102840.0,10868.0,317340.0,0.1543999999999999,0.1097,163.72,38.303333333333335,34812.198000000004,0.12396542569060036,1.9554028570111168,0
PINE - PRUDENCIAL,2017-09-01,5701667.0,54288.0,454071.0,0.1195,0.0782,166.12,0.5911447296000016,36.16333333333333,0.1798575284217326,1,6070365.0,89673.0,465504.0,0.1528999999999999,0.081,162.92,39.71333333333333,37705.824,0.1596503622053296,1.6608318529198407,0
PINE - PRUDENCIAL,2017-12-01,5591355.0,9051.0,454071.0,0.1207,0.0810999999999999,167.13,1.144261174399985,33.526666666666664,0.1774559171228173,1,6101118.0,8356.0,465504.0,0.1502,0.1133,162.73,40.38,52741.6032,0.14372215297886304,1.7847129687291536,0
PINE - PRUDENCIAL,2018-03-01,5546562.0,28174.0,504165.0,0.1168,0.0791999999999999,167.98,0.7014778351999817,33.15,0.1546103977339879,0,6054822.0,58214.0,442486.0,0.1469,0.1066,164.34,41.17333333333333,47169.0076,0.16585249562064044,1.6153114378680695,0
PINE - PRUDENCIAL,2018-06-01,5509749.0,9804.0,504165.0,0.1094999999999999,0.0776,167.89,1.8887030879999989,30.82333333333333,0.1536798608552348,0,6131639.0,25349.0,442486.0,0.142,0.1003999999999999,165.65,36.63666666666666,44425.59439999996,0.12264402113319921,1.9676267932051703,0
PINE - PRUDENCIAL,2018-09-01,5168064.0,8325.0,444914.0,0.1256,0.0759,169.35,0.7208535743999933,28.546666666666667,0.1763977662947203,1,5701667.0,54288.0,454071.0,0.1195,0.0782,166.12,36.16333333333333,35508.3522,0.16213857096187914,1.6424013818706007,0
PINE - PRUDENCIAL,2018-12-01,4922573.0,10861.0,194689.0,0.1193999999999999,0.0673,169.09,0.3894135824999978,28.71666666666667,0.175844329611278,1,5591355.0,9051.0,454071.0,0.1207,0.0810999999999999,167.13,33.526666666666664,36825.15809999995,0.1427449197031108,1.7926762585813518,0
PINE - PRUDENCIAL,2019-03-01,5069606.0,2380.0,363766.0,0.1088,0.0638,169.51,1.507011320000018,30.386666666666667,0.160579964211762,0,5546562.0,28174.0,504165.0,0.1168,0.0791999999999999,167.98,33.15,39929.867999999944,0.1486422021641015,1.7452903939432354,0
PINE - PRUDENCIAL,2019-06-01,5007901.0,1590.0,363766.0,0.1046,0.0564,170.58,0.710811074100004,30.69666666666667,0.1512639207372265,0,5509749.0,9804.0,504165.0,0.1094999999999999,0.0776,167.89,30.82333333333333,39123.204,0.12951466635109724,1.9052567825859288,0
PINE - PRUDENCIAL,2019-09-01,5034107.0,3990.0,74774.0,0.1052,0.0565,170.5,0.2600889164000142,30.59,0.1496707766375791,0,5168064.0,8325.0,444914.0,0.1256,0.0759,169.35,28.546666666666667,33768.9726,0.13353204752253162,1.8700836181840503,0
PINE - PRUDENCIAL,2019-12-01,5087466.0,6755.0,74774.0,0.1084,0.0591,171.91,1.767530865000011,29.096666666666664,0.1294890769481846,0,4922573.0,10861.0,194689.0,0.1193999999999999,0.0673,169.09,28.71666666666667,13102.5697,0.1488673457173073,1.74351238481972,0
PINE - PRUDENCIAL,2020-03-01,5345647.0,8010.0,44014.0,0.0953,0.0496,168.09,0.5308473674999981,28.24,0.1198770396853745,0,5069606.0,2380.0,363766.0,0.1088,0.0638,169.51,30.386666666666667,23208.2708,0.16274785360912727,1.637923182678358,0
PINE - PRUDENCIAL,2020-06-01,5092017.0,2459.0,44014.0,0.0988,0.0463,153.27,-0.4306129372000034,24.44333333333333,0.0991126001307959,0,5007901.0,1590.0,363766.0,0.1046,0.0564,170.58,30.69666666666667,20516.4024,0.17877909415388804,1.5246412097949607,0
PINE - PRUDENCIAL,2020-09-01,5590872.0,8015.0,53450.0,0.1185,0.0571,165.34,1.2447095295999857,21.71666666666667,0.0903458812875473,0,5034107.0,3990.0,74774.0,0.1052,0.0565,170.5,30.59,4224.731,0.16748642904590244,1.603547195926918,0
PINE - PRUDENCIAL,2020-12-01,5861710.0,3619.0,53450.0,0.1069,0.0475999999999999,171.47,3.131382328999988,20.72,0.070041641110989,0,5087466.0,6755.0,74774.0,0.1084,0.0591,171.91,29.096666666666664,4419.1434,0.15110170070297954,1.7259862657449887,0
PINE - PRUDENCIAL,2021-03-01,6277879.0,1295.0,197173.0,0.0883999999999999,0.0409,173.12,2.052492994999988,22.403333333333336,0.0682601767998618,0,5345647.0,8010.0,44014.0,0.0953,0.0496,168.09,28.24,2183.0944,0.12085086300410959,1.9843973018271661,0
PINE - PRUDENCIAL,2021-06-01,6177202.0,15512.0,197173.0,0.0923,0.0417,172.06,1.6786286369000036,21.46333333333333,0.0597249079321024,0,5092017.0,2459.0,44014.0,0.0988,0.0463,153.27,24.44333333333333,2037.8482000000001,0.07751987338306149,2.4765314985926277,0
PINE - PRUDENCIAL,2021-09-01,6290394.0,1628.0,341396.0,0.0896,0.0408,172.27,3.0196768831999954,21.08666666666667,0.0634658771206832,0,5590872.0,8015.0,53450.0,0.1185,0.0571,165.34,21.71666666666667,3051.995,0.06111505020378508,2.73193479093629,0
PINE - PRUDENCIAL,2021-12-01,6283773.0,3479.0,341396.0,0.0956,0.0411,174.3,2.958021687500012,22.62,0.0637771731874404,0,5861710.0,3619.0,53450.0,0.1069,0.0475999999999999,171.47,20.72,2544.219999999995,0.05903967600375616,2.768691282607163,0
PINE - PRUDENCIAL,2022-03-01,6213349.0,2640.0,479854.0,0.0958,0.0416,175.72,3.2006523548000043,24.72,0.0644801785752975,0,6277879.0,1295.0,197173.0,0.0883999999999999,0.0409,173.12,22.403333333333336,8064.3757,0.058737251218975245,2.7741481947021245,0
PINE - PRUDENCIAL,2022-06-01,6007828.0,12160.0,479854.0,0.1042,0.0458,177.81,2.215266379399994,25.546666666666667,0.0699490971950326,0,6177202.0,15512.0,197173.0,0.0923,0.0417,172.06,21.46333333333333,8222.1141,0.056637502120008634,2.8127792706533903,0
PINE - PRUDENCIAL,2022-09-01,6436785.0,22674.0,631592.0,0.0992,0.0458999999999999,179.54,-1.3245430992000151,27.44,0.0638307556232709,0,6290394.0,1628.0,341396.0,0.0896,0.0408,172.27,21.08666666666667,13928.956800000002,0.053136583932940004,2.880289200894516,0
PINE - PRUDENCIAL,2022-12-01,6678565.0,6975.0,631592.0,0.0921,0.0409999999999999,180.33,1.6286339977999995,29.036666666666665,0.0674510428287873,0,6283773.0,3479.0,341396.0,0.0956,0.0411,174.3,22.62,14031.3756,0.0621524412025636,2.7139973222420912,0
PINE - PRUDENCIAL,2023-03-01,7160286.0,64193.0,784793.0,0.0922,0.0412999999999999,182.74,2.094210609200031,30.19,0.0778618905599461,0,6213349.0,2640.0,479854.0,0.0958,0.0416,175.72,24.72,19961.9264,0.07868116344631915,2.46040238116163,0
PINE - PRUDENCIAL,2023-06-01,7250299.0,17031.0,784793.0,0.0984,0.0438,184.28,0.760729877599986,32.02333333333333,0.0465528913544741,0,6007828.0,12160.0,479854.0,0.1042,0.0458,177.81,25.546666666666667,21977.3132,0.09573753366458906,2.2455092343592438,0
PINE - PRUDENCIAL,2023-09-01,7471504.0,7680.0,976913.0,0.0938,0.0398,184.44,0.6111867176000096,31.51333333333333,0.0458484720147717,0,6436785.0,22674.0,631592.0,0.0992,0.0458999999999999,179.54,27.44,28990.072799999936,0.09383823528410024,2.2676454398815498,0
PINE - PRUDENCIAL,2023-12-01,7817613.0,14075.0,976913.0,0.0932,0.0395,185.03,1.083587763199989,30.41333333333333,0.0284910523644565,0,6678565.0,6975.0,631592.0,0.0921,0.0409999999999999,180.33,29.036666666666665,25895.271999999935,0.09520580030391021,2.251666646796195,0
PINE - PRUDENCIAL,2024-03-01,8858352.0,3901.0,1081773.0,0.0935999999999999,0.0395999999999999,186.65,1.415491577599992,29.896666666666665,0.022069019995034,0,7160286.0,64193.0,784793.0,0.0922,0.0412999999999999,182.74,30.19,32411.95089999992,0.08912889006111142,2.324317880373667,0
PINE - PRUDENCIAL,2024-06-01,9219256.0,16181.0,1081773.0,0.0942,0.0405,189.49,1.053515670799987,29.07333333333333,0.0264370890125152,0,7250299.0,17031.0,784793.0,0.0984,0.0438,184.28,32.02333333333333,34373.9334,0.09686509749365643,2.232552673035887,0
PINE - PRUDENCIAL,2024-09-01,9700440.0,8763.0,1328092.0,0.0934,0.044,190.99,0.8015076655999875,28.473333333333333,0.0307153585432845,0,7471504.0,7680.0,976913.0,0.0938,0.0398,184.44,31.51333333333333,38881.1374,0.08670107787157998,2.354596917704621,0
PINE - PRUDENCIAL,2024-12-01,10131209.0,22208.0,1328092.0,0.0967,0.0381,191.11,1.47713535680003,27.96,0.0338527493322729,0,7817613.0,14075.0,976913.0,0.0932,0.0395,185.03,30.41333333333333,38588.063500000004,0.06816136775145194,2.6152817093422684,0
PINE - PRUDENCIAL,2025-03-01,10388596.0,102330.0,1478694.0,0.0944999999999999,0.0472,193.61,2.040339737600028,29.313333333333333,0.0575583434625469,0,8858352.0,3901.0,1081773.0,0.0935999999999999,0.0395999999999999,186.65,29.896666666666665,42838.21079999989,0.039470317959447845,3.1919359391654742,0
PINE - PRUDENCIAL,2025-06-01,11196805.0,33169.0,1478694.0,0.0935999999999999,0.0448,194.33,0.9327766831999762,31.666666666666668,0.0276936084425333,0,9219256.0,16181.0,1081773.0,0.0942,0.0405,189.49,29.07333333333333,43811.8065,0.03272957249238173,3.3861990858376365,0
PINE - PRUDENCIAL,2025-09-01,12269933.0,40098.0,1457810.0,0.0934,0.0474,,0.6304326271999727,31.94666666666667,0.0358488514824266,0,9700440.0,8763.0,1328092.0,0.0934,0.044,190.99,28.473333333333333,58436.047999999995,0.02562236156624774,3.638333478843577,0
PLANNER - PRUDENCIAL,2020-06-01,79599.0,0.0,129652.0,0.109,0.0,153.27,-0.4306129372000034,24.44333333333333,0.0,0,23346.0,0.0,92728.0,0.2027,0.0,166.12,36.16333333333333,0.0,0.8496252256302426,-1.7316646667230404,1
PLANNER - PRUDENCIAL,2020-09-01,58750.0,0.0,136921.0,0.1159999999999999,0.0,165.34,1.2447095295999857,21.71666666666667,0.0,0,86482.0,2294.0,124510.0,0.1093,0.0,170.58,30.69666666666667,0.0,0.8080299522710451,-1.4372597685088988,1
PLANNER - PRUDENCIAL,2020-12-01,69205.0,0.0,136921.0,0.1205,0.0,171.47,3.131382328999988,20.72,0.0,0,84722.0,2541.0,130712.0,0.1033,0.0,170.5,30.59,0.0,0.8072008555118351,-1.4319235835067454,1
PLANNER - PRUDENCIAL,2021-03-01,111299.0,0.0,152492.0,0.0922,0.0,173.12,2.052492994999988,22.403333333333336,0.0,0,82926.0,0.0,129652.0,0.1198,0.0,168.09,28.24,0.0,0.7658438042260304,-1.1849898416047706,1
PLANNER - PRUDENCIAL,2021-06-01,94676.0,0.0,152492.0,0.1253999999999999,0.0,172.06,1.6786286369000036,21.46333333333333,0.0,0,79599.0,0.0,129652.0,0.109,0.0,153.27,24.44333333333333,0.0,0.633672948323779,-0.5480064484788618,1
PLANNER - PRUDENCIAL,2021-09-01,106848.0,0.0,173726.0,0.1069,0.0,172.27,3.0196768831999954,21.08666666666667,0.0,0,58750.0,0.0,136921.0,0.1159999999999999,0.0,165.34,21.71666666666667,0.0,0.6537349665982735,-0.6354975448570127,1
PLANNER - PRUDENCIAL,2021-12-01,64591.0,2600.0,173726.0,-0.0217,0.0,174.3,2.958021687500012,22.62,0.0,0,69205.0,0.0,136921.0,0.1205,0.0,171.47,20.72,0.0,0.6675432785686619,-0.6970945341633238,1
PLANNER - PRUDENCIAL,2022-03-01,82952.0,1.0,194290.0,0.2375,0.0,175.72,3.2006523548000043,24.72,0.0,0,111299.0,0.0,152492.0,0.0922,0.0,173.12,22.403333333333336,0.0,0.7022565301016065,-0.8580664879293827,1
PLANNER - PRUDENCIAL,2022-06-01,58782.0,0.0,194290.0,0.1211999999999999,0.0,177.81,2.215266379399994,25.546666666666667,0.0,0,94676.0,0.0,152492.0,0.1253999999999999,0.0,172.06,21.46333333333333,0.0,0.6796419323021259,-0.7521267572485598,1
PLANNER - PRUDENCIAL,2022-09-01,33956.0,7.0,197519.0,0.1014,0.0,179.54,-1.3245430992000151,27.44,1.0,1,106848.0,0.0,173726.0,0.1069,0.0,172.27,21.08666666666667,0.0,0.6754059860256719,-0.7327387568651736,1
PLANNER - PRUDENCIAL,2022-12-01,20470.0,3.0,197519.0,0.1005,0.0,180.33,1.6286339977999995,29.036666666666665,0.3919843473348973,1,64591.0,2600.0,173726.0,-0.0217,0.0,174.3,22.62,0.0,0.7297567474492399,-0.9933887667962338,1
PLANNER - PRUDENCIAL,2023-03-01,20545.0,5.0,191583.0,0.1107,0.0,182.74,2.094210609200031,30.19,0.1162035839459247,0,82952.0,1.0,194290.0,0.2375,0.0,175.72,24.72,0.0,0.7383976207089264,-1.037656745884964,1
PLANNER - PRUDENCIAL,2023-06-01,21569.0,1.0,191583.0,0.1103,0.0,184.28,0.760729877599986,32.02333333333333,0.0802682253672498,0,58782.0,0.0,194290.0,0.1211999999999999,0.0,177.81,25.546666666666667,0.0,0.7733612630701088,-1.2273890084548256,1
PLANNER - PRUDENCIAL,2023-09-01,22252.0,31.0,182440.0,0.1079,0.0,184.44,0.6111867176000096,31.51333333333333,0.1027740888577308,0,33956.0,7.0,197519.0,0.1014,0.0,179.54,27.44,0.0,0.8082493645993553,-1.438674876005086,1
PLANNER - PRUDENCIAL,2023-12-01,10080.0,31.0,182440.0,0.1076999999999999,0.0,185.03,1.083587763199989,30.41333333333333,0.1963611976848037,1,20470.0,3.0,197519.0,0.1005,0.0,180.33,29.036666666666665,0.0,0.8303316397918302,-1.5879794769971036,1
PLANNER - PRUDENCIAL,2024-03-01,10016.0,32.0,168742.0,0.109,0.0,186.65,1.415491577599992,29.896666666666665,0.1880840831885139,1,20545.0,5.0,191583.0,0.1107,0.0,182.74,30.19,0.0,0.8491524882849665,-1.7279693084331846,1
PLANNER - PRUDENCIAL,2024-06-01,20859.0,19.0,168742.0,0.1143,0.0,189.49,1.053515670799987,29.07333333333333,0.2576201432516526,1,21569.0,1.0,191583.0,0.1103,0.0,184.28,32.02333333333333,0.0,0.8704423258436119,-1.9048753599076276,1
PLANNER - PRUDENCIAL,2024-09-01,9698.0,13.0,173820.0,0.105,0.0,190.99,0.8015076655999875,28.473333333333333,0.2476348027124689,1,22252.0,31.0,182440.0,0.1079,0.0,184.44,31.51333333333333,0.0,0.8664545516814122,-1.8699677998288664,1
PLANNER - PRUDENCIAL,2024-12-01,7502.0,13.0,173820.0,0.0831,0.0,191.11,1.47713535680003,27.96,0.5411742408410213,1,10080.0,31.0,182440.0,0.1076999999999999,0.0,185.03,30.41333333333333,0.0,0.8589626362875731,-1.806700577431784,1
PORTO SEGURO - PRUDENCIAL,2017-03-01,3917513.0,0.0,306169.0,0.1419,0.0,164.34,0.9630321349999972,41.17333333333333,0.0604386302923536,0,3443550.0,0.0,692964.0,0.1379,0.0,163.26,35.07,0.0,0.4321055014349864,0.27326588496920307,0
PORTO SEGURO - PRUDENCIAL,2017-06-01,3962187.0,0.0,306169.0,0.132,0.0,165.65,0.2193980018000196,36.63666666666666,0.0613983452104611,0,3522187.0,0.0,692964.0,0.1442,0.0,163.72,38.303333333333335,0.0,0.4844695476341302,0.062141799185720256,0
PORTO SEGURO - PRUDENCIAL,2017-09-01,4170695.0,0.0,311659.0,0.1374,0.0,166.12,0.5911447296000016,36.16333333333333,0.0592754552204737,0,3575482.0,0.0,717468.0,0.1439,0.0,162.92,39.71333333333333,0.0,0.4996289564877123,0.0014841745214441407,0
PORTO SEGURO - PRUDENCIAL,2017-12-01,4738511.0,0.0,311659.0,0.1239,0.0,167.13,1.144261174399985,33.526666666666664,0.0538491646879877,0,3999571.0,0.0,717468.0,0.1211999999999999,0.0,162.73,40.38,0.0,0.454784902617381,0.1813558254066751,0
PORTO SEGURO - PRUDENCIAL,2018-03-01,4663898.0,0.0,340849.0,0.1257,0.0,167.98,0.7014778351999817,33.15,0.0562466550826696,0,3917513.0,0.0,306169.0,0.1419,0.0,164.34,41.17333333333333,0.0,0.48184901899031723,0.07263584274242402,0
PORTO SEGURO - PRUDENCIAL,2018-06-01,4728720.0,0.0,340849.0,0.1331,0.0,167.89,1.8887030879999989,30.82333333333333,0.0610097720635452,0,3962187.0,0.0,306169.0,0.132,0.0,165.65,36.63666666666666,0.0,0.3991832139527966,0.40886954538197223,0
PORTO SEGURO - PRUDENCIAL,2018-09-01,4857719.0,0.0,356955.0,0.1388,0.0,169.35,0.7208535743999933,28.546666666666667,0.0650715321027013,0,4170695.0,0.0,311659.0,0.1374,0.0,166.12,36.16333333333333,0.0,0.36496633928453104,0.553872878454385,0
PORTO SEGURO - PRUDENCIAL,2018-12-01,6618905.0,0.0,356955.0,0.1196,0.0,169.09,0.3894135824999978,28.71666666666667,0.0638936492919477,0,4738511.0,0.0,311659.0,0.1239,0.0,167.13,33.526666666666664,0.0,0.26034839185309666,1.044158572946464,0
PORTO SEGURO - PRUDENCIAL,2019-03-01,6450833.0,395833.0,471287.0,0.1169999999999999,0.0,169.51,1.507011320000018,30.386666666666667,0.0665781071038647,0,4663898.0,0.0,340849.0,0.1257,0.0,167.98,33.15,0.0,0.2669981100718702,1.0099067003737623,0
PORTO SEGURO - PRUDENCIAL,2019-06-01,6820586.0,5987.0,471287.0,0.1193,0.0,170.58,0.710811074100004,30.69666666666667,0.0652593643451417,0,4728720.0,0.0,340849.0,0.1331,0.0,167.89,30.82333333333333,0.0,0.22602973729297232,1.2308668811470669,0
PORTO SEGURO - PRUDENCIAL,2019-09-01,7358357.0,27658.0,522280.0,0.1171,0.0,170.5,0.2600889164000142,30.59,0.062739371174408,0,4857719.0,0.0,356955.0,0.1388,0.0,169.35,28.546666666666667,0.0,0.1907403415489491,1.4452067931222372,0
PORTO SEGURO - PRUDENCIAL,2019-12-01,8258487.0,26024.0,522280.0,0.1061999999999999,0.0,171.91,1.767530865000011,29.096666666666664,0.0565416901195305,0,6618905.0,0.0,356955.0,0.1196,0.0,169.09,28.71666666666667,0.0,0.08171115137883511,2.4193215068148004,0
PORTO SEGURO - PRUDENCIAL,2020-03-01,8498612.0,47580.0,551714.0,0.1166,0.0,168.09,0.5308473674999981,28.24,0.0594915183858183,0,6450833.0,395833.0,471287.0,0.1169999999999999,0.0,169.51,30.386666666666667,0.0,0.12219932703493429,1.9717660043741807,0
PORTO SEGURO - PRUDENCIAL,2020-06-01,8217913.0,40967.0,551714.0,0.1214,0.0,153.27,-0.4306129372000034,24.44333333333333,0.0747136786673352,0,6820586.0,5987.0,471287.0,0.1193,0.0,170.58,30.69666666666667,0.0,0.08825324986531119,2.3351517445616135,0
PORTO SEGURO - PRUDENCIAL,2020-09-01,9203112.0,41111.0,565768.0,0.1122,0.0,165.34,1.2447095295999857,21.71666666666667,0.070470416910948,0,7358357.0,27658.0,522280.0,0.1171,0.0,170.5,30.59,0.0,0.06708969866469107,2.6322785462287293,0
PORTO SEGURO - PRUDENCIAL,2020-12-01,10238751.0,18721.0,565768.0,0.1049,0.0,171.47,3.131382328999988,20.72,0.061506071299449,0,8258487.0,26024.0,522280.0,0.1061999999999999,0.0,171.91,29.096666666666664,0.0,0.03861640292441218,3.2146963614850814,0
PORTO SEGURO - PRUDENCIAL,2021-03-01,10663992.0,35755.0,611846.0,0.1057,0.0,173.12,2.052492994999988,22.403333333333336,0.0554715233388854,0,8498612.0,47580.0,551714.0,0.1166,0.0,168.09,28.24,0.0,0.029333822750760553,3.49924140618792,0
PORTO SEGURO - PRUDENCIAL,2021-06-01,11483822.0,24996.0,611846.0,0.1027,0.0,172.06,1.6786286369000036,21.46333333333333,0.0540386708884787,0,8217913.0,40967.0,551714.0,0.1214,0.0,153.27,24.44333333333333,0.0,0.018128334425954826,3.9919844609787254,0
PORTO SEGURO - PRUDENCIAL,2021-09-01,12185135.0,13251.0,672232.0,0.1,0.0,172.27,3.0196768831999954,21.08666666666667,0.0573321004044897,0,9203112.0,41111.0,565768.0,0.1122,0.0,165.34,21.71666666666667,0.0,0.011413118864112037,4.461513059425016,0
PORTO SEGURO - PRUDENCIAL,2021-12-01,13068721.0,12139.0,672232.0,0.0966,0.0,174.3,2.958021687500012,22.62,0.0654967429080828,0,10238751.0,18721.0,565768.0,0.1049,0.0,171.47,20.72,0.0,0.006811832497797271,4.982258966939965,0
PORTO SEGURO - PRUDENCIAL,2022-03-01,12192573.0,19702.0,748389.0,0.1051,0.0,175.72,3.2006523548000043,24.72,0.0751688827335637,0,10663992.0,35755.0,611846.0,0.1057,0.0,173.12,22.403333333333336,0.0,0.00641991684868894,5.041909500241002,0
PORTO SEGURO - PRUDENCIAL,2022-06-01,13025026.0,29298.0,748389.0,0.099,0.0,177.81,2.215266379399994,25.546666666666667,0.0838205717079216,0,11483822.0,24996.0,611846.0,0.1027,0.0,172.06,21.46333333333333,0.0,0.0036670244210190704,5.604700965905669,0
PORTO SEGURO - PRUDENCIAL,2022-09-01,13743326.0,10869.0,856315.0,0.0894,0.0,179.54,-1.3245430992000151,27.44,0.0885027081061717,0,12185135.0,13251.0,672232.0,0.1,0.0,172.27,21.08666666666667,0.0,0.0024135795436529576,6.024227848784042,0
PORTO SEGURO - PRUDENCIAL,2022-12-01,14370829.0,60804.0,856315.0,0.0858,0.0,180.33,1.6286339977999995,29.036666666666665,0.0934851676122232,0,13068721.0,12139.0,672232.0,0.0966,0.0,174.3,22.62,0.0,0.0017361552266523979,6.354344586476321,0
PORTO SEGURO - PRUDENCIAL,2023-03-01,14385592.0,30995.0,984924.0,0.0886,0.0,182.74,2.094210609200031,30.19,0.1013036464194684,0,12192573.0,19702.0,748389.0,0.1051,0.0,175.72,24.72,0.0,0.0034625787453383895,5.662273078146335,0
PORTO SEGURO - PRUDENCIAL,2023-06-01,15660073.0,27265.0,984924.0,0.081,0.0,184.28,0.760729877599986,32.02333333333333,0.1049554268009758,0,13025026.0,29298.0,748389.0,0.099,0.0,177.81,25.546666666666667,0.0,0.002449806263031379,6.009293522017871,0
PORTO SEGURO - PRUDENCIAL,2023-09-01,14231862.0,28009.0,1133160.0,0.0904,0.0,184.44,0.6111867176000096,31.51333333333333,0.1062326479627213,0,13743326.0,10869.0,856315.0,0.0894,0.0,179.54,27.44,0.0,0.0019755515239569046,6.224930161576856,0
PORTO SEGURO - PRUDENCIAL,2023-12-01,15243679.0,29736.0,1133160.0,0.0906,0.0,185.03,1.083587763199989,30.41333333333333,0.1024320851566699,0,14370829.0,60804.0,856315.0,0.0858,0.0,180.33,29.036666666666665,0.0,0.0016441023976542083,6.408915243293038,0
PORTO SEGURO - PRUDENCIAL,2024-03-01,14798848.0,28840.0,1256949.0,0.0865,0.0,186.65,1.415491577599992,29.896666666666665,0.1038428712732984,0,14385592.0,30995.0,984924.0,0.0886,0.0,182.74,30.19,0.0,0.0018691592177334788,6.280395657233123,0
PORTO SEGURO - PRUDENCIAL,2024-06-01,15383838.0,49878.0,1256949.0,0.0852999999999999,0.0,189.49,1.053515670799987,29.07333333333333,0.1077221894250436,0,15660073.0,27265.0,984924.0,0.081,0.0,184.28,32.02333333333333,0.0,0.001092349089557771,6.8183318276261415,0
PORTO SEGURO - PRUDENCIAL,2024-09-01,16460133.0,38526.0,1367063.0,0.0803999999999999,0.0,190.99,0.8015076655999875,28.473333333333333,0.1053859324014925,0,14231862.0,28009.0,1133160.0,0.0904,0.0,184.44,31.51333333333333,0.0,0.0023635942285786145,6.045205448462038,0
PORTO SEGURO - PRUDENCIAL,2024-12-01,17865370.0,37507.0,1367063.0,0.0834,0.0,191.11,1.47713535680003,27.96,0.0947912681572138,0,15243679.0,29736.0,1133160.0,0.0906,0.0,185.03,30.41333333333333,0.0,0.0012490000247589077,6.684162247440458,0
PORTO SEGURO - PRUDENCIAL,2025-03-01,18276066.0,61538.0,1937397.0,0.0794,0.0,193.61,2.040339737600028,29.313333333333333,0.0630615595964409,0,14798848.0,28840.0,1256949.0,0.0865,0.0,186.65,29.896666666666665,0.0,0.0016174447487357507,6.425288936480408,0
PORTO SEGURO - PRUDENCIAL,2025-06-01,19135048.0,62074.0,1937397.0,0.0758,0.0,194.33,0.9327766831999762,31.666666666666668,0.0614964024826905,0,15383838.0,49878.0,1256949.0,0.0852999999999999,0.0,189.49,29.07333333333333,0.0,0.0011833003481913785,6.738263838418574,0
PORTO SEGURO - PRUDENCIAL,2025-09-01,19535420.0,27782.0,2014314.0,0.0754,0.0,,0.6304326271999727,31.94666666666667,0.0607861756043681,0,16460133.0,38526.0,1367063.0,0.0803999999999999,0.0,190.99,28.473333333333333,0.0,0.0006417254402011777,7.3507080776523175,0
PROVER PROMOCAO DE VENDAS IP - PRUDENCIAL,2024-09-01,99911.0,0.0,9991.0,0.0,0.0,190.99,0.8015076655999875,28.473333333333333,0.0,0,292406.0,0.0,29241.0,0.0,0.0,184.44,31.51333333333333,0.0,0.8540512458090938,-1.766735636703825,1
PROVER PROMOCAO DE VENDAS IP - PRUDENCIAL,2024-12-01,114263.0,0.0,11426.0,0.0,0.0,191.11,1.47713535680003,27.96,0.0,0,414874.0,0.0,41487.0,0.0,0.0,185.03,30.41333333333333,0.0,0.8359413744257119,-1.628334646771272,1
QI SCD - PRUDENCIAL,2021-03-01,23084.0,0.0,2308.0,0.0,0.0,173.12,2.052492994999988,22.403333333333336,0.0,0,9040.0,0.0,904.0,0.0,0.0,168.09,28.24,0.0,0.7830237352299341,-1.2833750396448926,1
QI SCD - PRUDENCIAL,2021-06-01,39561.0,0.0,3956.0,0.0,0.0,172.06,1.6786286369000036,21.46333333333333,0.0134417613126016,0,7991.0,0.0,799.0,0.0,0.0,153.27,24.44333333333333,0.0,0.6545868285306471,-0.6392629412294898,1
QI SCD - PRUDENCIAL,2021-09-01,52975.0,0.0,5297.0,0.0,0.0,172.27,3.0196768831999954,21.08666666666667,0.002791170897796,0,12206.0,0.0,1221.0,0.0,0.0,165.34,21.71666666666667,0.0,0.6717270872769723,-0.716006824199404,1
QI SCD - PRUDENCIAL,2022-12-01,73688.0,0.0,202177.0,0.2523,0.0,180.33,1.6286339977999995,29.036666666666665,0.0030856140655234,0,21356.0,0.0,2136.0,0.0,0.0,171.47,20.72,0.0,0.6858586302749057,-0.7808284212108847,1
QI SCD - PRUDENCIAL,2023-03-01,79032.0,0.0,198950.0,0.3768,0.0,182.74,2.094210609200031,30.19,0.0042725716564693,0,23084.0,0.0,2308.0,0.0,0.0,173.12,22.403333333333336,0.0,0.7207658123334197,-0.9482634625865697,1
QI SCD - PRUDENCIAL,2023-06-01,143545.0,0.0,198950.0,0.4855,0.0,184.28,0.760729877599986,32.02333333333333,0.0151498527765336,0,39561.0,0.0,3956.0,0.0,0.0,172.06,21.46333333333333,0.0,0.6988331102910544,-0.8417473964887745,1
QI SCD - PRUDENCIAL,2023-09-01,76931.0,0.0,5264.0,1.8199,0.0,184.44,0.6111867176000096,31.51333333333333,0.0239114353284878,0,52975.0,0.0,5297.0,0.0,0.0,172.27,21.08666666666667,0.0,0.6921996577848368,-0.8104231032742322,1
QI SCD - PRUDENCIAL,2023-12-01,96299.0,0.0,5264.0,1.0492,0.0,185.03,1.083587763199989,30.41333333333333,0.0209594592739514,0,73688.0,0.0,202177.0,0.2523,0.0,180.33,29.036666666666665,0.0,0.8140021353082468,-1.4762277951948242,1
QI SCD - PRUDENCIAL,2024-03-01,125409.0,0.0,9431.0,1.0107,0.0,186.65,1.415491577599992,29.896666666666665,0.0173613755496779,0,79032.0,0.0,198950.0,0.3768,0.0,182.74,30.19,0.0,0.8251464920220501,-1.5516124099940278,1
QI SCD - PRUDENCIAL,2024-06-01,135175.0,0.0,9431.0,1.1848,0.0,189.49,1.053515670799987,29.07333333333333,0.0261024878239403,0,143545.0,0.0,198950.0,0.4855,0.0,184.28,32.02333333333333,0.0,0.836688151370816,-1.6337898666654052,1
QI SCD - PRUDENCIAL,2024-09-01,469197.0,0.0,15049.0,1.6125,0.0,190.99,0.8015076655999875,28.473333333333333,0.028417155477117,0,76931.0,0.0,5264.0,1.8199,0.0,184.44,31.51333333333333,0.0,0.7114514637372875,-0.9024438896326186,1
QI SCD - PRUDENCIAL,2024-12-01,214289.0,0.0,15049.0,1.1912,0.0,191.11,1.47713535680003,27.96,0.0624861232917619,0,96299.0,0.0,5264.0,1.0492,0.0,185.03,30.41333333333333,0.0,0.7752265964645539,-1.2380625693628236,1
QISTA S.A. CFI - PRUDENCIAL,2024-06-01,621468.0,0.0,58390.0,0.0702,0.0,189.49,1.053515670799987,29.07333333333333,0.0102751193095415,0,113650.0,0.0,37278.0,0.1135999999999999,0.0,184.28,32.02333333333333,0.0,0.863148733730754,-1.841692332082012,1
QISTA S.A. CFI - PRUDENCIAL,2024-09-01,548459.0,0.0,88089.0,0.085,0.0,190.99,0.8015076655999875,28.473333333333333,0.0311126269535489,0,135974.0,0.0,34678.0,0.0936999999999999,0.0,184.44,31.51333333333333,0.0,0.8586905779483813,-1.8044566757966707,1
QISTA S.A. CFI - PRUDENCIAL,2024-12-01,842744.0,0.0,88089.0,0.0886,0.0,191.11,1.47713535680003,27.96,0.0308139115011026,0,193550.0,0.0,34678.0,0.1293,0.0,185.03,30.41333333333333,0.0,0.8432447900826999,-1.6825718788340231,1
QISTA S.A. CFI - PRUDENCIAL,2025-03-01,1150843.0,0.0,141021.0,0.079,0.0,193.61,2.040339737600028,29.313333333333333,0.0,0,144554.0,0.0,58390.0,0.1352,0.0,186.65,29.896666666666665,0.0,0.8465111266959174,-1.7074952674079782,1
QISTA S.A. CFI - PRUDENCIAL,2025-06-01,1207723.0,0.0,141021.0,0.0866,0.0,194.33,0.9327766831999762,31.666666666666668,0.0,0,621468.0,0.0,58390.0,0.0702,0.0,189.49,29.07333333333333,0.0,0.8144034168846911,-1.4788804305904149,1
QISTA S.A. CFI - PRUDENCIAL,2025-09-01,0.0,0.0,0.0,0.0,0.0,,0.6304326271999727,31.94666666666667,0.0,0,548459.0,0.0,88089.0,0.085,0.0,190.99,28.473333333333333,0.0,0.8181149174703196,-1.5036277391122508,1
RANDON - PRUDENCIAL,2017-03-01,445895.0,0.0,227310.0,0.2067,0.2753,164.34,0.9630321349999972,41.17333333333333,0.049804380313224,0,510810.0,0.0,201463.0,0.2005,0.2434,163.26,35.07,49036.0942,0.580131174095389,-0.32331189674404565,0
RANDON - PRUDENCIAL,2017-06-01,429909.0,0.0,227310.0,0.2187,0.3034,165.65,0.2193980018000196,36.63666666666666,0.0460864859076319,0,492237.0,0.0,201463.0,0.2041,0.2583,163.72,38.303333333333335,52037.89289999999,0.6294873012978267,-0.530017961682277,1
RANDON - PRUDENCIAL,2017-09-01,426954.0,0.0,240239.0,0.2285,0.3078,166.12,0.5911447296000016,36.16333333333333,0.037349987197331,0,477220.0,0.0,210860.0,0.2155,0.2764,162.92,39.71333333333333,58281.704,0.6350848653875915,-0.5540938173313313,1
RANDON - PRUDENCIAL,2017-12-01,434344.0,0.0,240239.0,0.201,0.2787,167.13,1.144261174399985,33.526666666666664,0.0254034220688636,0,464065.0,0.0,210860.0,0.1969,0.2534,162.73,40.38,53431.924000000006,0.6706589304179739,-0.7111668075817461,1
RANDON - PRUDENCIAL,2018-03-01,447555.0,0.0,266681.0,0.1968,0.293,167.98,0.7014778351999817,33.15,0.0286857525510858,0,445895.0,0.0,227310.0,0.2067,0.2753,164.34,41.17333333333333,62578.443,0.6765421979084316,-0.7379261584855492,1
RANDON - PRUDENCIAL,2018-06-01,457204.0,0.0,266681.0,0.2,0.282,167.89,1.8887030879999989,30.82333333333333,0.0445668491793011,0,429909.0,0.0,227310.0,0.2187,0.3034,165.65,36.63666666666666,68965.854,0.5772149695002438,-0.311350913272425,0
RANDON - PRUDENCIAL,2018-09-01,490729.0,0.0,276944.0,0.2023,0.288,169.35,0.7208535743999933,28.546666666666667,0.0431765965637438,0,426954.0,0.0,240239.0,0.2285,0.3078,166.12,36.16333333333333,73945.56420000001,0.5682622144130682,-0.2747645309071695,0
RANDON - PRUDENCIAL,2018-12-01,528825.0,0.0,276944.0,0.1485999999999999,0.2073,169.09,0.3894135824999978,28.71666666666667,0.0302753892131624,0,434344.0,0.0,240239.0,0.201,0.2787,167.13,33.526666666666664,66954.6093,0.5555948819120142,-0.22330282424250145,0
RANDON - PRUDENCIAL,2019-03-01,577684.0,0.0,312496.0,0.1452999999999999,0.2119,169.51,1.507011320000018,30.386666666666667,0.0259007990628626,0,447555.0,0.0,266681.0,0.1968,0.293,167.98,33.15,78137.533,0.5428209576292041,-0.17170444543390606,0
RANDON - PRUDENCIAL,2019-06-01,565904.0,0.0,312496.0,0.1572,0.2148,170.58,0.710811074100004,30.69666666666667,0.0226236358644248,0,457204.0,0.0,266681.0,0.2,0.282,167.89,30.82333333333333,75204.04199999999,0.5067976357357048,-0.02719221814796479,0
RANDON - PRUDENCIAL,2019-09-01,624960.0,0.0,327272.0,0.1562,0.2237,170.5,0.2600889164000142,30.59,0.016560995879511,0,490729.0,0.0,276944.0,0.2023,0.288,169.35,28.546666666666667,79759.87199999999,0.4628665272491816,0.14880788197295658,0
RANDON - PRUDENCIAL,2019-12-01,666683.0,0.0,327272.0,0.1134999999999999,0.1671,171.91,1.767530865000011,29.096666666666664,0.0131939140014548,0,528825.0,0.0,276944.0,0.1485999999999999,0.2073,169.09,28.71666666666667,57410.491200000004,0.5449047211568182,-0.1801041545146863,0
RANDON - PRUDENCIAL,2020-03-01,673990.0,0.0,342621.0,0.1772,0.2551,168.09,0.5308473674999981,28.24,0.0130734838563703,0,577684.0,0.0,312496.0,0.1452999999999999,0.2119,169.51,30.386666666666667,66217.9024,0.5728822587799105,-0.293620497525335,0
RANDON - PRUDENCIAL,2020-06-01,757352.0,0.0,342621.0,0.1757,0.2511,153.27,-0.4306129372000034,24.44333333333333,0.0040656423364347,0,565904.0,0.0,312496.0,0.1572,0.2148,170.58,30.69666666666667,67124.1408,0.5822565338673886,-0.3320436034809762,0
RANDON - PRUDENCIAL,2020-09-01,851769.0,0.0,355358.0,0.1707,0.2395,165.34,1.2447095295999857,21.71666666666667,0.0065681548401672,0,624960.0,0.0,327272.0,0.1562,0.2237,170.5,30.59,73210.7464,0.5655292456098633,-0.26363337657660474,0
RANDON - PRUDENCIAL,2020-12-01,968177.0,0.0,355358.0,0.1548,0.2084,171.47,3.131382328999988,20.72,0.008928400224638,0,666683.0,0.0,327272.0,0.1134999999999999,0.1671,171.91,29.096666666666664,54687.1512,0.5978719400466869,-0.39660598870180036,0
RANDON - PRUDENCIAL,2021-03-01,1005467.0,0.0,375515.0,0.1585,0.2025,173.12,2.052492994999988,22.403333333333336,0.0087547548438718,0,673990.0,0.0,342621.0,0.1772,0.2551,168.09,28.24,87402.6171,0.4695347627774248,0.12201208973679359,0
RANDON - PRUDENCIAL,2021-06-01,1000716.0,0.0,375515.0,0.2054,0.276,172.06,1.6786286369000036,21.46333333333333,0.0069655102765926,0,757352.0,0.0,342621.0,0.1757,0.2511,153.27,24.44333333333333,86032.13309999999,0.31049173097590554,0.7978214203884086,0
RANDON - PRUDENCIAL,2021-09-01,1174231.0,0.0,404389.0,0.1687999999999999,0.2166,172.27,3.0196768831999954,21.08666666666667,0.0073059498249462,0,851769.0,0.0,355358.0,0.1707,0.2395,165.34,21.71666666666667,85108.241,0.32782669343162346,0.7180311090399163,0
RANDON - PRUDENCIAL,2021-12-01,1503937.0,0.0,404389.0,0.1222,0.1499,174.3,2.958021687500012,22.62,0.0020828401579755,0,968177.0,0.0,355358.0,0.1548,0.2084,171.47,20.72,74056.6072,0.356789843896587,0.5893245719720004,0
RANDON - PRUDENCIAL,2022-03-01,1347553.0,0.0,434215.0,0.1391,0.1743,175.72,3.2006523548000043,24.72,0.0019763060326369,0,1005467.0,0.0,375515.0,0.1585,0.2025,173.12,22.403333333333336,76041.7875,0.39854320241206687,0.4115388036111494,0
RANDON - PRUDENCIAL,2022-06-01,1545188.0,0.0,434215.0,0.1558,0.1979,177.81,2.215266379399994,25.546666666666667,0.0024408077146285,0,1000716.0,0.0,375515.0,0.2054,0.276,172.06,21.46333333333333,103642.14000000001,0.3096585725133804,0.8017159862697298,0
RANDON - PRUDENCIAL,2022-09-01,1637306.0,0.0,477784.0,0.1523,0.1917,179.54,-1.3245430992000151,27.44,0.0044970991647035,0,1174231.0,0.0,404389.0,0.1687999999999999,0.2166,172.27,21.08666666666667,87590.6574,0.33865912687265315,0.669275324109943,0
RANDON - PRUDENCIAL,2022-12-01,1835537.0,0.0,477784.0,0.1448,0.1678,180.33,1.6286339977999995,29.036666666666665,0.0062262728119331,0,1503937.0,0.0,404389.0,0.1222,0.1499,174.3,22.62,60617.911100000005,0.395831378049275,0.42286502698973755,0
RANDON - PRUDENCIAL,2023-03-01,2049689.0,0.0,506162.0,0.1691,0.1961,182.74,2.094210609200031,30.19,0.0097962863824121,0,1347553.0,0.0,434215.0,0.1391,0.1743,175.72,24.72,75683.67450000001,0.4443076203310653,0.22369770622742097,0
RANDON - PRUDENCIAL,2023-06-01,2100301.0,0.0,506162.0,0.1639,0.195,184.28,0.760729877599986,32.02333333333333,0.0080347254580872,0,1545188.0,0.0,434215.0,0.1558,0.1979,177.81,25.546666666666667,85931.1485,0.4220514938371597,0.3143574452904364,0
RANDON - PRUDENCIAL,2023-09-01,2192435.0,0.0,572486.0,0.1578999999999999,0.1901,184.44,0.6111867176000096,31.51333333333333,0.0081644247606112,0,1637306.0,0.0,477784.0,0.1523,0.1917,179.54,27.44,91591.1928,0.4664341317170529,0.13446571418581635,0
RANDON - PRUDENCIAL,2023-12-01,2368311.0,0.0,572486.0,0.1479,0.1747,185.03,1.083587763199989,30.41333333333333,0.0068472568786182,0,1835537.0,0.0,477784.0,0.1448,0.1678,180.33,29.036666666666665,80172.15520000001,0.4953974254694842,0.018410818344132128,0
RANDON - PRUDENCIAL,2024-03-01,2582624.0,0.0,643194.0,0.1508,0.1841,186.65,1.415491577599992,29.896666666666665,0.0059977856359591,0,2049689.0,0.0,506162.0,0.1691,0.1961,182.74,30.19,99258.3682,0.47766114537656945,0.08941494404105607,0
RANDON - PRUDENCIAL,2024-06-01,2571086.0,0.0,643194.0,0.1624,0.2011,189.49,1.053515670799987,29.07333333333333,0.0134501920012179,0,2100301.0,0.0,506162.0,0.1639,0.195,184.28,32.02333333333333,98701.59,0.516468293828617,-0.0658970107771522,0
RANDON - PRUDENCIAL,2024-09-01,2788709.0,0.0,724502.0,0.1499,0.1885,190.99,0.8015076655999875,28.473333333333333,0.015911774081924,0,2192435.0,0.0,572486.0,0.1578999999999999,0.1901,184.44,31.51333333333333,108829.58859999999,0.507759490733157,-0.03104045480469959,0
RANDON - PRUDENCIAL,2024-12-01,3048606.0,0.0,724502.0,0.1409,0.1644999999999999,191.11,1.47713535680003,27.96,0.0151643978072264,0,2368311.0,0.0,572486.0,0.1479,0.1747,185.03,30.41333333333333,100013.3042,0.47926402351689157,0.08299150763062053,0
RECARGAPAY IP - PRUDENCIAL,2024-09-01,275274.0,0.0,227035.0,0.0,0.0,190.99,0.8015076655999875,28.473333333333333,0.3722661593612782,1,225554.0,0.0,242851.0,0.0,0.0,184.44,31.51333333333333,0.0,0.860279156704238,-1.8176104811464755,1
RECARGAPAY IP - PRUDENCIAL,2024-12-01,288789.0,0.0,227035.0,0.0,0.0,191.11,1.47713535680003,27.96,0.3430060180393022,1,256528.0,0.0,242851.0,0.0,0.0,185.03,30.41333333333333,0.0,0.8494059566900705,-1.729949468482808,1
RENDIMENTO - PRUDENCIAL,2017-03-01,946109.0,50652.0,520426.0,0.1552,0.1435,164.34,0.9630321349999972,41.17333333333333,0.0299568601513205,0,856744.0,85884.0,568683.0,0.1434,0.1421,163.26,35.07,80809.8543,0.6805517163506901,-0.7563084222636782,1
RENDIMENTO - PRUDENCIAL,2017-06-01,1064124.0,46249.0,520426.0,0.1465,0.1239,165.65,0.2193980018000196,36.63666666666666,0.0305134541959788,0,991230.0,231748.0,568683.0,0.122,0.1156,163.72,38.303333333333335,65739.7548,0.7526766617207381,-1.112939192658795,1
RENDIMENTO - PRUDENCIAL,2017-09-01,1143487.0,98096.0,527645.0,0.1461,0.1288,166.12,0.5911447296000016,36.16333333333333,0.0231023580820551,0,885700.0,34212.0,494379.0,0.1594,0.1439,162.92,39.71333333333333,71141.1381,0.734523878856366,-1.017697607622773,1
RENDIMENTO - PRUDENCIAL,2017-12-01,1452029.0,271568.0,527645.0,0.1169999999999999,0.108,167.13,1.144261174399985,33.526666666666664,0.0234160430354757,0,1002099.0,100379.0,494379.0,0.1438,0.131,162.73,40.38,64763.649000000005,0.7475618745813308,-1.0856509059632233,1
RENDIMENTO - PRUDENCIAL,2018-03-01,1184044.0,103743.0,531976.0,0.1462,0.1217999999999999,167.98,0.7014778351999817,33.15,0.0371085167718836,0,946109.0,50652.0,520426.0,0.1552,0.1435,164.34,41.17333333333333,74681.131,0.7598235020043135,-1.1517121103114676,1
RENDIMENTO - PRUDENCIAL,2018-06-01,1297930.0,53023.0,531976.0,0.1433,0.0895,167.89,1.8887030879999989,30.82333333333333,0.0363618911648108,0,1064124.0,46249.0,520426.0,0.1465,0.1239,165.65,36.63666666666666,64480.7814,0.6978131009417095,-0.8369056058754328,1
RENDIMENTO - PRUDENCIAL,2018-09-01,1382611.0,65010.0,542932.0,0.139,0.099,169.35,0.7208535743999933,28.546666666666667,0.030990728940178,0,1143487.0,98096.0,527645.0,0.1461,0.1288,166.12,36.16333333333333,67960.67599999999,0.685799566179247,-0.780554300598273,1
RENDIMENTO - PRUDENCIAL,2018-12-01,1437999.0,47162.0,542932.0,0.1421,0.1054,169.09,0.3894135824999978,28.71666666666667,0.0144541204676882,0,1452029.0,271568.0,527645.0,0.1169999999999999,0.108,167.13,33.526666666666664,56985.659999999996,0.6466733967057543,-0.6044485193528594,1
RENDIMENTO - PRUDENCIAL,2019-03-01,1496153.0,53866.0,380548.0,0.1522,0.1045,169.51,1.507011320000018,30.386666666666667,0.0178179242312373,0,1184044.0,103743.0,531976.0,0.1462,0.1217999999999999,167.98,33.15,64794.67679999994,0.6453919962527794,-0.5988449134546862,1
RENDIMENTO - PRUDENCIAL,2019-06-01,1617081.0,68821.0,380548.0,0.146,0.1073,170.58,0.710811074100004,30.69666666666667,0.0154352896474655,0,1297930.0,53023.0,531976.0,0.1433,0.0895,167.89,30.82333333333333,47611.852,0.6074824365504126,-0.4367419796503003,1
RENDIMENTO - PRUDENCIAL,2019-09-01,1631406.0,54403.0,400785.0,0.1502,0.1086999999999999,170.5,0.2600889164000142,30.59,0.0267985364378102,0,1382611.0,65010.0,542932.0,0.139,0.099,169.35,28.546666666666667,53750.268000000004,0.5571368363286143,-0.229550039476055,0
RENDIMENTO - PRUDENCIAL,2019-12-01,1825120.0,75131.0,400785.0,0.1416,0.1109,171.91,1.767530865000011,29.096666666666664,0.0099849231203278,0,1437999.0,47162.0,542932.0,0.1421,0.1054,169.09,28.71666666666667,57225.03279999999,0.5431670358137133,-0.1730990699924735,0
RENDIMENTO - PRUDENCIAL,2020-03-01,1646385.0,72317.0,413556.0,0.1487,0.1148,168.09,0.5308473674999981,28.24,0.0114803345038803,0,1496153.0,53866.0,380548.0,0.1522,0.1045,169.51,30.386666666666667,39767.265999999996,0.557536685665092,-0.23117074927355694,0
RENDIMENTO - PRUDENCIAL,2020-06-01,1548393.0,44946.0,413556.0,0.1564,0.1066,153.27,-0.4306129372000034,24.44333333333333,0.0062533184341929,0,1617081.0,68821.0,380548.0,0.146,0.1073,170.58,30.69666666666667,40832.8004,0.5531220685391534,-0.21329324236901515,0
RENDIMENTO - PRUDENCIAL,2020-09-01,1731846.0,43049.0,493974.0,0.1416,0.0939,165.34,1.2447095295999857,21.71666666666667,0.0091929939595759,0,1631406.0,54403.0,400785.0,0.1502,0.1086999999999999,170.5,30.59,43565.329499999956,0.546471828452183,-0.18642536912440366,0
RENDIMENTO - PRUDENCIAL,2020-12-01,1725491.0,26462.0,493974.0,0.1501,0.1001,171.47,3.131382328999988,20.72,0.0246008358492964,0,1825120.0,75131.0,400785.0,0.1416,0.1109,171.91,29.096666666666664,44447.0565,0.5010216170585408,-0.004086473720504733,0
RENDIMENTO - PRUDENCIAL,2021-03-01,1772532.0,39815.0,540841.0,0.1429,0.1,173.12,2.052492994999988,22.403333333333336,0.0119107953642953,0,1646385.0,72317.0,413556.0,0.1487,0.1148,168.09,28.24,47476.2288,0.48313900960500517,0.06746954435876956,0
RENDIMENTO - PRUDENCIAL,2021-06-01,1771769.0,33761.0,540841.0,0.1495,0.1054,172.06,1.6786286369000036,21.46333333333333,0.0459546909348778,0,1548393.0,44946.0,413556.0,0.1564,0.1066,153.27,24.44333333333333,44085.0696,0.34388933379153785,0.6460095718358532,0
RENDIMENTO - PRUDENCIAL,2021-09-01,1682197.0,36985.0,624074.0,0.1457,0.0998,172.27,3.0196768831999954,21.08666666666667,0.0869932409210234,0,1731846.0,43049.0,493974.0,0.1416,0.0939,165.34,21.71666666666667,46384.158599999995,0.35534846919917595,0.5956109972364942,0
RENDIMENTO - PRUDENCIAL,2021-12-01,1785539.0,41360.0,624074.0,0.1386,0.0975,174.3,2.958021687500012,22.62,0.0199101139925041,0,1725491.0,26462.0,493974.0,0.1501,0.1001,171.47,20.72,49446.797399999996,0.3643571091134225,0.5565024577888952,0
RENDIMENTO - PRUDENCIAL,2022-03-01,1541918.0,25326.0,676523.0,0.1515,0.1024,175.72,3.2006523548000043,24.72,0.024282103425909,0,1772532.0,39815.0,540841.0,0.1429,0.1,173.12,22.403333333333336,54084.100000000006,0.40373107858814133,0.38994276663010036,0
RENDIMENTO - PRUDENCIAL,2022-06-01,1776411.0,41478.0,676523.0,0.1444,0.107,177.81,2.215266379399994,25.546666666666667,0.0183142310845178,0,1771769.0,33761.0,540841.0,0.1495,0.1054,172.06,21.46333333333333,57004.64139999999,0.37485980946637903,0.5114238149462903,0
RENDIMENTO - PRUDENCIAL,2022-09-01,1969144.0,71572.0,749109.0,0.1333,0.093,179.54,-1.3245430992000151,27.44,0.0057500315124831,0,1682197.0,36985.0,624074.0,0.1457,0.0998,172.27,21.08666666666667,62282.5852,0.3920292571977255,0.43879028786798946,0
RENDIMENTO - PRUDENCIAL,2022-12-01,1824996.0,36637.0,749109.0,0.1381,0.0864,180.33,1.6286339977999995,29.036666666666665,0.0070247320685804,0,1785539.0,41360.0,624074.0,0.1386,0.0975,174.3,22.62,60847.215000000004,0.4212365223154616,0.3176994062265698,0
RENDIMENTO - PRUDENCIAL,2023-03-01,1527961.0,28191.0,821020.0,0.1626999999999999,0.0977,182.74,2.094210609200031,30.19,0.0082539670552438,0,1541918.0,25326.0,676523.0,0.1515,0.1024,175.72,24.72,69275.9552,0.49974687203616597,0.0010125121417355932,0
RENDIMENTO - PRUDENCIAL,2023-06-01,1582590.0,28320.0,821020.0,0.1595,0.1,184.28,0.760729877599986,32.02333333333333,0.0157455755807911,0,1776411.0,41478.0,676523.0,0.1444,0.107,177.81,25.546666666666667,72387.961,0.4946769762827798,0.02129289952494319,0
RENDIMENTO - PRUDENCIAL,2023-09-01,1895776.0,26073.0,723100.0,0.1539,0.1057,184.44,0.6111867176000096,31.51333333333333,0.0198768395542829,0,1969144.0,71572.0,749109.0,0.1333,0.093,179.54,27.44,69667.137,0.5349383470789804,-0.13998151721032528,0
RENDIMENTO - PRUDENCIAL,2023-12-01,2008017.0,30688.0,723100.0,0.1352,0.0913,185.03,1.083587763199989,30.41333333333333,0.0175453290227406,0,1824996.0,36637.0,749109.0,0.1381,0.0864,180.33,29.036666666666665,64723.01760000001,0.5891002528413098,-0.36024711692969547,0
RENDIMENTO - PRUDENCIAL,2024-03-01,1907377.0,20177.0,715595.0,0.147,0.0973,186.65,1.415491577599992,29.896666666666665,0.0206346298207366,0,1527961.0,28191.0,821020.0,0.1626999999999999,0.0977,182.74,30.19,80213.654,0.6556252721115734,-0.6438590041553608,1
RENDIMENTO - PRUDENCIAL,2024-06-01,2000931.0,29191.0,715595.0,0.1417,0.0957,189.49,1.053515670799987,29.07333333333333,0.0204115910142656,0,1582590.0,28320.0,821020.0,0.1595,0.1,184.28,32.02333333333333,82102.0,0.686977350013492,-0.7860257698505657,1
RENDIMENTO - PRUDENCIAL,2024-09-01,1993976.0,18853.0,825038.0,0.1441,0.0994999999999999,190.99,0.8015076655999875,28.473333333333333,0.0565558981281446,0,1895776.0,26073.0,723100.0,0.1539,0.1057,184.44,31.51333333333333,76431.67,0.6298905530685217,-0.5317473143205015,1
RENDIMENTO - PRUDENCIAL,2024-12-01,1954655.0,24743.0,825038.0,0.1535,0.1038,191.11,1.47713535680003,27.96,0.0101444999902267,0,2008017.0,30688.0,723100.0,0.1352,0.0913,185.03,30.41333333333333,66019.03,0.6112421273107436,-0.45253644621460243,1
RODOBENS - PRUDENCIAL,2017-03-01,2793323.0,0.0,816622.0,0.2877,0.3721,164.34,0.9630321349999972,41.17333333333333,0.0502179193858036,0,3180457.0,0.0,741215.0,0.2432,0.3063,163.26,35.07,227034.1545,0.25863024067612045,1.0531001019383985,0
RODOBENS - PRUDENCIAL,2017-06-01,2784344.0,0.0,816622.0,0.2812,0.3913,165.65,0.2193980018000196,36.63666666666666,0.0335605827623605,0,3206979.0,0.0,741215.0,0.2403,0.307,163.72,38.303333333333335,227553.005,0.3079619895895299,0.8096645176582166,0
RODOBENS - PRUDENCIAL,2017-09-01,2760463.0,0.0,832180.0,0.2542,0.3594,166.12,0.5911447296000016,36.16333333333333,0.0389582479384213,0,3015209.0,0.0,776017.0,0.2622,0.3661,162.92,39.71333333333333,284099.8237,0.3181209140654406,0.7624208055005522,0
RODOBENS - PRUDENCIAL,2017-12-01,2612916.0,0.0,832180.0,0.2548999999999999,0.3383,167.13,1.144261174399985,33.526666666666664,0.0483105322966135,0,3142618.0,0.0,776017.0,0.256,0.3457,162.73,40.38,268269.0769,0.32571936727861167,0.7276102193604592,0
RODOBENS - PRUDENCIAL,2018-03-01,3148519.0,0.0,888020.0,0.2062,0.3172,167.98,0.7014778351999817,33.15,0.043899301944522,0,2793323.0,0.0,816622.0,0.2877,0.3721,164.34,41.17333333333333,303865.0462,0.38090914452325,0.48569115903431415,0
RODOBENS - PRUDENCIAL,2018-06-01,3124853.0,0.0,888020.0,0.2095,0.295,167.89,1.8887030879999989,30.82333333333333,0.030922920079863,0,2784344.0,0.0,816622.0,0.2812,0.3913,165.65,36.63666666666666,319544.1886,0.3004633013118945,0.8450926359446351,0
RODOBENS - PRUDENCIAL,2018-09-01,3146632.0,0.0,853986.0,0.2082,0.3051999999999999,169.35,0.7208535743999933,28.546666666666667,0.0373735072882846,0,2760463.0,0.0,832180.0,0.2542,0.3594,166.12,36.16333333333333,299085.49199999997,0.3223565907832867,0.7429628470275064,0
RODOBENS - PRUDENCIAL,2018-12-01,3130602.0,0.0,853986.0,0.193,0.2908,169.09,0.3894135824999978,28.71666666666667,0.0393804915768192,0,2612916.0,0.0,832180.0,0.2548999999999999,0.3383,167.13,33.526666666666664,281526.494,0.3138072654447094,0.7823795494365666,0
RODOBENS - PRUDENCIAL,2019-03-01,3651052.0,0.0,952344.0,0.1723,0.2943,169.51,1.507011320000018,30.386666666666667,0.0433755826964181,0,3148519.0,0.0,888020.0,0.2062,0.3172,167.98,33.15,281679.94399999996,0.27549269026981943,0.9669307555474527,0
RODOBENS - PRUDENCIAL,2019-06-01,3991167.0,0.0,952344.0,0.1649,0.2921,170.58,0.710811074100004,30.69666666666667,0.0684975032556398,0,3124853.0,0.0,888020.0,0.2095,0.295,167.89,30.82333333333333,261965.9,0.2535344933026415,1.0798495273143964,0
RODOBENS - PRUDENCIAL,2019-09-01,4253490.0,0.0,898253.0,0.1586999999999999,0.2848,170.5,0.2600889164000142,30.59,0.0638100499112023,0,3146632.0,0.0,853986.0,0.2082,0.3051999999999999,169.35,28.546666666666667,260636.52719999992,0.21716718637947516,1.2822516519937743,0
RODOBENS - PRUDENCIAL,2019-12-01,2478176.0,0.0,898253.0,0.2395,0.2736,171.91,1.767530865000011,29.096666666666664,0.048744984905165,0,3130602.0,0.0,853986.0,0.193,0.2908,169.09,28.71666666666667,248339.1288,0.22780477581632638,1.2207483835057193,0
RODOBENS - PRUDENCIAL,2020-03-01,2581708.0,0.0,868732.0,0.2312999999999999,0.2585,168.09,0.5308473674999981,28.24,0.0494306803100513,0,3651052.0,0.0,952344.0,0.1723,0.2943,169.51,30.386666666666667,280274.8392,0.21376027655966418,1.3024065535769673,0
RODOBENS - PRUDENCIAL,2020-06-01,2702775.0,0.0,868732.0,0.2289999999999999,0.2206,153.27,-0.4306129372000034,24.44333333333333,0.0513165054593014,0,3991167.0,0.0,952344.0,0.1649,0.2921,170.58,30.69666666666667,278179.68240000005,0.19227174714808737,1.435315960254513,0
RODOBENS - PRUDENCIAL,2020-09-01,2509028.0,0.0,844852.0,0.2529,0.2191,165.34,1.2447095295999857,21.71666666666667,0.0573426161440309,0,4253490.0,0.0,898253.0,0.1586999999999999,0.2848,170.5,30.59,255822.4544,0.1665435492329106,1.6103246201411974,0
RODOBENS - PRUDENCIAL,2020-12-01,2603098.0,0.0,844852.0,0.2465,0.2075,171.47,3.131382328999988,20.72,0.0643207770238554,0,2478176.0,0.0,898253.0,0.2395,0.2736,171.91,29.096666666666664,245762.0208,0.3301421325561533,0.7075422854368157,0
RODOBENS - PRUDENCIAL,2021-03-01,2900687.0,0.0,893802.0,0.2324,0.2087,173.12,2.052492994999988,22.403333333333336,0.0509843205837411,0,2581708.0,0.0,868732.0,0.2312999999999999,0.2585,168.09,28.24,224567.222,0.28916461775048663,0.8994447357098647,0
RODOBENS - PRUDENCIAL,2021-06-01,3245208.0,0.0,893802.0,0.2142,0.1966,172.06,1.6786286369000036,21.46333333333333,0.0442046239173122,0,2702775.0,0.0,868732.0,0.2289999999999999,0.2206,153.27,24.44333333333333,191642.2792,0.180381326166587,1.5137661115273158,0
RODOBENS - PRUDENCIAL,2021-09-01,3664342.0,0.0,979067.0,0.1978,0.183,172.27,3.0196768831999954,21.08666666666667,0.03726019457684,0,2509028.0,0.0,844852.0,0.2529,0.2191,165.34,21.71666666666667,185107.07319999998,0.20620765631120747,1.347938193885833,0
RODOBENS - PRUDENCIAL,2021-12-01,3397588.0,0.0,979067.0,0.2092,0.1778,174.3,2.958021687500012,22.62,0.0354427991746326,0,2603098.0,0.0,844852.0,0.2465,0.2075,171.47,20.72,175306.78999999998,0.21465083572720295,1.297115726165206,0
RODOBENS - PRUDENCIAL,2022-03-01,3518355.0,0.0,1114291.0,0.2024,0.1978,175.72,3.2006523548000043,24.72,0.0373441501217487,0,2900687.0,0.0,893802.0,0.2324,0.2087,173.12,22.403333333333336,186536.4774,0.2199871882912433,1.2657410353277514,0
RODOBENS - PRUDENCIAL,2022-06-01,3811376.0,0.0,1114291.0,0.1919,0.1772,177.81,2.215266379399994,25.546666666666667,0.0280821657524724,0,3245208.0,0.0,893802.0,0.2142,0.1966,172.06,21.46333333333333,175721.4732,0.17993471417026466,1.5167898680316023,0
RODOBENS - PRUDENCIAL,2022-09-01,4156225.0,0.0,1221946.0,0.1848,0.1748999999999999,179.54,-1.3245430992000151,27.44,0.0262514559973569,0,3664342.0,0.0,979067.0,0.1978,0.183,172.27,21.08666666666667,179169.261,0.1553565946356371,1.6931914478010377,0
RODOBENS - PRUDENCIAL,2022-12-01,4314552.0,0.0,1221946.0,0.1727,0.1629,180.33,1.6286339977999995,29.036666666666665,0.0146418547195394,0,3397588.0,0.0,979067.0,0.2092,0.1778,174.3,22.62,174078.11260000002,0.20242908463626497,1.371181127031831,0
RODOBENS - PRUDENCIAL,2023-03-01,4475341.0,0.0,1356716.0,0.175,0.1671,182.74,2.094210609200031,30.19,0.0144034709900195,0,3518355.0,0.0,1114291.0,0.2024,0.1978,175.72,24.72,220406.7598,0.22820170294852937,1.2184933428405993,0
RODOBENS - PRUDENCIAL,2023-06-01,4450394.0,0.0,1356716.0,0.1782,0.1702,184.28,0.760729877599986,32.02333333333333,0.0149174298784833,0,3811376.0,0.0,1114291.0,0.1919,0.1772,177.81,25.546666666666667,197452.3652,0.22740761122162892,1.2230075474863538,0
RODOBENS - PRUDENCIAL,2023-09-01,4601126.0,0.0,1485258.0,0.1621999999999999,0.1565,184.44,0.6111867176000096,31.51333333333333,0.0145435752522475,0,4156225.0,0.0,1221946.0,0.1848,0.1748999999999999,179.54,27.44,213718.35539999985,0.23627102519443363,1.173233423395687,0
RODOBENS - PRUDENCIAL,2023-12-01,4617868.0,0.0,1485258.0,0.1729,0.1721,185.03,1.083587763199989,30.41333333333333,0.0155732240345464,0,4314552.0,0.0,1221946.0,0.1727,0.1629,180.33,29.036666666666665,199055.0034,0.2509958530603997,1.0933081029467981,0
RODOBENS - PRUDENCIAL,2024-03-01,4540657.0,0.0,1502034.0,0.1798999999999999,0.1873,186.65,1.415491577599992,29.896666666666665,0.0176926635375608,0,4475341.0,0.0,1356716.0,0.175,0.1671,182.74,30.19,226707.2436,0.2713862901311901,0.9876004704993262,0
RODOBENS - PRUDENCIAL,2024-06-01,4422224.0,0.0,1502034.0,0.1851,0.1942,189.49,1.053515670799987,29.07333333333333,0.0175324216472643,0,4450394.0,0.0,1356716.0,0.1782,0.1702,184.28,32.02333333333333,230913.06319999998,0.30947466765892945,0.8025764197436003,0
RODOBENS - PRUDENCIAL,2024-09-01,4369483.0,0.0,1466177.0,0.1964,0.2014999999999999,190.99,0.8015076655999875,28.473333333333333,0.0167275945524452,0,4601126.0,0.0,1485258.0,0.1621999999999999,0.1565,184.44,31.51333333333333,232442.877,0.3013858304742412,0.8407073423295554,0
RODOBENS - PRUDENCIAL,2024-12-01,3943932.0,0.0,1466177.0,0.1626,0.1607,191.11,1.47713535680003,27.96,0.0193222638054901,0,4617868.0,0.0,1485258.0,0.1729,0.1721,185.03,30.41333333333333,255612.9018,0.2799799341905106,0.9445611439445226,0
SAFRA - PRUDENCIAL,2017-03-01,73467563.0,435758.0,6137422.0,0.1116,0.0607,164.34,0.9630321349999972,41.17333333333333,0.0293349799292722,0,68871144.0,5414564.0,4416457.0,0.1153999999999999,0.0592,163.26,35.07,261454.2544,2.2826190167349222e-15,33.713452919735275,0
SAFRA - PRUDENCIAL,2017-06-01,72782321.0,904017.0,6137422.0,0.1178999999999999,0.0598,165.65,0.2193980018000196,36.63666666666666,0.0302170782446832,0,68542663.0,1357136.0,4416457.0,0.1248,0.0617,163.72,38.303333333333335,272495.3969,4.3230919306693334e-16,35.37739061706551,0
SAFRA - PRUDENCIAL,2017-09-01,74957205.0,278543.0,6946190.0,0.1164,0.0632,166.12,0.5911447296000016,36.16333333333333,0.0238710266531396,0,73656215.0,314775.0,5255002.0,0.1174,0.0612,162.92,39.71333333333333,321606.1224,1.8263221802614147e-17,38.54164237393994,0
SAFRA - PRUDENCIAL,2017-12-01,82559535.0,1340108.0,6946190.0,0.1036,0.0601,167.13,1.144261174399985,33.526666666666664,0.0229248665194709,0,73846219.0,822291.0,5255002.0,0.1157,0.0623,162.73,40.38,327386.6246,2.2604058505813083e-17,38.32840220393389,0
SAFRA - PRUDENCIAL,2018-03-01,85136064.0,563228.0,8845122.0,0.1027999999999999,0.0617,167.98,0.7014778351999817,33.15,0.0233169012433971,0,73467563.0,435758.0,6137422.0,0.1116,0.0607,164.34,41.17333333333333,372541.5154,2.980232531666266e-17,38.051945252765215,0
SAFRA - PRUDENCIAL,2018-06-01,92523944.0,6895374.0,8845122.0,0.0931,0.0612,167.89,1.8887030879999989,30.82333333333333,0.0221203574552549,0,72782321.0,904017.0,6137422.0,0.1178999999999999,0.0598,165.65,36.63666666666666,367017.8356,4.029798718228466e-17,37.75023015213654,0
SAFRA - PRUDENCIAL,2018-09-01,97483167.0,3199861.0,7753348.0,0.0964,0.0582,169.35,0.7208535743999933,28.546666666666667,0.0190611969112491,0,74957205.0,278543.0,6946190.0,0.1164,0.0632,166.12,36.16333333333333,438999.20800000004,1.0158164120347753e-17,39.12825394498629,0
SAFRA - PRUDENCIAL,2018-12-01,99236597.0,703462.0,7753550.0,0.1063,0.0665,169.09,0.3894135824999978,28.71666666666667,0.0171976954385271,0,82559535.0,1340108.0,6946190.0,0.1036,0.0601,167.13,33.526666666666664,417466.01900000003,1.993537397267673e-19,43.05920611972101,0
SAFRA - PRUDENCIAL,2019-03-01,94853781.0,926115.0,8376129.0,0.1124,0.0709,169.51,1.507011320000018,30.386666666666667,0.0291363247451907,0,85136064.0,563228.0,8845122.0,0.1027999999999999,0.0617,167.98,33.15,545744.0274,4.608178164270064e-20,44.523869273213656,0
SAFRA - PRUDENCIAL,2019-06-01,96348258.0,1978750.0,8376129.0,0.1123,0.0695,170.58,0.710811074100004,30.69666666666667,0.0299604336039138,0,92523944.0,6895374.0,8845122.0,0.0931,0.0612,167.89,30.82333333333333,541321.4664,1.6305062356136863e-20,45.56281131938424,0
SAFRA - PRUDENCIAL,2019-09-01,102344798.0,1749450.0,7408475.0,0.1107,0.0662,170.5,0.2600889164000142,30.59,0.0297378990886138,0,97483167.0,3199861.0,7753348.0,0.0964,0.0582,169.35,28.546666666666667,451244.85360000003,9.775227307239688e-23,50.67960577942443,0
SAFRA - PRUDENCIAL,2019-12-01,106257588.0,2810015.0,7408475.0,0.0973,0.0659,171.91,1.767530865000011,29.096666666666664,0.0283944885104558,0,99236597.0,703462.0,7753550.0,0.1063,0.0665,169.09,28.71666666666667,515611.075,1.1047589727786243e-23,52.859829951968116,0
SAFRA - PRUDENCIAL,2020-03-01,110222531.0,1722505.0,7056367.0,0.0993,0.0652,168.09,0.5308473674999981,28.24,0.0307507082725771,0,94853781.0,926115.0,8376129.0,0.1124,0.0709,169.51,30.386666666666667,593867.5461,2.0329610024761086e-22,49.94737869376152,0
SAFRA - PRUDENCIAL,2020-06-01,108903053.0,1723994.0,7056367.0,0.1027999999999999,0.0623,153.27,-0.4306129372000034,24.44333333333333,0.0367114516250175,0,96348258.0,1978750.0,8376129.0,0.1123,0.0695,170.58,30.69666666666667,582140.9655,1.5629730468642589e-22,50.21028223916699,0
SAFRA - PRUDENCIAL,2020-09-01,115028360.0,1268654.0,5463280.0,0.1024,0.0728,165.34,1.2447095295999857,21.71666666666667,0.033890315251318,0,102344798.0,1749450.0,7408475.0,0.1107,0.0662,170.5,30.59,490441.045,3.6562286329447914e-24,53.96561004395706,0
SAFRA - PRUDENCIAL,2020-12-01,120405015.0,619307.0,5463280.0,0.1021,0.0669,171.47,3.131382328999988,20.72,0.0280127111316576,0,106257588.0,2810015.0,7408475.0,0.0973,0.0659,171.91,29.096666666666664,488218.5025,6.504782909834155e-25,55.69208958635922,0
SAFRA - PRUDENCIAL,2021-03-01,124905111.0,988486.0,6040472.0,0.0935,0.0663,173.12,2.052492994999988,22.403333333333336,0.0260400927581282,0,110222531.0,1722505.0,7056367.0,0.0993,0.0652,168.09,28.24,460075.1284,3.1153842041957526e-26,58.73085993328079,0
SAFRA - PRUDENCIAL,2021-06-01,124338175.0,861860.0,6040472.0,0.1024,0.0689,172.06,1.6786286369000036,21.46333333333333,0.0242666774641103,0,108903053.0,1723994.0,7056367.0,0.1027999999999999,0.0623,153.27,24.44333333333333,439611.6641,3.321243079687255e-26,58.66687328350252,0
SAFRA - PRUDENCIAL,2021-09-01,130990615.0,320050.0,7968997.0,0.0998,0.07,172.27,3.0196768831999954,21.08666666666667,0.0230462284466795,0,115028360.0,1268654.0,5463280.0,0.1024,0.0728,165.34,21.71666666666667,397726.78400000004,7.093498808220695e-28,62.513203900173444,0
SAFRA - PRUDENCIAL,2021-12-01,141956622.0,823675.0,7968997.0,0.0935,0.0695,174.3,2.958021687500012,22.62,0.0238110866153956,0,120405015.0,619307.0,5463280.0,0.1021,0.0669,171.47,20.72,365493.43200000003,2.5118640864392112e-29,65.85394255550202,0
SAFRA - PRUDENCIAL,2022-03-01,139937940.0,522302.0,10151253.0,0.0951,0.0717,175.72,3.2006523548000043,24.72,0.0252300964945638,0,124905111.0,988486.0,6040472.0,0.0935,0.0663,173.12,22.403333333333336,400483.2936,3.232917754380661e-30,67.90416773091377,0
SAFRA - PRUDENCIAL,2022-06-01,148832840.0,233026.0,10151253.0,0.0911999999999999,0.0675,177.81,2.215266379399994,25.546666666666667,0.0261423605711724,0,124338175.0,861860.0,6040472.0,0.1024,0.0689,172.06,21.46333333333333,416188.5208,3.849171225309712e-30,67.72969493094809,0
SAFRA - PRUDENCIAL,2022-09-01,163910537.0,513989.0,10874311.0,0.0883,0.0673,179.54,-1.3245430992000151,27.44,0.0246325552941454,0,130990615.0,320050.0,7968997.0,0.0998,0.07,172.27,21.08666666666667,557829.79,1.0345827357396395e-31,71.3461396913612,0
SAFRA - PRUDENCIAL,2022-12-01,159270905.0,661151.0,10874311.0,0.0897,0.0675,180.33,1.6286339977999995,29.036666666666665,0.0439311214014971,0,141956622.0,823675.0,7968997.0,0.0935,0.0695,174.3,22.62,553845.2915,3.3023581289343884e-34,77.0932563640935,0
SAFRA - PRUDENCIAL,2023-03-01,138925215.0,1495750.0,13447431.0,0.1436,0.0969999999999999,182.74,2.094210609200031,30.19,0.0567616810442844,0,139937940.0,522302.0,10151253.0,0.0951,0.0717,175.72,24.72,727844.8401,1.7890111355233066e-33,75.40364503995622,0
SAFRA - PRUDENCIAL,2023-06-01,137283205.0,1070716.0,13447431.0,0.1463,0.0977,184.28,0.760729877599986,32.02333333333333,0.0601667069905052,0,148832840.0,233026.0,10151253.0,0.0911999999999999,0.0675,177.81,25.546666666666667,685209.5775,1.0701152519327592e-35,80.52271190013163,0
SAFRA - PRUDENCIAL,2023-09-01,135727806.0,272855.0,15185959.0,0.1507,0.1003999999999999,184.44,0.6111867176000096,31.51333333333333,0.0578237454798862,0,163910537.0,513989.0,10874311.0,0.0883,0.0673,179.54,27.44,731841.1303,3.583638115908282e-39,88.52444010897693,0
SAFRA - PRUDENCIAL,2023-12-01,150591376.0,1183602.0,16652694.0,0.1418,0.089,185.03,1.083587763199989,30.41333333333333,0.0445980343745576,0,159270905.0,661151.0,10874311.0,0.0897,0.0675,180.33,29.036666666666665,734015.9925,6.089192870710389e-38,85.69171799448037,0
SAFRA - PRUDENCIAL,2024-03-01,150326031.0,1618204.0,17750046.0,0.1404,0.0914,186.65,1.415491577599992,29.896666666666665,0.0501817869775073,0,138925215.0,1495750.0,13447431.0,0.1436,0.0969999999999999,182.74,30.19,1304400.8069999986,3.6824242569545744e-32,72.37915167514257,0
SAFRA - PRUDENCIAL,2024-06-01,158415334.0,151872.0,17750046.0,0.1441,0.0902,189.49,1.053515670799987,29.07333333333333,0.046074055206584,0,137283205.0,1070716.0,13447431.0,0.1463,0.0977,184.28,32.02333333333333,1313814.0087,9.024569937413527e-32,71.48277212519008,0
SAFRA - PRUDENCIAL,2024-09-01,144127688.0,932278.0,18387759.0,0.1219,0.0814,190.99,0.8015076655999875,28.473333333333333,0.0341801222756047,0,135727806.0,272855.0,15185959.0,0.1507,0.1003999999999999,184.44,31.51333333333333,1524670.2835999986,2.4320474024391917e-31,70.49140442786691,0
SAFRA - PRUDENCIAL,2024-12-01,137348088.0,210569.0,18880114.0,0.1204,0.0802,191.11,1.47713535680003,27.96,0.0319766559121497,0,150591376.0,1183602.0,16652694.0,0.1418,0.089,185.03,30.41333333333333,1482089.7659999998,8.927287677571674e-35,78.40136563765388,0
SAFRA - PRUDENCIAL,2025-03-01,130704508.0,2183076.0,19300969.0,0.1097,0.0877999999999999,193.61,2.040339737600028,29.313333333333333,0.0194401452555402,0,150326031.0,1618204.0,17750046.0,0.1404,0.0914,186.65,29.896666666666665,1622354.2044,1.8868209293813522e-34,77.65299979700336,0
SAFRA - PRUDENCIAL,2025-06-01,131875845.0,1273020.0,19300969.0,0.1116,0.0901,194.33,0.9327766831999762,31.666666666666668,0.0194326339813017,0,158415334.0,151872.0,17750046.0,0.1441,0.0902,189.49,29.07333333333333,1601054.1492,8.889714863631946e-37,83.01075346570043,0
SAFRA - PRUDENCIAL,2025-09-01,127941769.0,1418288.0,18882142.0,0.1079,0.0877,,0.6304326271999727,31.94666666666667,0.0213573427283625,0,144127688.0,932278.0,18387759.0,0.1219,0.0814,190.99,28.473333333333333,1496763.5826,3.562063576839816e-33,74.71496803555978,0
SANTANA S.A. - CFI - PRUDENCIAL,2017-12-01,122621.0,0.0,67499.0,0.1669,0.0,167.13,1.144261174399985,33.526666666666664,0.1138064906276405,0,125593.0,0.0,62025.0,0.1679,0.0,162.73,40.38,0.0,0.8736141239510895,-1.9332990362451643,1
SANTANA S.A. - CFI - PRUDENCIAL,2018-03-01,129423.0,0.0,76941.0,0.151,0.0,167.98,0.7014778351999817,33.15,0.1178518614710433,0,120930.0,0.0,66738.0,0.1586,0.0,164.34,41.17333333333333,0.0,0.8849815556631134,-2.040474301821688,1
SANTANA S.A. - CFI - PRUDENCIAL,2018-06-01,126323.0,0.0,76941.0,0.1402999999999999,0.0,167.89,1.8887030879999989,30.82333333333333,0.132907238715523,0,123028.0,0.0,66738.0,0.1835,0.0,165.65,36.63666666666666,0.0,0.8467568509520864,-1.709387712493072,1
SANTANA S.A. - CFI - PRUDENCIAL,2018-09-01,116907.0,0.0,82247.0,0.1223,0.0,169.35,0.7208535743999933,28.546666666666667,0.1452168354331509,0,126054.0,0.0,67499.0,0.1663,0.0,166.12,36.16333333333333,0.0,0.844483285984788,-1.691971732326813,1
SANTANDER - PRUDENCIAL,2017-03-01,316231666.0,8982659.0,31914296.0,0.1366,0.0932,164.34,0.9630321349999972,41.17333333333333,0.0695546909588654,0,309367060.0,9325031.0,16779267.0,0.1387,0.0867,163.26,35.07,1454762.4489,7.816906138820755e-72,163.7298378538199,0
SANTANDER - PRUDENCIAL,2017-06-01,316141341.0,4160048.0,31914296.0,0.1425,0.0905,165.65,0.2193980018000196,36.63666666666666,0.0715314244301286,0,308197356.0,6037549.0,16779267.0,0.1528999999999999,0.0916,163.72,38.303333333333335,1536980.8572,4.1122612453008133e-72,164.372153637119,0
SANTANDER - PRUDENCIAL,2017-09-01,329534401.0,6504917.0,32579126.0,0.1414,0.0942,166.12,0.5911447296000016,36.16333333333333,0.0683699503970741,0,304446620.0,3563852.0,30086072.0,0.153,0.0960999999999999,162.92,39.71333333333333,2891271.5191999967,4.7981504754865493e-70,159.6127259836302,0
SANTANDER - PRUDENCIAL,2017-12-01,324126453.0,2822201.0,32579126.0,0.1364,0.0888,167.13,1.144261174399985,33.526666666666664,0.0710089970347438,0,317194537.0,4375121.0,30086072.0,0.1404,0.0877,162.73,40.38,2638548.5144,3.479312416113673e-73,166.84187709597728,0
SANTANDER - PRUDENCIAL,2018-03-01,335323007.0,5343513.0,37372300.0,0.1323,0.0877,167.98,0.7014778351999817,33.15,0.0685084649245025,0,316231666.0,8982659.0,31914296.0,0.1366,0.0932,164.34,41.17333333333333,2974412.3872,1.701409416798581e-71,162.95208462639764,0
SANTANDER - PRUDENCIAL,2018-06-01,354376884.0,4821069.0,37372300.0,0.1242,0.0832,167.89,1.8887030879999989,30.82333333333333,0.0673819179154639,0,316141341.0,4160048.0,31914296.0,0.1425,0.0905,165.65,36.63666666666666,2888243.7879999997,8.768746050806518e-73,165.9175179741681,0
SANTANDER - PRUDENCIAL,2018-09-01,371253682.0,3487817.0,42375553.0,0.1295,0.0898,169.35,0.7208535743999933,28.546666666666667,0.0640762166649654,0,329534401.0,6504917.0,32579126.0,0.1414,0.0942,166.12,36.16333333333333,3068953.6692000004,2.379778987100121e-75,171.826874353845,0
SANTANDER - PRUDENCIAL,2018-12-01,359412704.0,6057621.0,42375553.0,0.1282,0.0868999999999999,169.09,0.3894135824999978,28.71666666666667,0.0647536500334094,0,324126453.0,2822201.0,32579126.0,0.1364,0.0888,167.13,33.526666666666664,2893026.3888000003,4.237483328511036e-75,171.24991243622927,0
SANTANDER - PRUDENCIAL,2019-03-01,367912877.0,8925763.0,46526950.0,0.1323,0.0928,169.51,1.507011320000018,30.386666666666667,0.0629099863897052,0,335323007.0,5343513.0,37372300.0,0.1323,0.0877,167.98,33.15,3277550.71,9.227103311400186e-77,175.07690699546745,0
SANTANDER - PRUDENCIAL,2019-06-01,370990437.0,5801558.0,46526950.0,0.1404,0.089,170.58,0.710811074100004,30.69666666666667,0.0609177415831276,0,354376884.0,4821069.0,37372300.0,0.1242,0.0832,167.89,30.82333333333333,3109375.36,9.060169486794126e-82,186.60808979858015,0
SANTANDER - PRUDENCIAL,2019-09-01,398491349.0,7285734.0,47965481.0,0.1398,0.0923,170.5,0.2600889164000142,30.59,0.0641781348867648,0,371253682.0,3487817.0,42375553.0,0.1295,0.0898,169.35,28.546666666666667,3805324.6594000002,1.857703584840395e-85,195.10039181146075,0
SANTANDER - PRUDENCIAL,2019-12-01,408843994.0,5034146.0,47965481.0,0.1286999999999999,0.0852,171.91,1.767530865000011,29.096666666666664,0.0625726279099731,0,359412704.0,6057621.0,42375553.0,0.1282,0.0868999999999999,169.09,28.71666666666667,3682435.5556999957,4.3107864066861996e-82,187.35085727719198,0
SANTANDER - PRUDENCIAL,2020-03-01,483331194.0,3813145.0,50120651.0,0.1139,0.079,168.09,0.5308473674999981,28.24,0.058484151198917,0,367912877.0,8925763.0,46526950.0,0.1323,0.0928,169.51,30.386666666666667,4317700.96,9.676887489730417e-83,188.84482240933957,0
SANTANDER - PRUDENCIAL,2020-06-01,483806822.0,3605228.0,50120651.0,0.1197,0.0810999999999999,153.27,-0.4306129372000034,24.44333333333333,0.05788291746638,0,370990437.0,5801558.0,46526950.0,0.1404,0.089,170.58,30.69666666666667,4140898.55,2.3996213069712153e-84,192.54183687545788,0
SANTANDER - PRUDENCIAL,2020-09-01,484308238.0,3707923.0,57419401.0,0.1253,0.085,165.34,1.2447095295999857,21.71666666666667,0.0544003177342904,0,398491349.0,7285734.0,47965481.0,0.1398,0.0923,170.5,30.59,4427213.896299999,2.0008862872669563e-90,206.53906814352982,0
SANTANDER - PRUDENCIAL,2020-12-01,478313563.0,6856063.0,57419401.0,0.1286999999999999,0.0769,171.47,3.131382328999988,20.72,0.0512444142905226,0,408843994.0,5034146.0,47965481.0,0.1286999999999999,0.0852,171.91,29.096666666666664,4086658.9812,8.118414980063546e-94,214.34886380592016,0
SANTANDER - PRUDENCIAL,2021-03-01,500635260.0,7434781.0,54851805.0,0.1263,0.078,173.12,2.052492994999988,22.403333333333336,0.0505440489161502,0,483331194.0,3813145.0,50120651.0,0.1139,0.079,168.09,28.24,3959531.429,2.022256329194355e-112,257.1853165327437,0
SANTANDER - PRUDENCIAL,2021-06-01,508910173.0,6587466.0,54851805.0,0.1253999999999999,0.0808,172.06,1.6786286369000036,21.46333333333333,0.0517481041080978,0,483806822.0,3605228.0,50120651.0,0.1197,0.0810999999999999,153.27,24.44333333333333,4064784.796099995,9.11523195169299e-113,257.9821686533693,0
SANTANDER - PRUDENCIAL,2021-09-01,520435056.0,4320697.0,58499845.0,0.1196,0.0791,172.27,3.0196768831999954,21.08666666666667,0.0537760562034477,0,484308238.0,3707923.0,57419401.0,0.1253,0.085,165.34,21.71666666666667,4880649.085,7.567649369730596e-112,255.86564791539496,0
SANTANDER - PRUDENCIAL,2021-12-01,527119272.0,4642768.0,58499845.0,0.1164,0.0791,174.3,2.958021687500012,22.62,0.0560022509400209,0,478313563.0,6856063.0,57419401.0,0.1286999999999999,0.0769,171.47,20.72,4415551.9369,4.454312528808307e-110,251.7904874949511,0
SANTANDER - PRUDENCIAL,2022-03-01,525390942.0,4378036.0,59663311.0,0.1174,0.0776,175.72,3.2006523548000043,24.72,0.0622987846035698,0,500635260.0,7434781.0,54851805.0,0.1263,0.078,173.12,22.403333333333336,4278440.79,1.555254852481207e-115,264.35564626994204,0
SANTANDER - PRUDENCIAL,2022-06-01,547026002.0,5972648.0,59663311.0,0.1109,0.075,177.81,2.215266379399994,25.546666666666667,0.0685789137873122,0,508910173.0,6587466.0,54851805.0,0.1253999999999999,0.0808,172.06,21.46333333333333,4432025.844,1.2007754122740664e-117,269.2194883553967,0
SANTANDER - PRUDENCIAL,2022-09-01,553993851.0,6031703.0,60073224.0,0.1128,0.0746,179.54,-1.3245430992000151,27.44,0.0740000589904568,0,520435056.0,4320697.0,58499845.0,0.1196,0.0791,172.27,21.08666666666667,4627337.7395,1.0765644905733182e-120,276.23643621571864,0
SANTANDER - PRUDENCIAL,2022-12-01,559473029.0,7397943.0,60073224.0,0.1084,0.0713,180.33,1.6286339977999995,29.036666666666665,0.0824554394121633,0,527119272.0,4642768.0,58499845.0,0.1164,0.0791,174.3,22.62,4627337.7395,3.4982452646379597e-122,279.6631198555582,0
SANTANDER - PRUDENCIAL,2023-03-01,582238211.0,11109219.0,56759720.0,0.1081,0.0702,182.74,2.094210609200031,30.19,0.082009487210698,0,525390942.0,4378036.0,59663311.0,0.1174,0.0776,175.72,24.72,4629872.9336,1.0654153590204536e-121,278.54943152078175,0
SANTANDER - PRUDENCIAL,2023-06-01,591716985.0,17359084.0,56759720.0,0.1064,0.0718,184.28,0.760729877599986,32.02333333333333,0.0785012044508492,0,547026002.0,5972648.0,59663311.0,0.1109,0.075,177.81,25.546666666666667,4474748.325,1.0099875558284266e-126,290.11578370753443,0
SANTANDER - PRUDENCIAL,2023-09-01,559650412.0,8395372.0,60491060.0,0.1116,0.0742,184.44,0.6111867176000096,31.51333333333333,0.0760015785231694,0,553993851.0,6031703.0,60073224.0,0.1128,0.0746,179.54,27.44,4481462.5104,2.589849984603309e-128,293.77929195030646,0
SANTANDER - PRUDENCIAL,2023-12-01,560960679.0,5351837.0,60491060.0,0.1147,0.0722,185.03,1.083587763199989,30.41333333333333,0.0762455239077386,0,559473029.0,7397943.0,60073224.0,0.1084,0.0713,180.33,29.036666666666665,4283220.8712,1.813930546878233e-129,296.4379809326496,0
SANTANDER - PRUDENCIAL,2024-03-01,575012751.0,5862406.0,57479272.0,0.1138,0.0762999999999999,186.65,1.415491577599992,29.896666666666665,0.0716864271160421,0,582238211.0,11109219.0,56759720.0,0.1081,0.0702,182.74,30.19,3984532.344,1.6556277293064278e-134,308.04222223175407,0
SANTANDER - PRUDENCIAL,2024-06-01,593448223.0,5139550.0,57479272.0,0.1123,0.0742999999999999,189.49,1.053515670799987,29.07333333333333,0.0696810323533546,0,591716985.0,17359084.0,56759720.0,0.1064,0.0718,184.28,32.02333333333333,4075347.896,3.022361267473906e-135,309.7429491517687,0
SANTANDER - PRUDENCIAL,2024-09-01,585031951.0,7840350.0,60643284.0,0.1089,0.0765,190.99,0.8015076655999875,28.473333333333333,0.0648439869450642,0,559650412.0,8395372.0,60491060.0,0.1116,0.0742,184.44,31.51333333333333,4488436.652,5.907231336374797e-129,295.25729974568327,0
SANTANDER - PRUDENCIAL,2024-12-01,603286533.0,5402649.0,60643284.0,0.1096,0.0722,191.11,1.47713535680003,27.96,0.0641890983198045,0,560960679.0,5351837.0,60491060.0,0.1147,0.0722,185.03,30.41333333333333,4367454.532,4.1334564961483204e-130,297.91694810837174,0
SANTANDER - PRUDENCIAL,2025-03-01,604659128.0,8070641.0,73148101.0,0.1105,0.0699,193.61,2.040339737600028,29.313333333333333,0.0365397485286903,0,575012751.0,5862406.0,57479272.0,0.1138,0.0762999999999999,186.65,29.896666666666665,4385668.453599994,1.6800910390078443e-133,305.7249693864755,0
SANTANDER - PRUDENCIAL,2025-06-01,600227419.0,6129160.0,73148101.0,0.1158,0.0728,194.33,0.9327766831999762,31.666666666666668,0.0335728059658338,0,593448223.0,5139550.0,57479272.0,0.1123,0.0742999999999999,189.49,29.07333333333333,4270709.909599994,2.8124991636823537e-138,316.7226693631052,0
SANTANDER - PRUDENCIAL,2025-09-01,617048207.0,5064208.0,75106360.0,0.1174,0.0725,,0.6304326271999727,31.94666666666667,0.0456267728744755,0,585031951.0,7840350.0,60643284.0,0.1089,0.0765,190.99,28.473333333333333,4639211.226,3.5911967685611106e-135,309.57050204563245,0
SANTINVEST - PRUDENCIAL,2017-03-01,342064.0,0.0,61718.0,0.1682,0.0,164.34,0.9630321349999972,41.17333333333333,0.2718650807256297,1,267944.0,0.0,61542.0,0.2515,0.0,163.26,35.07,0.0,0.8043346468476331,-1.4136095913745315,1
SANTINVEST - PRUDENCIAL,2017-06-01,217876.0,0.0,61718.0,0.1798,0.0,165.65,0.2193980018000196,36.63666666666666,0.3138346780790431,1,249191.0,0.0,61542.0,0.2460999999999999,0.0,163.72,38.303333333333335,0.0,0.843681352942191,-1.6858783454568227,1
SANTINVEST - PRUDENCIAL,2017-09-01,461655.0,0.0,57191.0,0.1322,0.0,166.12,0.5911447296000016,36.16333333333333,0.3176376534521584,1,354747.0,0.0,54907.0,0.1853999999999999,0.0,162.92,39.71333333333333,0.0,0.8516813490307482,-1.7478494463440046,1
SANTINVEST - PRUDENCIAL,2017-12-01,498838.0,0.0,57191.0,0.1298,0.0,167.13,1.144261174399985,33.526666666666664,0.3772620936721651,1,270812.0,0.0,54907.0,0.2183,0.0,162.73,40.38,0.0,0.861029232037833,-1.8238648458116953,1
SANTINVEST - PRUDENCIAL,2018-03-01,380725.0,0.0,58433.0,0.1586999999999999,0.0,167.98,0.7014778351999817,33.15,0.3645853423750695,1,342064.0,0.0,61718.0,0.1682,0.0,164.34,41.17333333333333,0.0,0.8710755299148789,-1.9105019589657817,1
SAX S.A. CFI - PRUDENCIAL,2019-03-01,1377761.0,0.0,489156.0,0.1881,0.0,169.51,1.507011320000018,30.386666666666667,0.2599371255750341,1,1360690.0,0.0,295425.0,0.2195,0.0,167.98,33.15,0.0,0.6890830858738546,-0.7958361331627154,1
SAX S.A. CFI - PRUDENCIAL,2019-06-01,1289317.0,0.0,489156.0,0.1828999999999999,0.0,170.58,0.710811074100004,30.69666666666667,0.3425728337111628,1,1305469.0,0.0,295425.0,0.2173999999999999,0.0,167.89,30.82333333333333,0.0,0.6564653018702461,-0.6475817188098933,1
SAX S.A. CFI - PRUDENCIAL,2019-09-01,1255744.0,0.0,591827.0,0.1707,0.0,170.5,0.2600889164000142,30.59,0.3601276099396159,1,1332110.0,0.0,377425.0,0.2054,0.0,169.35,28.546666666666667,0.0,0.6235193813348802,-0.5045132808446905,1
SAX S.A. CFI - PRUDENCIAL,2019-12-01,1318947.0,0.0,591827.0,0.1697,0.0,171.91,1.767530865000011,29.096666666666664,0.365023192439634,1,1455038.0,0.0,377425.0,0.1841,0.0,169.09,28.71666666666667,0.0,0.6115096566352515,-0.45366243316784477,1
SAX S.A. CFI - PRUDENCIAL,2020-03-01,1258939.0,0.0,677927.0,0.1723,0.0,168.09,0.5308473674999981,28.24,0.3330380988613222,1,1377761.0,0.0,489156.0,0.1881,0.0,169.51,30.386666666666667,0.0,0.6547407557575541,-0.6399437968283913,1
SAX S.A. CFI - PRUDENCIAL,2020-06-01,1083422.0,0.0,677927.0,0.1792,0.0,153.27,-0.4306129372000034,24.44333333333333,0.5343112318055965,1,1289317.0,0.0,489156.0,0.1828999999999999,0.0,170.58,30.69666666666667,0.0,0.6773970346043268,-0.7418352046262681,1
SAX S.A. CFI - PRUDENCIAL,2020-09-01,1040655.0,0.0,761784.0,0.1641,0.0,165.34,1.2447095295999857,21.71666666666667,0.5544783800835604,1,1255744.0,0.0,591827.0,0.1707,0.0,170.5,30.59,0.0,0.6821372860155647,-0.7636113638804912,1
SCANIA - PRUDENCIAL,2017-03-01,1842063.0,0.0,264871.0,0.1313,0.1423,164.34,0.9630321349999972,41.17333333333333,0.0391292578348857,0,1903818.0,0.0,217214.0,0.126,0.13,163.26,35.07,28237.82,0.5115637919016676,-0.04626341711683957,0
SCANIA - PRUDENCIAL,2017-06-01,1920679.0,0.0,264871.0,0.1277,0.1377,165.65,0.2193980018000196,36.63666666666666,0.0320995478652666,0,1763618.0,0.0,224676.0,0.1365,0.1427,163.72,38.303333333333335,32061.265199999998,0.5817476725407903,-0.329951896538468,0
SCANIA - PRUDENCIAL,2017-09-01,1946799.0,0.0,294086.0,0.1306,0.1406,166.12,0.5911447296000016,36.16333333333333,0.0212210401276647,0,1833630.0,0.0,249083.0,0.1325,0.1388,162.92,39.71333333333333,34572.7204,0.600240558694326,-0.4064675363111724,1
SCANIA - PRUDENCIAL,2017-12-01,2124524.0,0.0,294086.0,0.1252,0.1384,167.13,1.144261174399985,33.526666666666664,0.0035696902657221,0,1830756.0,0.0,249083.0,0.1326999999999999,0.1425,162.73,40.38,35494.3275,0.6082321684386421,-0.43988726690076724,1
SCANIA - PRUDENCIAL,2018-03-01,2178603.0,0.0,351434.0,0.121,0.1401,167.98,0.7014778351999817,33.15,0.0185234031281979,0,1842063.0,0.0,264871.0,0.1313,0.1423,164.34,41.17333333333333,37691.1433,0.6318894283519834,-0.5403310639567378,1
SCANIA - PRUDENCIAL,2018-06-01,2395648.0,0.0,351434.0,0.1121,0.1285,167.89,1.8887030879999989,30.82333333333333,0.021204280211364,0,1920679.0,0.0,264871.0,0.1277,0.1377,165.65,36.63666666666666,36472.736699999994,0.5497441728772517,-0.19963710362597406,0
SCANIA - PRUDENCIAL,2018-09-01,2527549.0,0.0,352545.0,0.1114,0.127,169.35,0.7208535743999933,28.546666666666667,0.0141337559054418,0,1946799.0,0.0,294086.0,0.1306,0.1406,166.12,36.16333333333333,41348.4916,0.5394110808476217,-0.1579720235138951,0
SCANIA - PRUDENCIAL,2018-12-01,2696074.0,0.0,352545.0,0.1118,0.1181,169.09,0.3894135824999978,28.71666666666667,0.0005671575495858,0,2124524.0,0.0,294086.0,0.1252,0.1384,167.13,33.526666666666664,40701.5024,0.4728682083661433,0.10863387604761456,0
SCANIA - PRUDENCIAL,2019-03-01,2800030.0,0.0,402432.0,0.1134,0.1235999999999999,169.51,1.507011320000018,30.386666666666667,0.0026108251061564,0,2178603.0,0.0,351434.0,0.121,0.1401,167.98,33.15,49235.9034,0.46746465315591995,0.1303255369706204,0
SCANIA - PRUDENCIAL,2019-06-01,3175735.0,0.0,402432.0,0.1063,0.1077999999999999,170.58,0.710811074100004,30.69666666666667,0.0021566183570166,0,2395648.0,0.0,351434.0,0.1121,0.1285,167.89,30.82333333333333,45159.269,0.40494798230259055,0.38489020649535455,0
SCANIA - PRUDENCIAL,2019-09-01,3638571.0,0.0,407585.0,0.1171,0.1192,170.5,0.2600889164000142,30.59,0.0016923823435305,0,2527549.0,0.0,352545.0,0.1114,0.127,169.35,28.546666666666667,44773.215000000004,0.3560795438124297,0.5924210598254102,0
SCANIA - PRUDENCIAL,2019-12-01,3821121.0,0.0,407585.0,0.1177,0.1175,171.91,1.767530865000011,29.096666666666664,0.0023523217252143,0,2696074.0,0.0,352545.0,0.1118,0.1181,169.09,28.71666666666667,41635.5645,0.3435531484793627,0.6474999073199388,0
SCANIA - PRUDENCIAL,2020-03-01,3931478.0,0.0,384334.0,0.1229,0.1196,168.09,0.5308473674999981,28.24,0.0017341335331502,0,2800030.0,0.0,402432.0,0.1134,0.1235999999999999,169.51,30.386666666666667,49740.59519999996,0.3606824035799427,0.5724035494287255,0
SCANIA - PRUDENCIAL,2020-06-01,4101988.0,0.0,384334.0,0.1217999999999999,0.1176,153.27,-0.4306129372000034,24.44333333333333,0.0027767974654868,0,3175735.0,0.0,402432.0,0.1063,0.1077999999999999,170.58,30.69666666666667,43382.16959999996,0.33768571544012554,0.6736245665788458,0
SCANIA - PRUDENCIAL,2020-09-01,4124926.0,0.0,370374.0,0.1261,0.1226,165.34,1.2447095295999857,21.71666666666667,0.0029310302021433,0,3638571.0,0.0,407585.0,0.1171,0.1192,170.5,30.59,48584.132,0.2709957639809654,0.9895763531636621,0
SCANIA - PRUDENCIAL,2020-12-01,4398909.0,0.0,370374.0,0.1226999999999999,0.1193999999999999,171.47,3.131382328999988,20.72,0.0024884538776021,0,3821121.0,0.0,407585.0,0.1177,0.1175,171.91,29.096666666666664,47891.237499999996,0.23733800982946113,1.1673296052871456,0
SCANIA - PRUDENCIAL,2021-03-01,4812006.0,0.0,362197.0,0.118,0.1135999999999999,173.12,2.052492994999988,22.403333333333336,0.0036831452062143,0,3931478.0,0.0,384334.0,0.1229,0.1196,168.09,28.24,45966.3464,0.19712707527123485,1.40434787797972,0
SCANIA - PRUDENCIAL,2021-06-01,5340109.0,0.0,362197.0,0.1285,0.1246,172.06,1.6786286369000036,21.46333333333333,0.0051479484275758,0,4101988.0,0.0,384334.0,0.1217999999999999,0.1176,153.27,24.44333333333333,45197.6784,0.10554161991608108,2.137112996589802,0
SCANIA - PRUDENCIAL,2021-09-01,5767252.0,0.0,358556.0,0.1248,0.121,172.27,3.0196768831999954,21.08666666666667,0.0039632863758825,0,4124926.0,0.0,370374.0,0.1261,0.1226,165.34,21.71666666666667,45407.8524,0.10946177541277577,2.0962506214555257,0
SCANIA - PRUDENCIAL,2021-12-01,6148896.0,0.0,358556.0,0.1219,0.1171,174.3,2.958021687500012,22.62,0.0044137150725391,0,4398909.0,0.0,370374.0,0.1226999999999999,0.1193999999999999,171.47,20.72,44222.65559999996,0.1027610661951083,2.166915648832408,0
SCANIA - PRUDENCIAL,2022-03-01,5952136.0,0.0,308918.0,0.1322,0.1286,175.72,3.2006523548000043,24.72,0.0059731354346179,0,4812006.0,0.0,362197.0,0.118,0.1135999999999999,173.12,22.403333333333336,41145.579199999964,0.09888207202615666,2.209708186361161,0
SCANIA - PRUDENCIAL,2022-06-01,6019259.0,0.0,308918.0,0.1398,0.1305,177.81,2.215266379399994,25.546666666666667,0.0061162992068125,0,5340109.0,0.0,362197.0,0.1285,0.1246,172.06,21.46333333333333,45129.7462,0.06594321399864868,2.6507432574891587,0
SCANIA - PRUDENCIAL,2022-09-01,7082346.0,0.0,254959.0,0.1259,0.1165,179.54,-1.3245430992000151,27.44,0.0061251963249013,0,5767252.0,0.0,358556.0,0.1248,0.121,172.27,21.08666666666667,43385.276,0.052108948972631644,2.900902871360533,0
SCANIA - PRUDENCIAL,2022-12-01,8622446.0,0.0,254959.0,0.1089,0.1005,180.33,1.6286339977999995,29.036666666666665,0.0061968275140595,0,6148896.0,0.0,358556.0,0.1219,0.1171,174.3,22.62,41986.9076,0.05051265500338901,2.9336983031835024,0
SCANIA - PRUDENCIAL,2023-03-01,8883896.0,0.0,206292.0,0.1341999999999999,0.1236999999999999,182.74,2.094210609200031,30.19,0.006500818427849,0,5952136.0,0.0,308918.0,0.1322,0.1286,175.72,24.72,39726.8548,0.06333960239136437,2.693810017079051,0
SCANIA - PRUDENCIAL,2023-06-01,9490652.0,0.0,206292.0,0.132,0.1219,184.28,0.760729877599986,32.02333333333333,0.0062430694122056,0,6019259.0,0.0,308918.0,0.1398,0.1305,177.81,25.546666666666667,40313.799,0.06724946212343699,2.6297287685795814,0
SCANIA - PRUDENCIAL,2023-09-01,9756196.0,0.0,171124.0,0.134,0.1173,184.44,0.6111867176000096,31.51333333333333,0.0076660655131917,0,7082346.0,0.0,254959.0,0.1259,0.1165,179.54,27.44,29702.7235,0.04751098323909454,2.9981176656815176,0
SCANIA - PRUDENCIAL,2023-12-01,10336707.0,0.0,171124.0,0.1328,0.1093,185.03,1.083587763199989,30.41333333333333,0.0082047001621418,0,8622446.0,0.0,254959.0,0.1089,0.1005,180.33,29.036666666666665,25623.379500000003,0.025297417477129536,3.6514300664783237,0
SCANIA - PRUDENCIAL,2024-03-01,11132067.0,0.0,265179.0,0.1264,0.1051,186.65,1.415491577599992,29.896666666666665,0.0129247491488745,0,8883896.0,0.0,206292.0,0.1341999999999999,0.1236999999999999,182.74,30.19,25518.32039999998,0.022434413888097825,3.77446927128074,0
SCANIA - PRUDENCIAL,2024-06-01,12046182.0,0.0,265179.0,0.1207,0.1001,189.49,1.053515670799987,29.07333333333333,0.019077886809628,0,9490652.0,0.0,206292.0,0.132,0.1219,184.28,32.02333333333333,25146.9948,0.019260768455215373,3.930236300715944,0
SCANIA - PRUDENCIAL,2024-09-01,12817323.0,0.0,548341.0,0.114,0.0944999999999999,190.99,0.8015076655999875,28.473333333333333,0.0262713056606713,0,9756196.0,0.0,171124.0,0.134,0.1173,184.44,31.51333333333333,20072.8452,0.016161147888086803,4.108852032314587,0
SCANIA - PRUDENCIAL,2024-12-01,13571745.0,0.0,548341.0,0.1168999999999999,0.0994999999999999,191.11,1.47713535680003,27.96,0.0264656899124302,0,10336707.0,0.0,171124.0,0.1328,0.1093,185.03,30.41333333333333,18703.853199999998,0.01129425017482861,4.472103002395765,0
SCANIA - PRUDENCIAL,2025-03-01,13628667.0,0.0,723493.0,0.1191,0.1063,193.61,2.040339737600028,29.313333333333333,0.0592443177711602,0,11132067.0,0.0,265179.0,0.1264,0.1051,186.65,29.896666666666665,27870.3129,0.007601038768557765,4.871840287168401,0
SCANIA - PRUDENCIAL,2025-06-01,13451063.0,0.0,723493.0,0.121,0.1069,194.33,0.9327766831999762,31.666666666666668,0.081768496741908,0,12046182.0,0.0,265179.0,0.1207,0.1001,189.49,29.07333333333333,26544.417899999997,0.004683611410668091,5.358991183904033,0
SCANIA - PRUDENCIAL,2025-09-01,13257783.0,0.0,751741.0,0.1227999999999999,0.1066,,0.6304326271999727,31.94666666666667,0.0923026585538493,0,12817323.0,0.0,548341.0,0.114,0.0944999999999999,190.99,28.473333333333333,51818.224499999946,0.0033350741930361968,5.6999197052258594,0
SCOTIABANK BRASIL - PRUDENCIAL,2022-03-01,8871217.0,18301.0,559874.0,0.1436,0.1162,175.72,3.2006523548000043,24.72,0.063028695194149,0,2562621.0,91590.0,385630.0,0.1687999999999999,0.0993,173.12,22.403333333333336,38293.059,0.2965824920541012,0.8636252111783849,0
SCOTIABANK BRASIL - PRUDENCIAL,2022-06-01,7459524.0,11417.0,559874.0,0.2769,0.1732,177.81,2.215266379399994,25.546666666666667,0.0603290756211042,0,4134551.0,84423.0,385630.0,0.1465,0.1186999999999999,172.06,21.46333333333333,45774.28099999996,0.12917134080133108,1.9083054939584407,0
SCOTIABANK BRASIL - PRUDENCIAL,2022-09-01,7675789.0,6564.0,593069.0,0.2766,0.162,179.54,-1.3245430992000151,27.44,0.0591095023984781,0,3048581.0,41905.0,436877.0,0.1646999999999999,0.1052,172.27,21.08666666666667,45959.4604,0.21613944438983992,1.2883073666477978,0
SCOTIABANK BRASIL - PRUDENCIAL,2022-12-01,8283792.0,4736.0,593069.0,0.2653,0.1669,180.33,1.6286339977999995,29.036666666666665,0.0865910677034368,0,3999184.0,12307.0,436877.0,0.1284,0.0981,174.3,22.62,42857.633700000006,0.16409140819963805,1.6280956276507346,0
SCOTIABANK BRASIL - PRUDENCIAL,2023-03-01,9776814.0,25561.0,854548.0,0.2496999999999999,0.1992,182.74,2.094210609200031,30.19,0.106807343305525,0,8871217.0,18301.0,559874.0,0.1436,0.1162,175.72,24.72,65057.3588,0.014702228249632755,4.204944838028745,0
SCOTIABANK BRASIL - PRUDENCIAL,2023-06-01,11606317.0,14227.0,854548.0,0.2262,0.1467999999999999,184.28,0.760729877599986,32.02333333333333,0.3879580147597488,1,7459524.0,11417.0,559874.0,0.2769,0.1732,177.81,25.546666666666667,96970.1768,0.02768871618864367,3.5586510317388003,0
SCOTIABANK BRASIL - PRUDENCIAL,2023-09-01,7477154.0,16680.0,887290.0,0.2752,0.154,184.44,0.6111867176000096,31.51333333333333,0.4294952020701246,1,7675789.0,6564.0,593069.0,0.2766,0.162,179.54,27.44,96077.178,0.03089805953073853,3.4456764246094815,0
SCOTIABANK BRASIL - PRUDENCIAL,2023-12-01,7667639.0,54000.0,887290.0,0.2734,0.1644999999999999,185.03,1.083587763199989,30.41333333333333,0.0715872390201848,0,8283792.0,4736.0,593069.0,0.2653,0.1669,180.33,29.036666666666665,98983.21609999999,0.025157227887372367,3.657130952320244,0
SCOTIABANK BRASIL - PRUDENCIAL,2024-03-01,5024725.0,46136.0,1054693.0,0.3942,0.1823,186.65,1.415491577599992,29.896666666666665,0.0988197930049467,0,9776814.0,25561.0,854548.0,0.2496999999999999,0.1992,182.74,30.19,170225.96159999998,0.013361747594474355,4.30190749257551,0
SCOTIABANK BRASIL - PRUDENCIAL,2024-06-01,2835346.0,5768.0,1054693.0,0.5935,0.1641,189.49,1.053515670799987,29.07333333333333,0.0108931619868494,0,11606317.0,14227.0,854548.0,0.2262,0.1467999999999999,184.28,32.02333333333333,125447.64639999991,0.0066171321222037675,5.011454094763826,0
SCOTIABANK BRASIL - PRUDENCIAL,2024-09-01,2691674.0,64023.0,1104924.0,0.6186,0.1912,190.99,0.8015076655999875,28.473333333333333,0.0,0,7477154.0,16680.0,887290.0,0.2752,0.154,184.44,31.51333333333333,136642.66,0.05991198483326528,2.753096938346378,0
SCOTIABANK BRASIL - PRUDENCIAL,2024-12-01,1997032.0,32717.0,1104924.0,0.6454000000000001,0.1989,191.11,1.47713535680003,27.96,0.0,0,7667639.0,54000.0,887290.0,0.2734,0.1644999999999999,185.03,30.41333333333333,145959.2049999999,0.050372848926021487,2.9366171169739674,0
SCOTIABANK BRASIL - PRUDENCIAL,2025-03-01,2130649.0,13447.0,1370647.0,0.5435,0.1732999999999999,193.61,2.040339737600028,29.313333333333333,0.0,0,5024725.0,46136.0,1054693.0,0.3942,0.1823,186.65,29.896666666666665,192270.53389999998,0.18462669761539302,1.4853101124839618,0
SCOTIABANK BRASIL - PRUDENCIAL,2025-06-01,3222815.0,26902.0,1370647.0,0.4103,0.1611,194.33,0.9327766831999762,31.666666666666668,0.0,0,2835346.0,5768.0,1054693.0,0.5935,0.1641,189.49,29.07333333333333,173075.1213,0.4162926610454899,0.3380112004225778,0
SCOTIABANK BRASIL - PRUDENCIAL,2025-09-01,3820893.0,7263.0,1520925.0,0.3749,0.2282999999999999,,0.6304326271999727,31.94666666666667,0.0,0,2691674.0,64023.0,1104924.0,0.6186,0.1912,190.99,28.473333333333333,211261.4688,0.4294636454019397,0.284039797703711,0
SENFFNET IP - PRUDENCIAL,2024-03-01,1001542.0,0.0,431395.0,0.0855,0.0,186.65,1.415491577599992,29.896666666666665,0.1992914511464879,1,471769.0,0.0,86247.0,0.1291,0.9626,177.81,25.546666666666667,83021.3622,0.039923886428476385,3.1800377642662037,0
SENFFNET IP - PRUDENCIAL,2024-06-01,776529.0,0.0,431395.0,0.1172,0.0,189.49,1.053515670799987,29.07333333333333,0.2040893640799466,1,485928.0,0.0,113781.0,0.1299,0.7162999999999999,179.54,27.44,81501.33029999999,0.13118151047564994,1.8905522904229168,0
SENFFNET IP - PRUDENCIAL,2024-09-01,725656.0,6680.0,463815.0,0.1244,0.0,190.99,0.8015076655999875,28.473333333333333,0.1889295005513956,1,747569.0,0.0,267344.0,0.1027999999999999,1.0034999999999998,184.44,31.51333333333333,268279.70399999997,0.07851822608334452,2.4626522210659822,0
SENFFNET IP - PRUDENCIAL,2024-12-01,792493.0,7676.0,463815.0,0.1355,0.0,191.11,1.47713535680003,27.96,0.1452178478206518,0,748047.0,0.0,267344.0,0.1122,0.0,185.03,30.41333333333333,0.0,0.8012516334391481,-1.3941355114043368,1
SENFFNET IP - PRUDENCIAL,2025-03-01,910955.0,7164.0,275868.0,0.1668,0.0,193.61,2.040339737600028,29.313333333333333,0.0,0,1001542.0,0.0,431395.0,0.0855,0.0,186.65,29.896666666666665,0.0,0.7816189354066952,-1.2751257869123833,1
SENFFNET IP - PRUDENCIAL,2025-06-01,957315.0,6871.0,275868.0,0.1668,0.0,194.33,0.9327766831999762,31.666666666666668,0.0,0,776529.0,0.0,431395.0,0.1172,0.0,189.49,29.07333333333333,0.0,0.8004830366375444,-1.3893160786514398,1
SICREDI - PRUDENCIAL,2017-03-01,4598608.0,14650.0,1125023.0,0.2137,0.0371,164.34,0.9630321349999972,41.17333333333333,0.0005848096043543,0,6156718.0,19601.0,969755.0,0.1697,0.0426,163.26,35.07,41311.563,0.13125542700194112,1.8899039008627674,0
SICREDI - PRUDENCIAL,2017-06-01,4289728.0,11315.0,1125023.0,0.231,0.0363,165.65,0.2193980018000196,36.63666666666666,0.0004955445587594,0,5663064.0,3681.0,969755.0,0.1873999999999999,0.0353,163.72,38.303333333333335,34232.3515,0.20521031005630855,1.3540421828581346,0
SICREDI - PRUDENCIAL,2017-09-01,4650491.0,13254.0,1227434.0,0.2155,0.0371,166.12,0.5911447296000016,36.16333333333333,0.000269864509852,0,5939449.0,7355.0,1022834.0,0.1832,0.0351,162.92,39.71333333333333,35901.4734,0.19647039411723705,1.4085022768867532,0
SICREDI - PRUDENCIAL,2017-12-01,5250935.0,13674.0,1227434.0,0.1846,0.033,167.13,1.144261174399985,33.526666666666664,0.0002293417190222,0,6599240.0,9192.0,1022834.0,0.1571,0.0334,162.73,40.38,34162.6556,0.15258446093040867,1.714472890591282,0
SICREDI - PRUDENCIAL,2018-03-01,5035247.0,15923.0,1398999.0,0.1907999999999999,0.0313,167.98,0.7014778351999817,33.15,6.411134236407407e-05,0,4598608.0,14650.0,1125023.0,0.2137,0.0371,164.34,41.17333333333333,41738.3533,0.3751327048839066,0.5102594564772641,0
SICREDI - PRUDENCIAL,2018-06-01,5013078.0,16438.0,1398999.0,0.1951,0.0295,167.89,1.8887030879999989,30.82333333333333,3.044017438248985e-05,0,4289728.0,11315.0,1125023.0,0.231,0.0363,165.65,36.63666666666666,40838.3349,0.34021353557087275,0.6623427778096704,0
SICREDI - PRUDENCIAL,2018-09-01,5647798.0,14661.0,1498586.0,0.1766,0.0302,169.35,0.7208535743999933,28.546666666666667,5.869837440453774e-05,0,4650491.0,13254.0,1227434.0,0.2155,0.0371,166.12,36.16333333333333,45537.801400000004,0.29571767036369906,0.8677741295086763,0
SICREDI - PRUDENCIAL,2018-12-01,6552590.0,22602.0,1498586.0,0.1484,0.0291,169.09,0.3894135824999978,28.71666666666667,2.403002458963609e-05,0,5250935.0,13674.0,1227434.0,0.1846,0.033,167.13,33.526666666666664,40505.322,0.2043085222057683,1.3595803049989388,0
SICREDI - PRUDENCIAL,2019-03-01,6524880.0,27253.0,1456011.0,0.1503999999999999,0.0279999999999999,169.51,1.507011320000018,30.386666666666667,2.839434295530816e-05,0,5035247.0,15923.0,1398999.0,0.1907999999999999,0.0313,167.98,33.15,43788.6687,0.22736777382389195,1.2232343053652344,0
SICREDI - PRUDENCIAL,2019-06-01,6326931.0,25725.0,1456011.0,0.1568999999999999,0.0292,170.58,0.710811074100004,30.69666666666667,4.07845371688453e-05,0,5013078.0,16438.0,1398999.0,0.1951,0.0295,167.89,30.82333333333333,41270.470499999996,0.19927836426005752,1.3908107031991126,0
SICREDI - PRUDENCIAL,2019-09-01,6734591.0,38214.0,1670305.0,0.1485,0.0265,170.5,0.2600889164000142,30.59,6.173586044843763e-05,0,5647798.0,14661.0,1498586.0,0.1766,0.0302,169.35,28.546666666666667,45257.2972,0.13392731768483143,1.8666715864676358,0
SICREDI - PRUDENCIAL,2019-12-01,7529997.0,22284.0,1670305.0,0.1315,0.0239,171.91,1.767530865000011,29.096666666666664,0.000140285513697,0,6552590.0,22602.0,1498586.0,0.1484,0.0291,169.09,28.71666666666667,43608.8526,0.08718722926538586,2.348472922474474,0
SICREDI - PRUDENCIAL,2020-03-01,9133629.0,51882.0,1813885.0,0.1267,0.0232,168.09,0.5308473674999981,28.24,0.0002347762587137,0,6524880.0,27253.0,1456011.0,0.1503999999999999,0.0279999999999999,169.51,30.386666666666667,40768.30799999985,0.09996919037822886,2.197566953463575,0
SICREDI - PRUDENCIAL,2020-06-01,8048121.0,17235.0,1813885.0,0.1437,0.0229,153.27,-0.4306129372000034,24.44333333333333,0.0001703085924868,0,6326931.0,25725.0,1456011.0,0.1568999999999999,0.0292,170.58,30.69666666666667,42515.5212,0.11479640424175268,2.042657508908325,0
SICREDI - PRUDENCIAL,2020-09-01,9314407.0,18974.0,1958821.0,0.1272,0.0197999999999999,165.34,1.2447095295999857,21.71666666666667,0.0001513789641524,0,6734591.0,38214.0,1670305.0,0.1485,0.0265,170.5,30.59,44263.0825,0.09606550138970713,2.24172663564254,0
SIMPALA CFI - PRUDENCIAL,2021-03-01,32809.0,0.0,12278.0,0.1766,0.0,173.12,2.052492994999988,22.403333333333336,0.096745100428882,0,11318.0,0.0,12973.0,0.2269999999999999,0.0,168.09,28.24,0.0,0.7613497244908913,-1.1600936130988309,1
SIMPALA CFI - PRUDENCIAL,2021-06-01,43226.0,0.0,12278.0,0.156,0.0,172.06,1.6786286369000036,21.46333333333333,0.097358760321607,0,23577.0,0.0,12973.0,0.08,0.0,153.27,24.44333333333333,0.0,0.6429028764348688,-0.5879858654298289,1
SIMPALA CFI - PRUDENCIAL,2021-09-01,50839.0,0.0,18424.0,0.1226,0.0,172.27,3.0196768831999954,21.08666666666667,0.0847171228483821,0,24891.0,0.0,9761.0,0.2289999999999999,0.0,165.34,21.71666666666667,0.0,0.6423474310950807,-0.5855672896978661,1
SIMPALA CFI - PRUDENCIAL,2021-12-01,59593.0,0.0,18424.0,0.1364,0.0,174.3,2.958021687500012,22.62,0.1092689319722496,0,38493.0,0.0,9761.0,0.1728,0.0,171.47,20.72,0.0,0.6633403524285303,-0.6782157380957149,1
SIMPALA CFI - PRUDENCIAL,2022-03-01,75249.0,0.0,27505.0,0.1135999999999999,0.0,175.72,3.2006523548000043,24.72,0.0946185883317106,0,32809.0,0.0,12278.0,0.1766,0.0,173.12,22.403333333333336,0.0,0.7001292447547954,-0.8479133870518373,1
SIMPALA CFI - PRUDENCIAL,2022-06-01,89569.0,0.0,27505.0,0.1159,0.0,177.81,2.215266379399994,25.546666666666667,0.0954647334337371,0,43226.0,0.0,12278.0,0.156,0.0,172.06,21.46333333333333,0.0,0.6804510330453909,-0.7558453385938783,1
SIMPALA CFI - PRUDENCIAL,2022-09-01,102258.0,0.0,43172.0,0.1143,0.0,179.54,-1.3245430992000151,27.44,0.1053545466533076,0,50839.0,0.0,18424.0,0.1226,0.0,172.27,21.08666666666667,0.0,0.6783381071413668,-0.7461448747210174,1
SIMPALA CFI - PRUDENCIAL,2022-12-01,123706.0,0.0,43172.0,0.1457,0.0,180.33,1.6286339977999995,29.036666666666665,0.1832934034389247,1,59593.0,0.0,18424.0,0.1364,0.0,174.3,22.62,0.0,0.7108930181157762,-0.8997251522078805,1
SIMPALA CFI - PRUDENCIAL,2023-03-01,149184.0,0.0,71458.0,0.1512,0.0,182.74,2.094210609200031,30.19,0.1760320940296356,1,75249.0,0.0,27505.0,0.1135999999999999,0.0,175.72,24.72,0.0,0.7500065645840704,-1.0986472996895922,1
SIMPALA CFI - PRUDENCIAL,2023-06-01,193984.0,0.0,71458.0,0.1306,0.0,184.28,0.760729877599986,32.02333333333333,0.1851745031130085,1,89569.0,0.0,27505.0,0.1159,0.0,177.81,25.546666666666667,0.0,0.7689840740308627,-1.2025836071508158,1
SIMPALA CFI - PRUDENCIAL,2023-09-01,233759.0,0.0,111877.0,0.11,0.0,184.44,0.6111867176000096,31.51333333333333,0.1442774612148547,0,102258.0,0.0,43172.0,0.1143,0.0,179.54,27.44,0.0,0.799581300841763,-1.383679542182706,1
SIMPALA CFI - PRUDENCIAL,2023-12-01,269655.0,0.0,111877.0,0.1234,0.0,185.03,1.083587763199989,30.41333333333333,0.1279673671924888,0,123706.0,0.0,43172.0,0.1457,0.0,180.33,29.036666666666665,0.0,0.8169557550552596,-1.4958570381953957,1
SIMPALA CFI - PRUDENCIAL,2024-03-01,297768.0,0.0,165398.0,0.1147,0.0,186.65,1.415491577599992,29.896666666666665,0.1043774635516977,0,149184.0,0.0,71458.0,0.1512,0.0,182.74,30.19,0.0,0.8356498889498312,-1.626210755832554,1
SIMPALA CFI - PRUDENCIAL,2024-06-01,335909.0,0.0,165398.0,0.1018999999999999,0.0,189.49,1.053515670799987,29.07333333333333,0.0785018080527789,0,193984.0,0.0,71458.0,0.1306,0.0,184.28,32.02333333333333,0.0,0.8568538899051171,-1.7894015556266567,1
SIMPALA CFI - PRUDENCIAL,2024-09-01,366537.0,0.0,215538.0,0.0899,0.0,190.99,0.8015076655999875,28.473333333333333,0.083912888984813,0,233759.0,0.0,111877.0,0.11,0.0,184.44,31.51333333333333,0.0,0.851370316626636,-1.7453893220635766,1
SIMPALA CFI - PRUDENCIAL,2024-12-01,410279.0,0.0,215538.0,0.0895,0.0,191.11,1.47713535680003,27.96,0.0743785668106107,0,269655.0,0.0,111877.0,0.1234,0.0,185.03,30.41333333333333,0.0,0.8385815760650434,-1.647711963908109,1
SIMPALA CFI - PRUDENCIAL,2025-03-01,456005.0,0.0,220181.0,0.1057,0.0,193.61,2.040339737600028,29.313333333333333,0.0,0,297768.0,0.0,165398.0,0.1147,0.0,186.65,29.896666666666665,0.0,0.8373955703823831,-1.6389761240653813,1
SIMPALA CFI - PRUDENCIAL,2025-06-01,0.0,0.0,0.0,0.0,0.0,194.33,0.9327766831999762,31.666666666666668,0.0,0,335909.0,0.0,165398.0,0.1018999999999999,0.0,189.49,29.07333333333333,0.0,0.8360473319585848,-1.6291074513825237,1
SIMPALA CFI - PRUDENCIAL,2025-09-01,560611.0,0.0,218268.0,0.0401,0.0,,0.6304326271999727,31.94666666666667,0.0,0,366537.0,0.0,215538.0,0.0899,0.0,190.99,28.473333333333333,0.0,0.8335889925231343,-1.6112797886627126,1
SINOSSERRA FINANCEIRA S/A - PRUDENCIAL,2017-03-01,69589.0,0.0,35918.0,0.1809,0.0,164.34,0.9630321349999972,41.17333333333333,0.0133120764586508,0,32963.0,0.0,30270.0,0.2952,0.0,163.26,35.07,0.0,0.8205832749175374,-1.5203042245506502,1
SINOSSERRA FINANCEIRA S/A - PRUDENCIAL,2017-06-01,66450.0,0.0,35918.0,0.1752,0.0,165.65,0.2193980018000196,36.63666666666666,0.0136779436153071,0,27860.0,0.0,30270.0,0.3186,0.0,163.72,38.303333333333335,0.0,0.8543726535315714,-1.769316523094554,1
SINOSSERRA FINANCEIRA S/A - PRUDENCIAL,2017-09-01,63666.0,0.0,37263.0,0.1766,0.0,166.12,0.5911447296000016,36.16333333333333,0.01313767055278,0,63288.0,0.0,33049.0,0.1963,0.0,162.92,39.71333333333333,0.0,0.8704173483070937,-1.9046538919865068,1
SINOSSERRA FINANCEIRA S/A - PRUDENCIAL,2017-12-01,56751.0,0.0,37263.0,0.1869,0.0,167.13,1.144261174399985,33.526666666666664,0.0158634729222289,0,67098.0,0.0,33049.0,0.1805,0.0,162.73,40.38,0.0,0.87627451240669,-1.957614109590902,1
SINOSSERRA FINANCEIRA S/A - PRUDENCIAL,2018-03-01,63768.0,0.0,41287.0,0.1676,0.0,167.98,0.7014778351999817,33.15,0.0118042153847183,0,69589.0,0.0,35918.0,0.1809,0.0,164.34,41.17333333333333,0.0,0.8864924333437251,-2.0554030878951175,1
SINOSSERRA FINANCEIRA S/A - PRUDENCIAL,2018-06-01,67876.0,0.0,41287.0,0.1626,0.0,167.89,1.8887030879999989,30.82333333333333,0.0122252364372318,0,66450.0,0.0,35918.0,0.1752,0.0,165.65,36.63666666666666,0.0,0.8511704673617901,-1.743810847277922,1
SINOSSERRA FINANCEIRA S/A - PRUDENCIAL,2018-09-01,71353.0,0.0,41355.0,0.1699,0.0,169.35,0.7208535743999933,28.546666666666667,0.0101486302180676,0,63666.0,0.0,37263.0,0.1766,0.0,166.12,36.16333333333333,0.0,0.8480829280240123,-1.7196436299749245,1
SINOSSERRA FINANCEIRA S/A - PRUDENCIAL,2018-12-01,80259.0,0.0,41355.0,0.1755999999999999,0.0,169.09,0.3894135824999978,28.71666666666667,0.011473917046958,0,56751.0,0.0,37263.0,0.1869,0.0,167.13,33.526666666666664,0.0,0.823462968625181,-1.5399879159092271,1
SINOSSERRA FINANCEIRA S/A - PRUDENCIAL,2019-03-01,86001.0,0.0,45053.0,0.1657,0.0,169.51,1.507011320000018,30.386666666666667,0.0103958189522088,0,63768.0,0.0,41287.0,0.1676,0.0,167.98,33.15,0.0,0.823194415627965,-1.538141664675158,1
SINOSSERRA FINANCEIRA S/A - PRUDENCIAL,2019-06-01,93360.0,0.0,45053.0,0.1723,0.0,170.58,0.710811074100004,30.69666666666667,0.015132813507374,0,67876.0,0.0,41287.0,0.1626,0.0,167.89,30.82333333333333,0.0,0.795444346790331,-1.3580608035110842,1
SINOSSERRA FINANCEIRA S/A - PRUDENCIAL,2019-09-01,99475.0,0.0,45822.0,0.1631,0.0,170.5,0.2600889164000142,30.59,0.0137748752858258,0,71353.0,0.0,41355.0,0.1699,0.0,169.35,28.546666666666667,0.0,0.7707434580534954,-1.2125139314986877,1
SINOSSERRA FINANCEIRA S/A - PRUDENCIAL,2019-12-01,112161.0,0.0,45822.0,0.1467999999999999,0.0,171.91,1.767530865000011,29.096666666666664,0.0127231885288364,0,80259.0,0.0,41355.0,0.1755999999999999,0.0,169.09,28.71666666666667,0.0,0.7705187840201805,-1.2112428544597071,1
SINOSSERRA FINANCEIRA S/A - PRUDENCIAL,2020-03-01,136554.0,0.0,47810.0,0.1321,0.0,168.09,0.5308473674999981,28.24,0.0133111761988329,0,86001.0,0.0,45053.0,0.1657,0.0,169.51,30.386666666666667,0.0,0.7943931170544212,-1.3516124374923422,1
SINOSSERRA FINANCEIRA S/A - PRUDENCIAL,2020-06-01,122050.0,0.0,47810.0,0.1478,0.0,153.27,-0.4306129372000034,24.44333333333333,0.0202667322551961,0,93360.0,0.0,45053.0,0.1723,0.0,170.58,30.69666666666667,0.0,0.8011023554721476,-1.3931983797159067,1
SINOSSERRA FINANCEIRA S/A - PRUDENCIAL,2020-09-01,131941.0,0.0,49629.0,0.1485999999999999,0.0,165.34,1.2447095295999857,21.71666666666667,0.0181059839769203,0,99475.0,0.0,45822.0,0.1631,0.0,170.5,30.59,0.0,0.7997438566797682,-1.3846942330187464,1
SINOSSERRA FINANCEIRA S/A - PRUDENCIAL,2020-12-01,143581.0,0.0,49629.0,0.1547,0.0,171.47,3.131382328999988,20.72,0.0136785877559664,0,112161.0,0.0,45822.0,0.1467999999999999,0.0,171.91,29.096666666666664,0.0,0.7867701220662451,-1.3055652884617326,1
SINOSSERRA FINANCEIRA S/A - PRUDENCIAL,2021-03-01,142340.0,0.0,53588.0,0.1585,0.0,173.12,2.052492994999988,22.403333333333336,0.0121931833226343,0,136554.0,0.0,47810.0,0.1321,0.0,168.09,28.24,0.0,0.7582443424101539,-1.1430781480429508,1
SINOSSERRA FINANCEIRA S/A - PRUDENCIAL,2021-06-01,151935.0,0.0,53588.0,0.1585,0.0,172.06,1.6786286369000036,21.46333333333333,0.0155683167318819,0,122050.0,0.0,47810.0,0.1478,0.0,153.27,24.44333333333333,0.0,0.622002469877237,-0.4980564017989924,1
SINOSSERRA FINANCEIRA S/A - PRUDENCIAL,2021-09-01,168730.0,0.0,58316.0,0.1494,0.0,172.27,3.0196768831999954,21.08666666666667,0.0181336298116656,0,131941.0,0.0,49629.0,0.1485999999999999,0.0,165.34,21.71666666666667,0.0,0.6390537390813913,-0.5712594637527387,1
SINOSSERRA FINANCEIRA S/A - PRUDENCIAL,2021-12-01,165968.0,0.0,58316.0,0.1558,0.0,174.3,2.958021687500012,22.62,0.0288323402550243,0,143581.0,0.0,49629.0,0.1547,0.0,171.47,20.72,0.0,0.6527896756457489,-0.6313242693557388,1
SINOSSERRA FINANCEIRA S/A - PRUDENCIAL,2022-03-01,142471.0,0.0,68119.0,0.1609,0.0,175.72,3.2006523548000043,24.72,0.0332905115071201,0,142340.0,0.0,53588.0,0.1585,0.0,173.12,22.403333333333336,0.0,0.689677174939656,-0.79861049859021,1
SINOSSERRA FINANCEIRA S/A - PRUDENCIAL,2022-06-01,141678.0,0.0,68119.0,0.1519,0.0,177.81,2.215266379399994,25.546666666666667,0.0345967873293767,0,151935.0,0.0,53588.0,0.1585,0.0,172.06,21.46333333333333,0.0,0.667270557330048,-0.6958659212852416,1
SINOSSERRA FINANCEIRA S/A - PRUDENCIAL,2022-09-01,145577.0,0.0,71149.0,0.1369,0.0,179.54,-1.3245430992000151,27.44,0.0377130246460925,0,168730.0,0.0,58316.0,0.1494,0.0,172.27,21.08666666666667,0.0,0.661003489300822,-0.6677693039592792,1
SINOSSERRA FINANCEIRA S/A - PRUDENCIAL,2022-12-01,135337.0,0.0,71149.0,0.1452999999999999,0.0,180.33,1.6286339977999995,29.036666666666665,0.0470781674103422,0,165968.0,0.0,58316.0,0.1558,0.0,174.3,22.62,0.0,0.696742383362055,-0.8318330701026875,1
SINOSSERRA FINANCEIRA S/A - PRUDENCIAL,2023-03-01,142978.0,0.0,69779.0,0.1467999999999999,0.0,182.74,2.094210609200031,30.19,0.0429436702314644,0,142471.0,0.0,68119.0,0.1609,0.0,175.72,24.72,0.0,0.7384159211771493,-1.0377514873360727,1
SINOSSERRA FINANCEIRA S/A - PRUDENCIAL,2023-06-01,148738.0,0.0,69779.0,0.15,0.0,184.28,0.760729877599986,32.02333333333333,0.0402152821256805,0,141678.0,0.0,68119.0,0.1519,0.0,177.81,25.546666666666667,0.0,0.7606606315118902,-1.1563048106848526,1
SINOSSERRA FINANCEIRA S/A - PRUDENCIAL,2023-09-01,153223.0,0.0,70157.0,0.1427999999999999,0.0,184.44,0.6111867176000096,31.51333333333333,0.0414795773541211,0,145577.0,0.0,71149.0,0.1369,0.0,179.54,27.44,0.0,0.7939351189414366,-1.348810667447383,1
SINOSSERRA FINANCEIRA S/A - PRUDENCIAL,2023-12-01,152396.0,0.0,70157.0,0.1497,0.0,185.03,1.083587763199989,30.41333333333333,0.0382150244062994,0,135337.0,0.0,71149.0,0.1452999999999999,0.0,180.33,29.036666666666665,0.0,0.8162675276615755,-1.4912614083056457,1
SINOSSERRA FINANCEIRA S/A - PRUDENCIAL,2024-03-01,154845.0,0.0,70238.0,0.146,0.0,186.65,1.415491577599992,29.896666666666665,0.0310870853090411,0,142978.0,0.0,69779.0,0.1467999999999999,0.0,182.74,30.19,0.0,0.8364405712550285,-1.6319790699094312,1
SINOSSERRA FINANCEIRA S/A - PRUDENCIAL,2024-06-01,156360.0,0.0,70238.0,0.1503,0.0,189.49,1.053515670799987,29.07333333333333,0.0416652108956136,0,148738.0,0.0,69779.0,0.15,0.0,184.28,32.02333333333333,0.0,0.8586685064638695,-1.804274791421167,1
SINOSSERRA FINANCEIRA S/A - PRUDENCIAL,2024-09-01,161227.0,0.0,71758.0,0.1553999999999999,0.0,190.99,0.8015076655999875,28.473333333333333,0.0399840397953576,0,153223.0,0.0,70157.0,0.1427999999999999,0.0,184.44,31.51333333333333,0.0,0.8545070949587443,-1.770397482067246,1
SINOSSERRA FINANCEIRA S/A - PRUDENCIAL,2024-12-01,160742.0,0.0,71758.0,0.1621,0.0,191.11,1.47713535680003,27.96,0.0376630559520893,0,152396.0,0.0,70157.0,0.1497,0.0,185.03,30.41333333333333,0.0,0.84513010965362,-1.6969052434885532,1
SOCIETE GENERALE - PRUDENCIAL,2017-03-01,2582710.0,248886.0,317800.0,0.3251,0.1793,164.34,0.9630321349999972,41.17333333333333,0.0448140698890692,0,3810483.0,458497.0,193541.0,0.2307999999999999,0.0962,163.26,35.07,18618.6442,0.32853427450161704,0.714821804245049,0
SOCIETE GENERALE - PRUDENCIAL,2017-06-01,3255064.0,100182.0,317800.0,0.2734,0.1651,165.65,0.2193980018000196,36.63666666666666,0.0292178814163708,0,3953026.0,36132.0,193541.0,0.2387,0.1159,163.72,38.303333333333335,22431.4019,0.30126631170838997,0.8412750501246246,0
SOCIETE GENERALE - PRUDENCIAL,2017-09-01,3096292.0,42547.0,364404.0,0.2573999999999999,0.1125,166.12,0.5911447296000016,36.16333333333333,0.0284738537729371,0,3100934.0,199315.0,266339.0,0.2632,0.1139,162.92,39.71333333333333,30336.0121,0.45772560165639753,0.1695022619719743,0
SOCIETE GENERALE - PRUDENCIAL,2017-12-01,3179832.0,64986.0,364404.0,0.2707,0.149,167.13,1.144261174399985,33.526666666666664,0.0234796884826618,0,2651008.0,38299.0,266339.0,0.3287,0.1902,162.73,40.38,50657.677800000005,0.42843259963798724,0.2882489804085737,0
SOCIETE GENERALE - PRUDENCIAL,2018-03-01,3230980.0,83028.0,533549.0,0.2339999999999999,0.1151,167.98,0.7014778351999817,33.15,0.0235169739436436,0,2582710.0,248886.0,317800.0,0.3251,0.1793,164.34,41.17333333333333,56981.53999999999,0.5069669485780981,-0.02786959786286822,0
SOCIETE GENERALE - PRUDENCIAL,2018-06-01,3804341.0,39198.0,533549.0,0.254,0.1307,167.89,1.8887030879999989,30.82333333333333,0.0164173344006566,0,3255064.0,100182.0,317800.0,0.2734,0.1651,165.65,36.63666666666666,52468.78,0.340159506546618,0.6625834848760325,0
SOCIETE GENERALE - PRUDENCIAL,2018-09-01,3795749.0,61292.0,482285.0,0.2503,0.1301,169.35,0.7208535743999933,28.546666666666667,0.0218393759021749,0,3096292.0,42547.0,364404.0,0.2573999999999999,0.1125,166.12,36.16333333333333,40995.450000000004,0.4001473653218943,0.4048511237810324,0
SOCIETE GENERALE - PRUDENCIAL,2018-12-01,3642351.0,88264.0,482285.0,0.2164,0.091,169.09,0.3894135824999978,28.71666666666667,0.0186815849802465,0,3179832.0,64986.0,364404.0,0.2707,0.149,167.13,33.526666666666664,54296.195999999996,0.31855783702926654,0.7604073299792435,0
SOCIETE GENERALE - PRUDENCIAL,2019-03-01,3388190.0,234295.0,547699.0,0.2589,0.165,169.51,1.507011320000018,30.386666666666667,0.0179940340339037,0,3230980.0,83028.0,533549.0,0.2339999999999999,0.1151,167.98,33.15,61411.48989999999,0.3569048990073747,0.5888232585103845,0
SOCIETE GENERALE - PRUDENCIAL,2019-06-01,2754210.0,225405.0,547699.0,0.3195,0.1996,170.58,0.710811074100004,30.69666666666667,0.0188423215898674,0,3804341.0,39198.0,533549.0,0.254,0.1307,167.89,30.82333333333333,69734.8543,0.2355034007525017,1.177492223239664,0
SOCIETE GENERALE - PRUDENCIAL,2019-09-01,1841813.0,685800.0,489999.0,0.3422,0.2004,170.5,0.2600889164000142,30.59,0.0198096954935478,0,3795749.0,61292.0,482285.0,0.2503,0.1301,169.35,28.546666666666667,62745.2785,0.2116580783936689,1.3149597716573356,0
SOCIETE GENERALE - PRUDENCIAL,2019-12-01,2179418.0,128465.0,489999.0,0.4132,0.2249,171.91,1.767530865000011,29.096666666666664,0.0143329465660644,0,3642351.0,88264.0,482285.0,0.2164,0.091,169.09,28.71666666666667,43887.935,0.2582528690870945,1.0550691736354263,0
SOCIETE GENERALE - PRUDENCIAL,2020-03-01,3495891.0,119985.0,447332.0,0.3118,0.1631,168.09,0.5308473674999981,28.24,0.0089112929320026,0,3388190.0,234295.0,547699.0,0.2589,0.165,169.51,30.386666666666667,90370.335,0.27954623474722967,0.9467135447513646,0
SOCIETE GENERALE - PRUDENCIAL,2020-06-01,4369029.0,110141.0,447332.0,0.2648,0.1478,153.27,-0.4306129372000034,24.44333333333333,0.0071752031659241,0,2754210.0,225405.0,547699.0,0.3195,0.1996,170.58,30.69666666666667,109320.7204,0.33364380322688414,0.6917503912077027,0
SOCIETE GENERALE - PRUDENCIAL,2020-09-01,3755319.0,24427.0,479452.0,0.3208,0.1492,165.34,1.2447095295999857,21.71666666666667,0.0076712509157729,0,1841813.0,685800.0,489999.0,0.3422,0.2004,170.5,30.59,98195.7996,0.5018393046193992,-0.007357251463494747,0
SOCIETE GENERALE - PRUDENCIAL,2020-12-01,3263585.0,120082.0,479452.0,0.3555,0.1502,171.47,3.131382328999988,20.72,0.0085401190415158,0,2179418.0,128465.0,489999.0,0.4132,0.2249,171.91,29.096666666666664,110200.7751,0.3370932054135906,0.6762749330961886,0
SOCIETE GENERALE - PRUDENCIAL,2021-03-01,3385601.0,151796.0,496688.0,0.3518,0.1613,173.12,2.052492994999988,22.403333333333336,0.0076353391600118,0,3495891.0,119985.0,447332.0,0.3118,0.1631,168.09,28.24,72959.8492,0.20903485913846165,1.3307528690226367,0
SOCIETE GENERALE - PRUDENCIAL,2021-06-01,3198497.0,179702.0,496688.0,0.3747999999999999,0.2016,172.06,1.6786286369000036,21.46333333333333,0.0089023295827751,0,4369029.0,110141.0,447332.0,0.2648,0.1478,153.27,24.44333333333333,66115.6696,0.08371816770114199,2.392867983339306,0
SOCIETE GENERALE - PRUDENCIAL,2021-09-01,3183027.0,99842.0,530705.0,0.3763,0.1818,172.27,3.0196768831999954,21.08666666666667,0.009043333284599,0,3755319.0,24427.0,479452.0,0.3208,0.1492,165.34,21.71666666666667,71534.2384,0.1155282150643381,2.0354758273530433,0
SOCIETE GENERALE - PRUDENCIAL,2021-12-01,3041669.0,263045.0,530705.0,0.3645,0.1852,174.3,2.958021687500012,22.62,0.0117857208130025,0,3263585.0,120082.0,479452.0,0.3555,0.1502,171.47,20.72,72013.6904,0.15961487192110776,1.6610964095544807,0
SOCIETE GENERALE - PRUDENCIAL,2022-03-01,3552593.0,74079.0,564838.0,0.3543,0.1807,175.72,3.2006523548000043,24.72,0.0110399581206686,0,3385601.0,151796.0,496688.0,0.3518,0.1613,173.12,22.403333333333336,80115.7744,0.17168625789583564,1.5737232691712675,0
SOCIETE GENERALE - PRUDENCIAL,2022-06-01,4054272.0,1111798.0,564838.0,0.2559,0.1873,177.81,2.215266379399994,25.546666666666667,0.0095208896534108,0,3198497.0,179702.0,496688.0,0.3747999999999999,0.2016,172.06,21.46333333333333,100132.3008,0.15436368249382204,1.7007779896391788,0
SOCIETE GENERALE - PRUDENCIAL,2022-09-01,3111777.0,1016902.0,615102.0,0.3112,0.1996,179.54,-1.3245430992000151,27.44,0.0190408387030183,0,3183027.0,99842.0,530705.0,0.3763,0.1818,172.27,21.08666666666667,96482.169,0.1577593711930611,1.6749948509629,0
SOCIETE GENERALE - PRUDENCIAL,2022-12-01,2421816.0,940001.0,615102.0,0.3732999999999999,0.2022,180.33,1.6286339977999995,29.036666666666665,0.0227720494242778,0,3041669.0,263045.0,530705.0,0.3645,0.1852,174.3,22.62,98286.566,0.2059891959999439,1.349273347521475,0
SOCIETE GENERALE - PRUDENCIAL,2023-03-01,2032092.0,1398310.0,725537.0,0.3634,0.2330999999999999,182.74,2.094210609200031,30.19,0.0254394758829355,0,3552593.0,74079.0,564838.0,0.3543,0.1807,175.72,24.72,102066.2266,0.18181503464853777,1.5040985530146262,0
SOCIETE GENERALE - PRUDENCIAL,2023-06-01,2532029.0,1197618.0,725537.0,0.3247,0.2371,184.28,0.760729877599986,32.02333333333333,0.0224645282712329,0,4054272.0,1111798.0,564838.0,0.2559,0.1873,177.81,25.546666666666667,105794.1574,0.24968753086452186,1.100279485840104,0
SOCIETE GENERALE - PRUDENCIAL,2023-09-01,2033773.0,44647.0,686304.0,0.4778,0.2326,184.44,0.6111867176000096,31.51333333333333,0.0307485695896343,0,3111777.0,1016902.0,615102.0,0.3112,0.1996,179.54,27.44,122774.3592,0.38294427623854727,0.4770698482816028,0
SOCIETE GENERALE - PRUDENCIAL,2023-12-01,2031831.0,71508.0,686304.0,0.4284,0.2563,185.03,1.083587763199989,30.41333333333333,0.0263917677938853,0,2421816.0,940001.0,615102.0,0.3732999999999999,0.2022,180.33,29.036666666666665,124373.6244,0.49266972750958027,0.029323191105787592,0
SOCIETE GENERALE - PRUDENCIAL,2024-03-01,2231560.0,79841.0,577032.0,0.4411,0.225,186.65,1.415491577599992,29.896666666666665,0.0183436637579645,0,2032092.0,1398310.0,725537.0,0.3634,0.2330999999999999,182.74,30.19,169122.67469999992,0.6336997751083805,-0.5481220174305227,1
SOCIETE GENERALE - PRUDENCIAL,2024-06-01,2297175.0,115121.0,577032.0,0.3995,0.191,189.49,1.053515670799987,29.07333333333333,0.0271423744721334,0,2532029.0,1197618.0,725537.0,0.3247,0.2371,184.28,32.02333333333333,172024.8227,0.5863012820685035,-0.34869581600372573,0
SOCIETE GENERALE - PRUDENCIAL,2024-09-01,2490346.0,157811.0,531617.0,0.4064,0.1593,190.99,0.8015076655999875,28.473333333333333,0.0249217955505621,0,2033773.0,44647.0,686304.0,0.4778,0.2326,184.44,31.51333333333333,159634.3104,0.4749800323117051,0.10016352983828437,0
SOCIETE GENERALE - PRUDENCIAL,2024-12-01,2819360.0,97729.0,531617.0,0.3908,0.1599,191.11,1.47713535680003,27.96,0.0200864903976167,0,2031831.0,71508.0,686304.0,0.4284,0.2563,185.03,30.41333333333333,175899.71519999998,0.4503824974105603,0.199125370664144,0
SOCOPA - PRUDENCIAL,2017-03-01,729590.0,9833.0,335089.0,0.1741,0.1022,164.34,0.9630321349999972,41.17333333333333,0.0237283511242957,0,836833.0,29358.0,253429.0,0.1469,0.0823,163.26,35.07,20857.2067,0.7010053381984975,-0.8520897820656231,1
SOCOPA - PRUDENCIAL,2017-06-01,743291.0,8780.0,335089.0,0.1808,0.0755,165.65,0.2193980018000196,36.63666666666666,0.0230214449696347,0,877670.0,13636.0,253429.0,0.1429,0.0865,163.72,38.303333333333335,21921.6085,0.7436965160664968,-1.0652708162494766,1
SOCOPA - PRUDENCIAL,2017-09-01,790126.0,16957.0,284844.0,0.1801,0.078,166.12,0.5911447296000016,36.16333333333333,0.0199218858202337,0,867484.0,10875.0,185958.0,0.1592,0.0948,162.92,39.71333333333333,17628.8184,0.7499557904288598,-1.0983765177854232,1
SOCOPA - PRUDENCIAL,2017-12-01,836048.0,13956.0,284844.0,0.185,0.0935,167.13,1.144261174399985,33.526666666666664,0.0199536910204532,0,713123.0,32504.0,185958.0,0.1873,0.0921,162.73,40.38,17126.7318,0.7753868946182533,-1.2389827327258578,1
SOCOPA - PRUDENCIAL,2018-03-01,892353.0,36310.0,443466.0,0.1611,0.1193,167.98,0.7014778351999817,33.15,0.0336544675108382,0,729590.0,9833.0,335089.0,0.1741,0.1022,164.34,41.17333333333333,34246.0958,0.7902350710601406,-1.3263429412902688,1
SOCOPA - PRUDENCIAL,2018-06-01,882531.0,12393.0,443466.0,0.1707999999999999,0.0917,167.89,1.8887030879999989,30.82333333333333,0.0311163830460484,0,743291.0,8780.0,335089.0,0.1808,0.0755,165.65,36.63666666666666,25299.2195,0.7499937972407577,-1.098579207159083,1
SOCOPA - PRUDENCIAL,2018-09-01,816645.0,23559.0,500363.0,0.1755,0.1013,169.35,0.7208535743999933,28.546666666666667,0.0358632685920791,0,790126.0,16957.0,284844.0,0.1801,0.078,166.12,36.16333333333333,22217.832,0.7370045554994094,-1.0304573621917337,1
SOCOPA - PRUDENCIAL,2018-12-01,944296.0,35184.0,500363.0,0.1394999999999999,0.0888,169.09,0.3894135824999978,28.71666666666667,0.0171202910767601,0,836048.0,13956.0,284844.0,0.185,0.0935,167.13,33.526666666666664,26632.914,0.6818500200557601,-0.7622868147631612,1
SOCOPA - PRUDENCIAL,2019-03-01,907271.0,16891.0,611982.0,0.141,0.0919,169.51,1.507011320000018,30.386666666666667,0.0243230375828107,0,892353.0,36310.0,443466.0,0.1611,0.1193,167.98,33.15,52905.493800000004,0.6679408452550698,-0.6988864843194645,1
SOCOPA - PRUDENCIAL,2019-06-01,739768.0,43436.0,611982.0,0.156,0.1352,170.58,0.710811074100004,30.69666666666667,0.0519892927918137,0,882531.0,12393.0,443466.0,0.1707999999999999,0.0917,167.89,30.82333333333333,40665.832200000004,0.646445409263432,-0.6034508512816791,1
SOCOPA - PRUDENCIAL,2019-09-01,731210.0,90054.0,660085.0,0.1424,0.1578999999999999,170.5,0.2600889164000142,30.59,0.0583008070710317,0,816645.0,23559.0,500363.0,0.1755,0.1013,169.35,28.546666666666667,50686.7719,0.619361533740693,-0.48683914572195564,1
SOFISA - PRUDENCIAL,2017-03-01,2790300.0,9776.0,269187.0,0.2021,0.1601,164.34,0.9630321349999972,41.17333333333333,0.0216016305395594,0,2335523.0,23891.0,228815.0,0.2349,0.1898999999999999,163.26,35.07,43451.96849999998,0.38249696300166197,0.478963273497779,0
SOFISA - PRUDENCIAL,2017-06-01,2686242.0,259701.0,269187.0,0.1901,0.1567,165.65,0.2193980018000196,36.63666666666666,0.0193851121194725,0,2377022.0,9603.0,228815.0,0.2352,0.2044,163.72,38.303333333333335,46769.786,0.42330542101010793,0.30921884670942873,0
SOFISA - PRUDENCIAL,2017-09-01,2626796.0,24554.0,280695.0,0.2202,0.1599,166.12,0.5911447296000016,36.16333333333333,0.0172071992183246,0,2690768.0,33976.0,250985.0,0.2212,0.1946999999999999,162.92,39.71333333333333,48866.779499999975,0.41906037433264953,0.32663183608253854,0
SOFISA - PRUDENCIAL,2017-12-01,2797778.0,38883.0,280695.0,0.1841,0.1452,167.13,1.144261174399985,33.526666666666664,0.0157553806376218,0,2883655.0,26517.0,250985.0,0.2027,0.1679,162.73,40.38,42140.381499999996,0.43130660259214815,0.27652223232699646,0
SOFISA - PRUDENCIAL,2018-03-01,2846954.0,25636.0,308435.0,0.1817,0.1393,167.98,0.7014778351999817,33.15,0.0133189990041908,0,2790300.0,9776.0,269187.0,0.2021,0.1601,164.34,41.17333333333333,43096.8387,0.47636264150409263,0.09461996491718254,0
SOFISA - PRUDENCIAL,2018-06-01,2881222.0,42135.0,308435.0,0.1868,0.1252,167.89,1.8887030879999989,30.82333333333333,0.0184185511823976,0,2686242.0,259701.0,269187.0,0.1901,0.1567,165.65,36.63666666666666,42181.6029,0.4495846840589767,0.20234888104727514,0
SOFISA - PRUDENCIAL,2018-09-01,3110274.0,36444.0,323173.0,0.1779,0.1271,169.35,0.7208535743999933,28.546666666666667,0.0183282427281378,0,2626796.0,24554.0,280695.0,0.2202,0.1599,166.12,36.16333333333333,44883.1305,0.41567902710779947,0.34053705013932634,0
SOFISA - PRUDENCIAL,2018-12-01,3130317.0,617574.0,323173.0,0.1399,0.1093,169.09,0.3894135824999978,28.71666666666667,0.0157983715115778,0,2797778.0,38883.0,280695.0,0.1841,0.1452,167.13,33.526666666666664,40756.914,0.3703770328373527,0.530599681100745,0
SOFISA - PRUDENCIAL,2019-03-01,3244538.0,369754.0,362925.0,0.1476,0.1114,169.51,1.507011320000018,30.386666666666667,0.0158014759578345,0,2846954.0,25636.0,308435.0,0.1817,0.1393,167.98,33.15,42964.995500000005,0.3683917511343252,0.5391224296504521,0
SOFISA - PRUDENCIAL,2019-06-01,3454295.0,323116.0,362925.0,0.1466,0.1083,170.58,0.710811074100004,30.69666666666667,0.0136505244735346,0,2881222.0,42135.0,308435.0,0.1868,0.1252,167.89,30.82333333333333,38616.062000000005,0.3364653732980658,0.679085799248667,0
SOFISA - PRUDENCIAL,2019-09-01,3821849.0,361606.0,375109.0,0.1379,0.1104,170.5,0.2600889164000142,30.59,0.0159555714158735,0,3110274.0,36444.0,323173.0,0.1779,0.1271,169.35,28.546666666666667,41075.2883,0.279295377545104,0.9479594532178132,0
SOFISA - PRUDENCIAL,2019-12-01,3962637.0,68607.0,375109.0,0.1465,0.1092,171.91,1.767530865000011,29.096666666666664,0.0198741397655622,0,3130317.0,617574.0,323173.0,0.1399,0.1093,169.09,28.71666666666667,35322.808899999996,0.363252416055947,0.5612753660047373,0
SOFISA - PRUDENCIAL,2020-03-01,4268992.0,171418.0,380164.0,0.1272,0.1177999999999999,168.09,0.5308473674999981,28.24,0.0207610715177803,0,3244538.0,369754.0,362925.0,0.1476,0.1114,169.51,30.386666666666667,40429.845,0.35057744246651673,0.6165019645627081,0
SOFISA - PRUDENCIAL,2020-06-01,3951208.0,52793.0,380164.0,0.1632999999999999,0.1231,153.27,-0.4306129372000034,24.44333333333333,0.0243362855770522,0,3454295.0,323116.0,362925.0,0.1466,0.1083,170.58,30.69666666666667,39304.7775,0.3323508186859907,0.6975717642493523,0
SOFISA - PRUDENCIAL,2020-09-01,4249113.0,67766.0,398989.0,0.1604,0.109,165.34,1.2447095295999857,21.71666666666667,0.0191199632514936,0,3821849.0,361606.0,375109.0,0.1379,0.1104,170.5,30.59,41412.0336,0.29033401653791946,0.8937623722991489,0
SOFISA - PRUDENCIAL,2020-12-01,4225953.0,15130.0,398989.0,0.168,0.0956,171.47,3.131382328999988,20.72,0.0097241468445297,0,3962637.0,68607.0,375109.0,0.1465,0.1092,171.91,29.096666666666664,40961.9028,0.23025777814134085,1.206856226268561,0
SOFISA - PRUDENCIAL,2021-03-01,4481086.0,39978.0,436552.0,0.16,0.1013,173.12,2.052492994999988,22.403333333333336,0.0102216445625893,0,4268992.0,171418.0,380164.0,0.1272,0.1177999999999999,168.09,28.24,44783.31919999996,0.1821224432764531,1.5020334132369533,0
SOFISA - PRUDENCIAL,2021-06-01,4904281.0,38539.0,436552.0,0.1533,0.1028999999999999,172.06,1.6786286369000036,21.46333333333333,0.0115673150848727,0,3951208.0,52793.0,380164.0,0.1632999999999999,0.1231,153.27,24.44333333333333,46798.1884,0.11217948099956224,2.06866950686096,0
SOFISA - PRUDENCIAL,2021-09-01,5325166.0,13079.0,487930.0,0.1467,0.0932,172.27,3.0196768831999954,21.08666666666667,0.0147892627583473,0,4249113.0,67766.0,398989.0,0.1604,0.109,165.34,21.71666666666667,43489.801,0.1100307141403963,2.0904274056968815,0
SOFISA - PRUDENCIAL,2021-12-01,5714983.0,61744.0,487930.0,0.125,0.0898,174.3,2.958021687500012,22.62,0.0142594816913855,0,4225953.0,15130.0,398989.0,0.168,0.0956,171.47,20.72,38143.3484,0.12020473375537549,1.9904928248735974,0
SOFISA - PRUDENCIAL,2022-03-01,5405568.0,24220.0,463806.0,0.1377,0.0911999999999999,175.72,3.2006523548000043,24.72,0.0160787032826887,0,4481086.0,39978.0,436552.0,0.16,0.1013,173.12,22.403333333333336,44222.7176,0.12366375011318372,1.9581836746320946,0
SOFISA - PRUDENCIAL,2022-06-01,6200390.0,19323.0,463806.0,0.1264,0.0853999999999999,177.81,2.215266379399994,25.546666666666667,0.0168739423186273,0,4904281.0,38539.0,436552.0,0.1533,0.1028999999999999,172.06,21.46333333333333,44921.200799999955,0.09141153956711268,2.296520529012373,0
SOFISA - PRUDENCIAL,2022-09-01,6452998.0,64527.0,465523.0,0.1281,0.0911,179.54,-1.3245430992000151,27.44,0.0173642959788548,0,5325166.0,13079.0,487930.0,0.1467,0.0932,172.27,21.08666666666667,45475.076,0.07455628463425129,2.518718976305664,0
SOFISA - PRUDENCIAL,2022-12-01,6953856.0,41326.0,465523.0,0.1247,0.0861,180.33,1.6286339977999995,29.036666666666665,0.0189959624242553,0,5714983.0,61744.0,487930.0,0.125,0.0898,174.3,22.62,43816.114,0.07423295864753268,2.5234143897144383,0
SOFISA - PRUDENCIAL,2023-03-01,6995396.0,46645.0,491751.0,0.127,0.0883999999999999,182.74,2.094210609200031,30.19,0.0208554442198647,0,5405568.0,24220.0,463806.0,0.1377,0.0911999999999999,175.72,24.72,42299.107199999955,0.10046377134572887,2.192082150739772,0
SOFISA - PRUDENCIAL,2023-06-01,7113144.0,74479.0,491751.0,0.1276,0.0847,184.28,0.760729877599986,32.02333333333333,0.0236064088288986,0,6200390.0,19323.0,463806.0,0.1264,0.0853999999999999,177.81,25.546666666666667,39609.03239999996,0.07568300990815673,2.502501380320765,0
SOFISA - PRUDENCIAL,2023-09-01,7095761.0,18171.0,471368.0,0.1311999999999999,0.0816,184.44,0.6111867176000096,31.51333333333333,0.037031150625518,0,6452998.0,64527.0,465523.0,0.1281,0.0911,179.54,27.44,42409.145300000004,0.07907437734400397,2.4549903810284532,0
SOFISA - PRUDENCIAL,2023-12-01,7898042.0,32766.0,471368.0,0.1211999999999999,0.0753,185.03,1.083587763199989,30.41333333333333,0.0358342532589842,0,6953856.0,41326.0,465523.0,0.1247,0.0861,180.33,29.036666666666665,40081.5303,0.0698772992375631,2.5885756779119284,0
SOFISA - PRUDENCIAL,2024-03-01,7994576.0,179279.0,508465.0,0.1177999999999999,0.075,186.65,1.415491577599992,29.896666666666665,0.0430461812288207,0,6995396.0,46645.0,491751.0,0.127,0.0883999999999999,182.74,30.19,43470.78839999995,0.07830074991441231,2.4656617970849704,0
SOFISA - PRUDENCIAL,2024-06-01,8075703.0,28695.0,508465.0,0.1206,0.0742,189.49,1.053515670799987,29.07333333333333,0.0331617645459905,0,7113144.0,74479.0,491751.0,0.1276,0.0847,184.28,32.02333333333333,41651.3097,0.08884284311202219,2.327846391670812,0
SOFISA - PRUDENCIAL,2024-09-01,8234427.0,55999.0,537508.0,0.1217999999999999,0.0735,190.99,0.8015076655999875,28.473333333333333,0.0344390750353099,0,7095761.0,18171.0,471368.0,0.1311999999999999,0.0816,184.44,31.51333333333333,38463.628800000006,0.08478318796178853,2.3790637223879556,0
SOFISA - PRUDENCIAL,2024-12-01,8399338.0,22803.0,537508.0,0.1206,0.0693,191.11,1.47713535680003,27.96,0.0334725854722639,0,7898042.0,32766.0,471368.0,0.1211999999999999,0.0753,185.03,30.41333333333333,35494.0104,0.05385735776575459,2.8660543136631995,0
SOFISA - PRUDENCIAL,2025-03-01,0.0,0.0,0.0,0.0,0.0,193.61,2.040339737600028,29.313333333333333,0.1759457162589536,1,7994576.0,179279.0,508465.0,0.1177999999999999,0.075,186.65,29.896666666666665,38134.875,0.05554140140919051,2.833483137888148,0
SOFISA - PRUDENCIAL,2025-06-01,0.0,0.0,0.0,0.0,0.0,194.33,0.9327766831999762,31.666666666666668,0.084332346101559,0,8075703.0,28695.0,508465.0,0.1206,0.0742,189.49,29.07333333333333,37728.103,0.049650778173562435,2.9518154555214515,0
SOROCRED CFI S.A. - PRUDENCIAL,2017-03-01,351790.0,0.0,47167.0,0.1192,0.0,164.34,0.9630321349999972,41.17333333333333,0.2071938710225313,1,339312.0,0.0,32093.0,0.126,0.0,163.26,35.07,0.0,0.8083733616644553,-1.4394751456887807,1
SOROCRED CFI S.A. - PRUDENCIAL,2017-06-01,353413.0,0.0,47167.0,0.1339,0.0,165.65,0.2193980018000196,36.63666666666666,0.2360263728118889,1,339369.0,0.0,32093.0,0.1196,0.0,163.72,38.303333333333335,0.0,0.8457562469288977,-1.701697030007898,1
SOROCRED CFI S.A. - PRUDENCIAL,2017-09-01,370682.0,0.0,57324.0,0.1261,0.0,166.12,0.5911447296000016,36.16333333333333,0.2329800727485413,1,337404.0,0.0,33679.0,0.1199,0.0,162.92,39.71333333333333,0.0,0.8571372099584676,-1.7917133506151663,1
SOROCRED CFI S.A. - PRUDENCIAL,2017-12-01,343285.0,0.0,57324.0,0.1406,0.0,167.13,1.144261174399985,33.526666666666664,0.1607780597992427,0,335963.0,0.0,33679.0,0.1324,0.0,162.73,40.38,0.0,0.8620386236145291,-1.8323263111940313,1
SOROCRED CFI S.A. - PRUDENCIAL,2018-03-01,337744.0,0.0,63622.0,0.1198,0.0,167.98,0.7014778351999817,33.15,0.2095328972235512,1,351790.0,0.0,47167.0,0.1192,0.0,164.34,41.17333333333333,0.0,0.8733181785882217,-1.930621354765247,1
SOROCRED CFI S.A. - PRUDENCIAL,2018-06-01,350314.0,0.0,63622.0,0.11,0.0,167.89,1.8887030879999989,30.82333333333333,0.1744324280419825,1,353413.0,0.0,47167.0,0.1339,0.0,165.65,36.63666666666666,0.0,0.832760289906488,-1.6053176599257746,1
SOROCRED CFI S.A. - PRUDENCIAL,2018-09-01,342801.0,0.0,72494.0,0.1014,0.0,169.35,0.7208535743999933,28.546666666666667,0.2414889227044428,1,370682.0,0.0,57324.0,0.1261,0.0,166.12,36.16333333333333,0.0,0.8285498433262424,-1.5753844026740793,1
SOROCRED CFI S.A. - PRUDENCIAL,2018-12-01,345018.0,0.0,72494.0,0.1286999999999999,0.0,169.09,0.3894135824999978,28.71666666666667,0.1435302678774432,0,343285.0,0.0,57324.0,0.1406,0.0,167.13,33.526666666666664,0.0,0.8029739496744728,-1.4049863165101208,1
SOROCRED CFI S.A. - PRUDENCIAL,2019-03-01,338486.0,0.0,87556.0,0.1268999999999999,0.0,169.51,1.507011320000018,30.386666666666667,0.1848465175768575,1,337744.0,0.0,63622.0,0.1198,0.0,167.98,33.15,0.0,0.8039489549620639,-1.4111607186097124,1
SOROCRED CFI S.A. - PRUDENCIAL,2019-06-01,346915.0,0.0,87556.0,0.1241,0.0,170.58,0.710811074100004,30.69666666666667,0.1288546677138129,0,350314.0,0.0,63622.0,0.11,0.0,167.89,30.82333333333333,0.0,0.773628159566366,-1.2289123848321226,1
SOROCRED CFI S.A. - PRUDENCIAL,2019-09-01,364763.0,0.0,98532.0,0.1173,0.0,170.5,0.2600889164000142,30.59,0.1774489727529771,1,342801.0,0.0,72494.0,0.1014,0.0,169.35,28.546666666666667,0.0,0.7500155335114757,-1.0986951353785444,1
SOROCRED CFI S.A. - PRUDENCIAL,2019-12-01,395109.0,0.0,98532.0,0.1275,0.0,171.91,1.767530865000011,29.096666666666664,0.1041346949151978,0,345018.0,0.0,72494.0,0.1286999999999999,0.0,169.09,28.71666666666667,0.0,0.7482892814331785,-1.0895091567705786,1
SOROCRED CFI S.A. - PRUDENCIAL,2020-03-01,405791.0,0.0,104555.0,0.128,0.0,168.09,0.5308473674999981,28.24,0.1672584050151129,0,338486.0,0.0,87556.0,0.1268999999999999,0.0,169.51,30.386666666666667,0.0,0.774362802749231,-1.2331121132624179,1
SOROCRED CFI S.A. - PRUDENCIAL,2020-06-01,379643.0,0.0,104555.0,0.1175,0.0,153.27,-0.4306129372000034,24.44333333333333,0.1635285209276616,0,346915.0,0.0,87556.0,0.1241,0.0,170.58,30.69666666666667,0.0,0.78230994460674,-1.2791787232903713,1
SOROCRED CFI S.A. - PRUDENCIAL,2020-09-01,428149.0,0.0,105891.0,0.1003,0.0,165.34,1.2447095295999857,21.71666666666667,0.1693777577911696,1,364763.0,0.0,98532.0,0.1173,0.0,170.5,30.59,0.0,0.7796117995967511,-1.2634055638597805,1
SOROCRED CFI S.A. - PRUDENCIAL,2020-12-01,594789.0,0.0,105891.0,0.0941,0.0,171.47,3.131382328999988,20.72,0.0660177035550158,0,395109.0,0.0,98532.0,0.1275,0.0,171.91,29.096666666666664,0.0,0.7613339410965902,-1.1600067481812673,1
STARK SCD - PRUDENCIAL,2024-09-01,60352.0,0.0,6324.0,0.0,0.0,190.99,0.8015076655999875,28.473333333333333,0.0,0,235946.0,0.0,23703.0,0.0,0.0,184.44,31.51333333333333,0.0,0.8579262609581487,-1.798171940307081,1
STARK SCD - PRUDENCIAL,2024-12-01,766346.0,0.0,77881.0,0.0,0.0,191.11,1.47713535680003,27.96,0.0,0,262885.0,0.0,26549.0,0.0,0.0,185.03,30.41333333333333,0.0,0.8472196335274178,-1.7129585911664933,1
STELLANTIS - PRUDENCIAL,2024-12-01,14358731.0,0.0,1286461.0,0.1787,0.1229,191.11,1.47713535680003,27.96,0.0052880272807944,0,9243197.0,0.0,997165.0,0.1631,0.1144,185.03,30.41333333333333,114075.676,0.025821127967083902,3.6304018634814486,0
STELLANTIS - PRUDENCIAL,2025-03-01,15090740.0,0.0,837736.0,0.1825,0.1202999999999999,193.61,2.040339737600028,29.313333333333333,0.0047523610770092,0,9728886.0,0.0,1238683.0,0.1782,0.126,186.65,29.896666666666665,156074.058,0.020715977465944543,3.8559164547052625,0
STELLANTIS - PRUDENCIAL,2025-06-01,16653477.0,0.0,837736.0,0.1803,0.1295,194.33,0.9327766831999762,31.666666666666668,0.0056916986936108,0,11960227.0,0.0,1238683.0,0.1705,0.1301,189.49,29.07333333333333,161152.65829999998,0.005999000090314445,5.110145408976157,0
STELLANTIS - PRUDENCIAL,2025-09-01,19668498.0,0.0,973275.0,0.1607999999999999,0.1139,,0.6304326271999727,31.94666666666667,0.0050277149251426,0,12926084.0,0.0,1286461.0,0.1651999999999999,0.126,190.99,28.473333333333333,162094.086,0.0035490892005745197,5.637508869572675,0
STONE IP - PRUDENCIAL,2024-12-01,4109905.0,154295.0,611508.0,0.1411,0.0,191.11,1.47713535680003,27.96,0.0921358986580792,0,3694008.0,42373.0,1122583.0,0.1057,0.0,185.03,30.41333333333333,0.0,0.45377858098469254,0.18541505106385833,0
STONE IP - PRUDENCIAL,2025-03-01,4712607.0,404225.0,1406160.0,0.1441,0.0,193.61,2.040339737600028,29.313333333333333,0.0011291384392297,0,3464547.0,29571.0,816464.0,0.1116,0.0,186.65,29.896666666666665,0.0,0.4785026982570755,0.08604225072050864,0
STONE IP - PRUDENCIAL,2025-06-01,4952459.0,73659.0,1406160.0,0.1531,0.0,194.33,0.9327766831999762,31.666666666666668,0.001965339714522,0,3821540.0,29851.0,816464.0,0.1061999999999999,0.0,189.49,29.07333333333333,0.0,0.4306403601001565,0.2792389802516518,0
STONE IP - PRUDENCIAL,2025-09-01,4804921.0,63119.0,1301061.0,0.1485999999999999,0.0,,0.6304326271999727,31.94666666666667,0.0025045085749991,0,3819791.0,77075.0,611508.0,0.1195,0.0,190.99,28.473333333333333,0.0,0.4295437504913732,0.2837128785473151,0
SUMUP IP - PRUDENCIAL,2024-09-01,264452.0,367659.0,145502.0,0.2725,0.0,190.99,0.8015076655999875,28.473333333333333,0.1637661356450062,0,249735.0,411352.0,103218.0,0.1953,0.0,184.44,31.51333333333333,0.0,0.8703736656470727,-1.9042666589678257,1
SUMUP IP - PRUDENCIAL,2024-12-01,253875.0,432548.0,145502.0,0.2359,0.0,191.11,1.47713535680003,27.96,0.2596514686013949,1,294387.0,357895.0,103218.0,0.2221,0.0,185.03,30.41333333333333,0.0,0.8540263064555492,-1.7665355721698441,1
TRINUS CAPITAL DTVM - PRUDENCIAL,2023-12-01,1051.0,0.0,2345.0,1.6363,0.0,185.03,1.083587763199989,30.41333333333333,0.0,0,12803.0,0.0,216.0,0.2147,0.0,174.3,22.62,0.0,0.7073592715181601,-0.8825930258914069,1
TRINUS CAPITAL DTVM - PRUDENCIAL,2024-09-01,911.0,0.0,6984.0,0.7874,0.0,190.99,0.8015076655999875,28.473333333333333,0.0,0,3015.0,0.0,562.0,1.7196,0.0,180.33,29.036666666666665,0.0,0.6704189049237079,-0.7100803087165112,1
TRINUS CAPITAL DTVM - PRUDENCIAL,2024-12-01,1082.0,0.0,6984.0,0.7026,0.0,191.11,1.47713535680003,27.96,0.0,0,3399.0,0.0,683.0,1.9846,0.0,184.28,32.02333333333333,0.0,0.708840407858727,-0.8897588627096107,1
TULLETT PREBON BRASIL S.A. CTVM - PRUDENCIAL,2018-12-01,222900.0,0.0,117294.0,0.2151,0.0,169.09,0.3894135824999978,28.71666666666667,0.0003107509534484,0,111415.0,0.0,69438.0,0.4164,0.0,167.13,33.526666666666664,0.0,0.8001312422876141,-1.387114826862915,1
TULLETT PREBON BRASIL S.A. CTVM - PRUDENCIAL,2019-03-01,247725.0,0.0,143303.0,0.1827,0.0,169.51,1.507011320000018,30.386666666666667,0.0003155521940121,0,136047.0,0.0,96473.0,0.3103,0.0,167.98,33.15,0.0,0.8059203972396071,-1.4237165759731614,1
TULLETT PREBON BRASIL S.A. CTVM - PRUDENCIAL,2019-06-01,52495.0,0.0,143303.0,0.3775,0.0,170.58,0.710811074100004,30.69666666666667,4.588962733445782e-05,0,171039.0,0.0,96473.0,0.2885,0.0,167.89,30.82333333333333,0.0,0.7747512046721472,-1.2353364028218459,1
TULLETT PREBON BRASIL S.A. CTVM - PRUDENCIAL,2019-09-01,46864.0,0.0,169268.0,0.35,0.0,170.5,0.2600889164000142,30.59,0.000879485752369,0,190148.0,0.0,117294.0,0.2441,0.0,169.35,28.546666666666667,0.0,0.752172691603358,-1.1102337737725914,1
TULLETT PREBON BRASIL S.A. CTVM - PRUDENCIAL,2019-12-01,56735.0,0.0,169268.0,0.33,0.0,171.91,1.767530865000011,29.096666666666664,0.0007759176155675,0,222900.0,0.0,117294.0,0.2151,0.0,169.09,28.71666666666667,0.0,0.7529306555284607,-1.1143040881485673,1
TULLETT PREBON BRASIL S.A. CTVM - PRUDENCIAL,2020-03-01,57633.0,0.0,194062.0,0.3063,0.0,168.09,0.5308473674999981,28.24,0.0129970763004933,0,247725.0,0.0,143303.0,0.1827,0.0,169.51,30.386666666666667,0.0,0.7785924293914137,-1.257482497369481,1
TULLETT PREBON BRASIL S.A. CTVM - PRUDENCIAL,2020-06-01,62091.0,0.0,194062.0,0.2921,0.0,153.27,-0.4306129372000034,24.44333333333333,0.0024030807724683,0,52495.0,0.0,143303.0,0.3775,0.0,170.58,30.69666666666667,0.0,0.7877361318360206,-1.3113330133588628,1
TULLETT PREBON BRASIL S.A. CTVM - PRUDENCIAL,2020-09-01,62805.0,0.0,230166.0,0.2751,0.0,165.34,1.2447095295999857,21.71666666666667,0.000105208755798,0,46864.0,0.0,169268.0,0.35,0.0,170.5,30.59,0.0,0.789331112495506,-1.3208982459208196,1
TULLETT PREBON BRASIL S.A. CTVM - PRUDENCIAL,2020-12-01,62320.0,0.0,230166.0,0.255,0.0,171.47,3.131382328999988,20.72,2.722850690137894e-05,0,56735.0,0.0,169268.0,0.33,0.0,171.91,29.096666666666664,0.0,0.7764946698755713,-1.2453545156228856,1
TULLETT PREBON BRASIL S.A. CTVM - PRUDENCIAL,2021-03-01,70591.0,0.0,247334.0,0.2788,0.0,173.12,2.052492994999988,22.403333333333336,6.264778517611984e-05,0,57633.0,0.0,194062.0,0.3063,0.0,168.09,28.24,0.0,0.7507044442031883,-1.102372860596123,1
TULLETT PREBON BRASIL S.A. CTVM - PRUDENCIAL,2021-06-01,69312.0,0.0,247334.0,0.236,0.0,172.06,1.6786286369000036,21.46333333333333,1.980286813500652e-05,0,62091.0,0.0,194062.0,0.2921,0.0,153.27,24.44333333333333,0.0,0.6136891149099156,-0.46284602506230854,1
TULLETT PREBON BRASIL S.A. CTVM - PRUDENCIAL,2021-09-01,76171.0,0.0,270840.0,0.2362999999999999,0.0,172.27,3.0196768831999954,21.08666666666667,0.0017425856400141,0,62805.0,0.0,230166.0,0.2751,0.0,165.34,21.71666666666667,0.0,0.6348233778905583,-0.5529656821423662,1
TULLETT PREBON BRASIL S.A. CTVM - PRUDENCIAL,2021-12-01,73977.0,0.0,270840.0,0.2537999999999999,0.0,174.3,2.958021687500012,22.62,3.005706977808652e-05,0,62320.0,0.0,230166.0,0.255,0.0,171.47,20.72,0.0,0.6534010244189217,-0.6340226450512187,1
TULLETT PREBON BRASIL S.A. CTVM - PRUDENCIAL,2022-03-01,69298.0,0.0,297402.0,0.2423999999999999,0.0,175.72,3.2006523548000043,24.72,0.0022160707985729,0,70591.0,0.0,247334.0,0.2788,0.0,173.12,22.403333333333336,0.0,0.6869630252212304,-0.7859591559689114,1
TULLETT PREBON BRASIL S.A. CTVM - PRUDENCIAL,2022-06-01,75606.0,0.0,297402.0,0.2458,0.0,177.81,2.215266379399994,25.546666666666667,0.0043234491210241,0,69312.0,0.0,247334.0,0.236,0.0,172.06,21.46333333333333,0.0,0.6709486613240662,-0.7124788398469181,1
TULLETT PREBON BRASIL S.A. CTVM - PRUDENCIAL,2022-09-01,75986.0,0.0,320239.0,0.2404,0.0,179.54,-1.3245430992000151,27.44,0.0046993285710069,0,76171.0,0.0,270840.0,0.2362999999999999,0.0,172.27,21.08666666666667,0.0,0.6650890752907224,-0.6860563791145209,1
TULLETT PREBON BRASIL S.A. CTVM - PRUDENCIAL,2022-12-01,65717.0,0.0,320239.0,0.2395,0.0,180.33,1.6286339977999995,29.036666666666665,0.0760881773365989,0,73977.0,0.0,270840.0,0.2537999999999999,0.0,174.3,22.62,0.0,0.6992645656327737,-0.8437982392473683,1
TULLETT PREBON BRASIL S.A. CTVM - PRUDENCIAL,2023-03-01,74245.0,0.0,339413.0,0.2332,0.0,182.74,2.094210609200031,30.19,0.006448587032723,0,69298.0,0.0,297402.0,0.2423999999999999,0.0,175.72,24.72,0.0,0.7405993358080492,-1.0490859388917524,1
TULLETT PREBON BRASIL S.A. CTVM - PRUDENCIAL,2023-06-01,73076.0,0.0,339413.0,0.2427,0.0,184.28,0.760729877599986,32.02333333333333,0.0040803805794858,0,75606.0,0.0,297402.0,0.2458,0.0,177.81,25.546666666666667,0.0,0.7607757352926988,-1.1569371586146755,1
TULLETT PREBON BRASIL S.A. CTVM - PRUDENCIAL,2023-09-01,51270.0,0.0,360325.0,0.2491,0.0,184.44,0.6111867176000096,31.51333333333333,0.0003150250366442,0,75986.0,0.0,320239.0,0.2404,0.0,179.54,27.44,0.0,0.7937142043454918,-1.34746088697323,1
TULLETT PREBON BRASIL S.A. CTVM - PRUDENCIAL,2023-12-01,55679.0,0.0,360325.0,0.2515,0.0,185.03,1.083587763199989,30.41333333333333,0.0046278559387163,0,65717.0,0.0,320239.0,0.2395,0.0,180.33,29.036666666666665,0.0,0.8168210984655996,-1.4949568172985834,1
TULLETT PREBON BRASIL S.A. CTVM - PRUDENCIAL,2024-03-01,50929.0,0.0,372581.0,0.2351,0.0,186.65,1.415491577599992,29.896666666666665,0.0006594190509929,0,74245.0,0.0,339413.0,0.2332,0.0,182.74,30.19,0.0,0.8376256605023655,-1.6406668869955081,1
TULLETT PREBON BRASIL S.A. CTVM - PRUDENCIAL,2024-06-01,51645.0,0.0,372581.0,0.2512,0.0,189.49,1.053515670799987,29.07333333333333,0.001833870087643,0,73076.0,0.0,339413.0,0.2427,0.0,184.28,32.02333333333333,0.0,0.8597790557805436,-1.813456092044708,1
TULLETT PREBON BRASIL S.A. CTVM - PRUDENCIAL,2024-09-01,51024.0,0.0,371754.0,0.2532999999999999,0.0,190.99,0.8015076655999875,28.473333333333333,0.0126308591966671,0,51270.0,0.0,360325.0,0.2491,0.0,184.44,31.51333333333333,0.0,0.8567182937572234,-1.7882964856616415,1
TULLETT PREBON BRASIL S.A. CTVM - PRUDENCIAL,2024-12-01,44920.0,0.0,371754.0,0.2591,0.0,191.11,1.47713535680003,27.96,0.0327977196279174,0,55679.0,0.0,360325.0,0.2515,0.0,185.03,30.41333333333333,0.0,0.8473919380409105,-1.7142903756159542,1
TULLETT PREBON BRASIL S.A. CTVM - PRUDENCIAL,2025-03-01,43787.0,0.0,484010.0,0.2079,0.0,193.61,2.040339737600028,29.313333333333333,0.0,0,50929.0,0.0,372581.0,0.2351,0.0,186.65,29.896666666666665,0.0,0.8488560661046812,-1.7256570504230397,1
TULLETT PREBON BRASIL S.A. CTVM - PRUDENCIAL,2025-06-01,45951.0,0.0,484010.0,0.2157,0.0,194.33,0.9327766831999762,31.666666666666668,0.0,0,51645.0,0.0,372581.0,0.2512,0.0,189.49,29.07333333333333,0.0,0.8482867495483694,-1.7212264970677773,1
TULLETT PREBON BRASIL S.A. CTVM - PRUDENCIAL,2025-09-01,48760.0,0.0,476422.0,0.2192,0.0,,0.6304326271999727,31.94666666666667,0.0,0,51024.0,0.0,371754.0,0.2532999999999999,0.0,190.99,28.473333333333333,0.0,0.8468626341557504,-1.71020316700131,1
UBS (BRASIL) - PRUDENCIAL,2025-09-01,4668954.0,89767.0,5487253.0,0.4365,0.2092999999999999,,0.6304326271999727,31.94666666666667,0.0,0,6607747.0,169434.0,5235127.0,0.2975,0.1888,190.99,28.473333333333333,988391.9776,0.4388995327859859,0.245629443427617,0
VOLKSWAGEN - PRUDENCIAL,2017-03-01,13119788.0,0.0,1295333.0,0.1891,0.165,164.34,0.9630321349999972,41.17333333333333,0.0786930083588552,0,16554762.0,0.0,1297735.0,0.1445,0.1175,163.26,35.07,152483.8625,0.0004065017724607162,7.807515684372287,0
VOLKSWAGEN - PRUDENCIAL,2017-06-01,12771822.0,0.0,1295333.0,0.2025,0.1780999999999999,165.65,0.2193980018000196,36.63666666666666,0.0774990880238298,0,15501391.0,0.0,1297735.0,0.1551,0.1305,163.72,38.303333333333335,169354.4175,0.0009272398873982118,6.982370577728242,0
VOLKSWAGEN - PRUDENCIAL,2017-09-01,12185380.0,0.0,1220068.0,0.22,0.1921,166.12,0.5911447296000016,36.16333333333333,0.0742058481648126,0,14550380.0,0.0,1236905.0,0.1678,0.1364,162.92,39.71333333333333,168713.842,0.0016640337099629594,6.3968452587454,0
VOLKSWAGEN - PRUDENCIAL,2017-12-01,12419632.0,0.0,1220068.0,0.1919,0.1714,167.13,1.144261174399985,33.526666666666664,0.0710320127499584,0,13929065.0,0.0,1236905.0,0.1727,0.1488,162.73,40.38,184051.46399999998,0.0024122590742594917,6.024776422171561,0
VOLKSWAGEN - PRUDENCIAL,2018-03-01,12166322.0,0.0,1210813.0,0.2080999999999999,0.1834,167.98,0.7014778351999817,33.15,0.0673552978847776,0,13119788.0,0.0,1295333.0,0.1891,0.165,164.34,41.17333333333333,213729.945,0.004144702962595833,5.4817708386292345,0
VOLKSWAGEN - PRUDENCIAL,2018-06-01,12532366.0,0.0,1210813.0,0.2112,0.1844,167.89,1.8887030879999989,30.82333333333333,0.0638800148824379,0,12771822.0,0.0,1295333.0,0.2025,0.1780999999999999,165.65,36.63666666666666,230698.80729999987,0.0035734016489127364,5.630657492625531,0
VOLKSWAGEN - PRUDENCIAL,2018-09-01,13171147.0,0.0,1143236.0,0.2125,0.1867,169.35,0.7208535743999933,28.546666666666667,0.0542135026905124,0,12185380.0,0.0,1220068.0,0.22,0.1921,166.12,36.16333333333333,234375.06279999999,0.004519754656471596,5.394767566624275,0
VOLKSWAGEN - PRUDENCIAL,2018-12-01,13669540.0,0.0,1143236.0,0.1698,0.1483,169.09,0.3894135824999978,28.71666666666667,0.0502078870279237,0,12419632.0,0.0,1220068.0,0.1919,0.1714,167.13,33.526666666666664,209119.6552,0.0034960299611096948,5.65262509586006,0
VOLKSWAGEN - PRUDENCIAL,2019-03-01,13730568.0,0.0,1180354.0,0.1789,0.1555,169.51,1.507011320000018,30.386666666666667,0.0456539416622995,0,12166322.0,0.0,1210813.0,0.2080999999999999,0.1834,167.98,33.15,222063.1042,0.0038604718325052747,5.553097923988276,0
VOLKSWAGEN - PRUDENCIAL,2019-06-01,14644842.0,0.0,1180354.0,0.178,0.1573,170.58,0.710811074100004,30.69666666666667,0.0381649933176254,0,12532366.0,0.0,1210813.0,0.2112,0.1844,167.89,30.82333333333333,223273.9172,0.002617069131447633,5.94307973994348,0
VOLKSWAGEN - PRUDENCIAL,2019-09-01,16026561.0,0.0,1157766.0,0.172,0.149,170.5,0.2600889164000142,30.59,0.0358400659029342,0,13171147.0,0.0,1143236.0,0.2125,0.1867,169.35,28.546666666666667,213442.1612,0.0015319671949096546,6.479669479381007,0
VOLKSWAGEN - PRUDENCIAL,2019-12-01,17302454.0,0.0,1157766.0,0.1369,0.1172,171.91,1.767530865000011,29.096666666666664,0.0373173497912497,0,13669540.0,0.0,1143236.0,0.1698,0.1483,169.09,28.71666666666667,169541.8988,0.0012853667415134848,6.655425005964547,0
VOLKSWAGEN - PRUDENCIAL,2020-03-01,17168488.0,0.0,1176363.0,0.1377,0.1055,168.09,0.5308473674999981,28.24,0.0474787234795909,0,13730568.0,0.0,1180354.0,0.1789,0.1555,169.51,30.386666666666667,183545.047,0.0014203412801438943,6.555436747295232,0
VOLKSWAGEN - PRUDENCIAL,2020-06-01,16899483.0,0.0,1176363.0,0.1452,0.1033999999999999,153.27,-0.4306129372000034,24.44333333333333,0.057363323251208,0,14644842.0,0.0,1180354.0,0.178,0.1573,170.58,30.69666666666667,185669.6842,0.0008897938225161278,7.023630592345738,0
VOLKSWAGEN - PRUDENCIAL,2020-09-01,17388590.0,0.0,1196248.0,0.1475,0.113,165.34,1.2447095295999857,21.71666666666667,0.0427934661946248,0,16026561.0,0.0,1157766.0,0.172,0.149,170.5,30.59,172507.134,0.00040888026956667495,7.801679220439954,0
VOLKSWAGEN - PRUDENCIAL,2020-12-01,18291891.0,0.0,1196248.0,0.1401,0.113,171.47,3.131382328999988,20.72,0.033043867374892,0,17302454.0,0.0,1157766.0,0.1369,0.1172,171.91,29.096666666666664,135690.1752,0.00019925838791555963,8.520708865594326,0
VOLKSWAGEN - PRUDENCIAL,2021-03-01,19137315.0,0.0,1241799.0,0.1364,0.1137,173.12,2.052492994999988,22.403333333333336,0.0294340171982652,0,17168488.0,0.0,1176363.0,0.1377,0.1055,168.09,28.24,124106.2965,0.00018881128727375648,8.57457369273657,0
VOLKSWAGEN - PRUDENCIAL,2021-06-01,19975033.0,0.0,1241799.0,0.1198,0.0981,172.06,1.6786286369000036,21.46333333333333,0.0359628836358181,0,16899483.0,0.0,1176363.0,0.1452,0.1033999999999999,153.27,24.44333333333333,121635.93419999987,0.00011528678338137604,9.067972472018834,0
VOLKSWAGEN - PRUDENCIAL,2021-09-01,21192059.0,0.0,1302111.0,0.1168,0.0960999999999999,172.27,3.0196768831999954,21.08666666666667,0.0322639250321745,0,17388590.0,0.0,1196248.0,0.1475,0.113,165.34,21.71666666666667,135176.024,9.35289373253776e-05,9.277146146229407,0
VOLKSWAGEN - PRUDENCIAL,2021-12-01,22333875.0,0.0,1302111.0,0.1119999999999999,0.0928,174.3,2.958021687500012,22.62,0.0310360637336191,0,18291891.0,0.0,1196248.0,0.1401,0.113,171.47,20.72,135176.024,6.056870128724247e-05,9.711671708283854,0
VOLKSWAGEN - PRUDENCIAL,2022-03-01,23149932.0,0.0,1383196.0,0.1107,0.0936999999999999,175.72,3.2006523548000043,24.72,0.0307619000211283,0,19137315.0,0.0,1241799.0,0.1364,0.1137,173.12,22.403333333333336,141192.5463,4.521881505509351e-05,10.003952075720916,0
VOLKSWAGEN - PRUDENCIAL,2022-06-01,25258152.0,0.0,1383196.0,0.1036,0.0862,177.81,2.215266379399994,25.546666666666667,0.0297772791293477,0,19975033.0,0.0,1241799.0,0.1198,0.0981,172.06,21.46333333333333,121820.48190000001,2.6538406562444706e-05,10.536891031297943,0
VOLKSWAGEN - PRUDENCIAL,2022-09-01,26557833.0,0.0,1476075.0,0.0999,0.0815,179.54,-1.3245430992000151,27.44,0.0268289934245186,0,21192059.0,0.0,1302111.0,0.1168,0.0960999999999999,172.27,21.08666666666667,125132.86709999986,1.335069291689308e-05,11.223928919895817,0
VOLKSWAGEN - PRUDENCIAL,2022-12-01,29022376.0,0.0,1476075.0,0.0965,0.0782,180.33,1.6286339977999995,29.036666666666665,0.0237217808847602,0,22333875.0,0.0,1302111.0,0.1119999999999999,0.0928,174.3,22.62,120835.90079999999,8.353645766746268e-06,11.692804142039083,0
VOLKSWAGEN - PRUDENCIAL,2023-03-01,29647253.0,0.0,1595962.0,0.0936999999999999,0.076,182.74,2.094210609200031,30.19,0.0272162073334999,0,23149932.0,0.0,1383196.0,0.1107,0.0936999999999999,175.72,24.72,129605.46519999986,6.550790759491015e-06,11.935918238251922,0
VOLKSWAGEN - PRUDENCIAL,2023-06-01,31529400.0,0.0,1595962.0,0.0953999999999999,0.0791,184.28,0.760729877599986,32.02333333333333,0.025772809549944,0,25258152.0,0.0,1383196.0,0.1036,0.0862,177.81,25.546666666666667,119231.4952,2.271836914637199e-06,12.994919568471621,0
VOLKSWAGEN - PRUDENCIAL,2023-09-01,32010854.0,0.0,1758999.0,0.099,0.081,184.44,0.6111867176000096,31.51333333333333,0.0290826020950037,0,26557833.0,0.0,1476075.0,0.0999,0.0815,179.54,27.44,120300.1125,1.3591276348987948e-06,13.508666149928926,0
VOLKSWAGEN - PRUDENCIAL,2023-12-01,33320093.0,0.0,1758999.0,0.0923,0.0747,185.03,1.083587763199989,30.41333333333333,0.031445376793977,0,29022376.0,0.0,1476075.0,0.0965,0.0782,180.33,29.036666666666665,115429.065,3.9323631379597683e-07,14.748854705284698,0
VOLKSWAGEN - PRUDENCIAL,2024-03-01,33845441.0,0.0,1934959.0,0.108,0.0872,186.65,1.415491577599992,29.896666666666665,0.0370284729934478,0,29647253.0,0.0,1595962.0,0.0936999999999999,0.076,182.74,30.19,121293.112,3.305224961918707e-07,14.922590782402226,0
VOLKSWAGEN - PRUDENCIAL,2024-06-01,34781639.0,0.0,1934959.0,0.1116,0.0885,189.49,1.053515670799987,29.07333333333333,0.0411427128671015,0,31529400.0,0.0,1595962.0,0.0953999999999999,0.0791,184.28,32.02333333333333,126240.5942,1.3628238084605728e-07,15.808536637871017,0
VOLKSWAGEN - PRUDENCIAL,2024-09-01,37299370.0,0.0,2121047.0,0.1191,0.0956,190.99,0.8015076655999875,28.473333333333333,0.0402202589912715,0,32010854.0,0.0,1758999.0,0.099,0.081,184.44,31.51333333333333,142478.919,1.0401597935119488e-07,16.078721198083997,0
VOLKSWAGEN - PRUDENCIAL,2024-12-01,40095460.0,0.0,2121047.0,0.1193999999999999,0.0948,191.11,1.47713535680003,27.96,0.0393181761875035,0,33320093.0,0.0,1758999.0,0.0923,0.0747,185.03,30.41333333333333,131397.2253,4.6738524822507995e-08,16.878697023045092,0
VOLKSWAGEN - PRUDENCIAL,2025-03-01,41642015.0,0.0,2687943.0,0.1204,0.0972,193.61,2.040339737600028,29.313333333333333,0.0420024144937176,0,33845441.0,0.0,1934959.0,0.108,0.0872,186.65,29.896666666666665,168728.4248,3.579404318801286e-08,17.145484313086584,0
VOLKSWAGEN - PRUDENCIAL,2025-06-01,42717914.0,0.0,2687943.0,0.1119999999999999,0.0895,194.33,0.9327766831999762,31.666666666666668,0.0474380976019822,0,34781639.0,0.0,1934959.0,0.1116,0.0885,189.49,29.07333333333333,171243.87149999998,2.1185854954775838e-08,17.669932075986672,0
VOLKSWAGEN - PRUDENCIAL,2025-09-01,41475675.0,0.0,2712105.0,0.1153,0.0894,,0.6304326271999727,31.94666666666667,0.0503366456053304,0,37299370.0,0.0,2121047.0,0.1191,0.0956,190.99,28.473333333333333,202772.0932,5.324202095459387e-09,19.051002972582324,0
VOLVO - PRUDENCIAL,2017-03-01,3244748.0,0.0,422548.0,0.1978,0.1886,164.34,0.9630321349999972,41.17333333333333,0.0820408860014934,0,3613666.0,0.0,376207.0,0.1716,0.1576,163.26,35.07,59290.22319999999,0.2717241190765024,0.9858926503833643,0
VOLVO - PRUDENCIAL,2017-06-01,3141379.0,0.0,422548.0,0.2092,0.2002,165.65,0.2193980018000196,36.63666666666666,0.0844868784647957,0,3585622.0,0.0,376207.0,0.175,0.1609,163.72,38.303333333333335,60531.7063,0.32623208461020264,0.7252766685211499,0
VOLVO - PRUDENCIAL,2017-09-01,3006846.0,0.0,436910.0,0.2208999999999999,0.2127,166.12,0.5911447296000016,36.16333333333333,0.0762240309704332,0,3509112.0,0.0,393538.0,0.1835999999999999,0.1707999999999999,162.92,39.71333333333333,67216.29039999995,0.34829779553255363,0.6265298679959481,0
VOLVO - PRUDENCIAL,2017-12-01,3009021.0,0.0,436910.0,0.2389,0.2325,167.13,1.144261174399985,33.526666666666664,0.0449063127463487,0,3401588.0,0.0,393538.0,0.1959,0.1832,162.73,40.38,72096.1616,0.3609666495713814,0.5711710741596803,0
VOLVO - PRUDENCIAL,2018-03-01,2891020.0,0.0,476781.0,0.2507999999999999,0.2503,167.98,0.7014778351999817,33.15,0.0433991856179251,0,3244748.0,0.0,422548.0,0.1978,0.1886,164.34,41.17333333333333,79692.55279999999,0.4036648361457244,0.39021794448991864,0
VOLVO - PRUDENCIAL,2018-06-01,2954839.0,0.0,476781.0,0.2581,0.2622,167.89,1.8887030879999989,30.82333333333333,0.0275289261514756,0,3141379.0,0.0,422548.0,0.2092,0.2002,165.65,36.63666666666666,84594.1096,0.33268877069165287,0.6960491174928971,0
VOLVO - PRUDENCIAL,2018-09-01,3077344.0,0.0,482239.0,0.2588,0.2671,169.35,0.7208535743999933,28.546666666666667,0.0200394730326221,0,3006846.0,0.0,436910.0,0.2208999999999999,0.2127,166.12,36.16333333333333,92930.757,0.3343501228142394,0.6885751067031075,0
VOLVO - PRUDENCIAL,2018-12-01,3169266.0,0.0,482239.0,0.2632,0.275,169.09,0.3894135824999978,28.71666666666667,0.01506342364864,0,3009021.0,0.0,436910.0,0.2389,0.2325,167.13,33.526666666666664,101581.57500000001,0.2793773195736354,0.9475524042632035,0
VOLVO - PRUDENCIAL,2019-03-01,3226248.0,0.0,520530.0,0.2655,0.2778,169.51,1.507011320000018,30.386666666666667,0.014489495897067,0,2891020.0,0.0,476781.0,0.2507999999999999,0.2503,167.98,33.15,119338.28430000001,0.28207165813857693,0.9342086162526881,0
VOLVO - PRUDENCIAL,2019-06-01,3446337.0,0.0,520530.0,0.259,0.2542,170.58,0.710811074100004,30.69666666666667,0.0122876934478902,0,2954839.0,0.0,476781.0,0.2581,0.2622,167.89,30.82333333333333,125011.9782,0.23226260492589515,1.1955790919936635,0
VOLVO - PRUDENCIAL,2019-09-01,3819694.0,0.0,537475.0,0.2412,0.2387,170.5,0.2600889164000142,30.59,0.016051506242293,0,3077344.0,0.0,482239.0,0.2588,0.2671,169.35,28.546666666666667,128806.0369,0.19500087152142126,1.417837167012514,0
VOLVO - PRUDENCIAL,2019-12-01,4519145.0,0.0,537475.0,0.2186,0.2127,171.91,1.767530865000011,29.096666666666664,0.0105336979629168,0,3169266.0,0.0,482239.0,0.2632,0.275,169.09,28.71666666666667,132615.725,0.18358075369701546,1.4922733600464264,0
VOLVO - PRUDENCIAL,2020-03-01,5010884.0,0.0,562295.0,0.2052,0.1945,168.09,0.5308473674999981,28.24,0.0077445166297922,0,3226248.0,0.0,520530.0,0.2655,0.2778,169.51,30.386666666666667,144603.234,0.20247402196987963,1.370902816837622,0
VOLVO - PRUDENCIAL,2020-06-01,4875565.0,0.0,562295.0,0.2130999999999999,0.1989999999999999,153.27,-0.4306129372000034,24.44333333333333,0.0172308912541955,0,3446337.0,0.0,520530.0,0.259,0.2542,170.58,30.69666666666667,132318.726,0.20376521900702135,1.3629256496322206,0
VOLVO - PRUDENCIAL,2020-09-01,5009743.0,0.0,589415.0,0.2132,0.2021,165.34,1.2447095295999857,21.71666666666667,0.0126234570188736,0,3819694.0,0.0,537475.0,0.2412,0.2387,170.5,30.59,128295.2825,0.18072006325220882,1.5114766065237661,0
VOLVO - PRUDENCIAL,2020-12-01,5326813.0,0.0,589415.0,0.2057999999999999,0.1963,171.47,3.131382328999988,20.72,0.0214341677767036,0,4519145.0,0.0,537475.0,0.2186,0.2127,171.91,29.096666666666664,114320.9325,0.1315110731085288,1.8876637818006532,0
VOLVO - PRUDENCIAL,2021-03-01,5589741.0,0.0,627794.0,0.1987,0.1893,173.12,2.052492994999988,22.403333333333336,0.0259401237652918,0,5010884.0,0.0,562295.0,0.2052,0.1945,168.09,28.24,109366.3775,0.09609611810624015,2.2413741086666517,0
VOLVO - PRUDENCIAL,2021-06-01,6148968.0,0.0,627794.0,0.1869,0.1773999999999999,172.06,1.6786286369000036,21.46333333333333,0.0276885903432116,0,4875565.0,0.0,562295.0,0.2130999999999999,0.1989999999999999,153.27,24.44333333333333,111896.70499999994,0.055786266302133056,2.828824837963243,0
VOLVO - PRUDENCIAL,2021-09-01,6779468.0,0.0,672527.0,0.1752,0.168,172.27,3.0196768831999954,21.08666666666667,0.022918296255693,0,5009743.0,0.0,589415.0,0.2132,0.2021,165.34,21.71666666666667,119120.7715,0.0561785346122642,2.8214022851778098,0
VOLVO - PRUDENCIAL,2021-12-01,7714805.0,0.0,672527.0,0.1588,0.1518,174.3,2.958021687500012,22.62,0.0183252939580561,0,5326813.0,0.0,589415.0,0.2057999999999999,0.1963,171.47,20.72,115702.1645,0.05178765663366996,2.907426636226192,0
VOLVO - PRUDENCIAL,2022-03-01,8410598.0,0.0,727024.0,0.2185,0.2102,175.72,3.2006523548000043,24.72,0.0153184199763865,0,5589741.0,0.0,627794.0,0.1987,0.1893,173.12,22.403333333333336,118841.4042,0.0550905980878092,2.842109984027046,0
VOLVO - PRUDENCIAL,2022-06-01,9428414.0,0.0,727024.0,0.2005,0.1928,177.81,2.215266379399994,25.546666666666667,0.0164846371666365,0,6148968.0,0.0,627794.0,0.1869,0.1773999999999999,172.06,21.46333333333333,111370.65559999993,0.038759193296333434,3.2108569829629143,0
VOLVO - PRUDENCIAL,2022-09-01,10781865.0,0.0,778802.0,0.1827,0.1762,179.54,-1.3245430992000151,27.44,0.0120910642998281,0,6779468.0,0.0,672527.0,0.1752,0.168,172.27,21.08666666666667,112984.53600000001,0.028349391053657084,3.5343907337728533,0
VOLVO - PRUDENCIAL,2022-12-01,12647199.0,0.0,778802.0,0.1618,0.1753,180.33,1.6286339977999995,29.036666666666665,0.0125555771411509,0,7714805.0,0.0,672527.0,0.1588,0.1518,174.3,22.62,102089.5986,0.02109700234942483,3.8373015929875423,0
VOLVO - PRUDENCIAL,2023-03-01,12645189.0,0.0,846652.0,0.1667,0.1583,182.74,2.094210609200031,30.19,0.011411717444496,0,8410598.0,0.0,727024.0,0.2185,0.2102,175.72,24.72,152820.4448,0.014587387872059945,4.212903138116413,0
VOLVO - PRUDENCIAL,2023-06-01,13235897.0,0.0,846652.0,0.1821,0.1745,184.28,0.760729877599986,32.02333333333333,0.0125024925101812,0,9428414.0,0.0,727024.0,0.2005,0.1928,177.81,25.546666666666667,140170.2272,0.009828168628788578,4.612625882702108,0
VOLVO - PRUDENCIAL,2023-09-01,13509906.0,0.0,949652.0,0.1834,0.1771,184.44,0.6111867176000096,31.51333333333333,0.0100441289233303,0,10781865.0,0.0,778802.0,0.1827,0.1762,179.54,27.44,137224.9124,0.006018969917879131,5.106801987457754,0
VOLVO - PRUDENCIAL,2023-12-01,14921060.0,0.0,949652.0,0.1711,0.1656,185.03,1.083587763199989,30.41333333333333,0.0104789685814316,0,12647199.0,0.0,778802.0,0.1618,0.1753,180.33,29.036666666666665,136523.99060000002,0.002468378632214482,6.001722338086621,0
VOLVO - PRUDENCIAL,2024-03-01,14419814.0,0.0,1073056.0,0.1805999999999999,0.1777,186.65,1.415491577599992,29.896666666666665,0.0110015292291056,0,12645189.0,0.0,846652.0,0.1667,0.1583,182.74,30.19,134025.0116,0.0030733709380169286,5.781902191018186,0
VOLVO - PRUDENCIAL,2024-06-01,14865396.0,0.0,1073056.0,0.2107,0.2082999999999999,189.49,1.053515670799987,29.07333333333333,0.0159199950362094,0,13235897.0,0.0,846652.0,0.1821,0.1745,184.28,32.02333333333333,147740.77399999998,0.00250280361455639,5.987837788873085,0
VOLVO - PRUDENCIAL,2024-09-01,15201354.0,0.0,1197465.0,0.2107,0.2112,190.99,0.8015076655999875,28.473333333333333,0.018992824037666,0,13509906.0,0.0,949652.0,0.1834,0.1771,184.44,31.51333333333333,168183.36920000002,0.0021557711279501825,6.13744868939032,0
VOLVO - PRUDENCIAL,2024-12-01,16296841.0,0.0,1197465.0,0.2022,0.2032,191.11,1.47713535680003,27.96,0.0168923413980317,0,14921060.0,0.0,949652.0,0.1711,0.1656,185.03,30.41333333333333,157262.3712,0.000940744465631769,6.967897824296653,0
VOLVO - PRUDENCIAL,2025-03-01,15728735.0,0.0,786483.0,0.2226,0.216,193.61,2.040339737600028,29.313333333333333,0.0197708999720936,0,14419814.0,0.0,1073056.0,0.1805999999999999,0.1777,186.65,29.896666666666665,190682.0512,0.001274740635160929,6.663736990760281,0
VOLVO - PRUDENCIAL,2025-06-01,15730781.0,0.0,786483.0,0.2294,0.2166,194.33,0.9327766831999762,31.666666666666668,0.0281895679584915,0,14865396.0,0.0,1073056.0,0.2107,0.2082999999999999,189.49,29.07333333333333,223517.5647999999,0.0009196257885528333,6.990623673436374,0
VOLVO - PRUDENCIAL,2025-09-01,15904693.0,0.0,857876.0,0.2314999999999999,0.2276999999999999,,0.6304326271999727,31.94666666666667,0.0339637093201299,0,15201354.0,0.0,1197465.0,0.2107,0.2112,190.99,28.473333333333333,252904.608,0.0008006886086593605,7.129237430483386,0
VOTORANTIM - PRUDENCIAL,2017-03-01,54362055.0,467663.0,5150939.0,0.1013,0.047,164.34,0.9630321349999972,41.17333333333333,0.07348445249146,0,59714466.0,103004.0,6016317.0,0.0973,0.0526,163.26,35.07,316458.2742,3.219158744074017e-14,31.06707123619887,0
VOTORANTIM - PRUDENCIAL,2017-06-01,53575358.0,744255.0,5150939.0,0.1035,0.0501,165.65,0.2193980018000196,36.63666666666666,0.0751910513521837,0,57113833.0,61740.0,6016317.0,0.1064,0.0538,163.72,38.303333333333335,323677.8546,1.7744945826786548e-13,29.36009056879465,0
VOTORANTIM - PRUDENCIAL,2017-09-01,53266713.0,723736.0,5389580.0,0.1094999999999999,0.0554,166.12,0.5911447296000016,36.16333333333333,0.0706388872427533,0,56870700.0,147407.0,4614996.0,0.1101,0.0554,162.92,39.71333333333333,255670.77839999998,1.813038771442051e-13,29.338601892237293,0
VOTORANTIM - PRUDENCIAL,2017-12-01,52083037.0,884649.0,5389580.0,0.1138,0.0617,167.13,1.144261174399985,33.526666666666664,0.0803090201538659,0,55945627.0,136518.0,4614996.0,0.1117,0.0527,162.73,40.38,243210.2892,3.126482587722401e-13,28.793697610268165,0
VOTORANTIM - PRUDENCIAL,2018-03-01,50072703.0,461148.0,5639602.0,0.1134,0.067,167.98,0.7014778351999817,33.15,0.0795141331380744,0,54362055.0,467663.0,5150939.0,0.1013,0.047,164.34,41.17333333333333,242094.133,1.0647196560180226e-12,27.568309585304082,0
VOTORANTIM - PRUDENCIAL,2018-06-01,51819225.0,1013899.0,5639602.0,0.1083,0.0661,167.89,1.8887030879999989,30.82333333333333,0.0820219732869417,0,53575358.0,744255.0,5150939.0,0.1035,0.0501,165.65,36.63666666666666,258062.0439,1.424793985405922e-12,27.276993884402962,0
VOTORANTIM - PRUDENCIAL,2018-09-01,51839886.0,659798.0,5596622.0,0.1107,0.067,169.35,0.7208535743999933,28.546666666666667,0.0826480244952836,0,53266713.0,723736.0,5389580.0,0.1094999999999999,0.0554,166.12,36.16333333333333,298582.73199999996,1.7694837339889067e-12,27.06033328769916,0
VOTORANTIM - PRUDENCIAL,2018-12-01,52202224.0,104928.0,5596622.0,0.1159999999999999,0.0629,169.09,0.3894135824999978,28.71666666666667,0.0789022644532282,0,52083037.0,884649.0,5389580.0,0.1138,0.0617,167.13,33.526666666666664,332537.086,3.281898432372788e-12,26.44259907070619,0
VOTORANTIM - PRUDENCIAL,2019-03-01,53109019.0,595165.0,6401132.0,0.1208,0.0765,169.51,1.507011320000018,30.386666666666667,0.0805797921378039,0,50072703.0,461148.0,5639602.0,0.1134,0.067,167.98,33.15,377853.33400000003,8.883305383026895e-12,25.44684740045683,0
VOTORANTIM - PRUDENCIAL,2019-06-01,53414256.0,230155.0,6401132.0,0.1219,0.0771999999999999,170.58,0.710811074100004,30.69666666666667,0.0823264587544335,0,51819225.0,1013899.0,5639602.0,0.1083,0.0661,167.89,30.82333333333333,372777.69220000005,3.6851987004109486e-12,26.32669667042317,0
VOTORANTIM - PRUDENCIAL,2019-09-01,55841031.0,2036715.0,6303616.0,0.1211999999999999,0.0793,170.5,0.2600889164000142,30.59,0.0848310165573283,0,51839886.0,659798.0,5596622.0,0.1107,0.067,169.35,28.546666666666667,374973.674,2.6255251163514568e-12,26.665740195664167,0
VOTORANTIM - PRUDENCIAL,2019-12-01,57265932.0,1697300.0,6303616.0,0.118,0.078,171.91,1.767530865000011,29.096666666666664,0.094606681343552,0,52202224.0,104928.0,5596622.0,0.1159999999999999,0.0629,169.09,28.71666666666667,352027.52379999997,1.5571446023578652e-12,27.188167355067556,0
VOTORANTIM - PRUDENCIAL,2020-03-01,60825498.0,1552690.0,6481613.0,0.1071,0.07,168.09,0.5308473674999981,28.24,0.0982409658103141,0,53109019.0,595165.0,6401132.0,0.1208,0.0765,169.51,30.386666666666667,489686.598,1.8615992347845672e-12,27.00958519407338,0
VOTORANTIM - PRUDENCIAL,2020-06-01,61819075.0,525489.0,6481613.0,0.1093,0.0625,153.27,-0.4306129372000034,24.44333333333333,0.1060277132846479,0,53414256.0,230155.0,6401132.0,0.1219,0.0771999999999999,170.58,30.69666666666667,494167.39039999933,1.3700888372560015e-12,27.31614553357706,0
VOTORANTIM - PRUDENCIAL,2020-09-01,61242840.0,1028864.0,6445422.0,0.1173,0.07,165.34,1.2447095295999857,21.71666666666667,0.1173740247697394,0,55841031.0,2036715.0,6303616.0,0.1211999999999999,0.0793,170.5,30.59,499876.74879999994,8.857476460286819e-13,27.75234430887014,0
VOTORANTIM - PRUDENCIAL,2020-12-01,63770830.0,1077522.0,6445422.0,0.1175,0.0732,171.47,3.131382328999988,20.72,0.1099632061050118,0,57265932.0,1697300.0,6303616.0,0.118,0.078,171.91,29.096666666666664,491682.048,3.036156415556182e-13,28.823013830540607,0
VOTORANTIM - PRUDENCIAL,2021-03-01,66053916.0,1891013.0,6578968.0,0.1171,0.0725,173.12,2.052492994999988,22.403333333333336,0.1043859161983866,0,60825498.0,1552690.0,6481613.0,0.1071,0.07,168.09,28.24,453712.91000000003,3.142699242476858e-14,31.091109240005817,0
VOTORANTIM - PRUDENCIAL,2021-06-01,66693979.0,549531.0,6578968.0,0.1272,0.0767,172.06,1.6786286369000036,21.46333333333333,0.1013364969687291,0,61819075.0,525489.0,6481613.0,0.1093,0.0625,153.27,24.44333333333333,405100.8125,5.11113972419327e-15,32.90735397766175,0
VOTORANTIM - PRUDENCIAL,2021-09-01,69597819.0,587469.0,6937921.0,0.1293,0.081,172.27,3.0196768831999954,21.08666666666667,0.0967311496890163,0,61242840.0,1028864.0,6445422.0,0.1173,0.07,165.34,21.71666666666667,451179.54000000004,1.059631628431811e-14,32.17826997463919,0
VOTORANTIM - PRUDENCIAL,2021-12-01,69307571.0,161919.0,6937921.0,0.1261999999999999,0.0802,174.3,2.958021687500012,22.62,0.1071175494875341,0,63770830.0,1077522.0,6445422.0,0.1175,0.0732,171.47,20.72,471804.89040000003,2.8998603889377957e-15,33.474113800922694,0
VOTORANTIM - PRUDENCIAL,2022-03-01,67967142.0,246471.0,6947788.0,0.1304,0.0775,175.72,3.2006523548000043,24.72,0.1077461860443365,0,66053916.0,1891013.0,6578968.0,0.1171,0.0725,173.12,22.403333333333336,476975.18,1.4851552595022009e-15,34.14325707636785,0
VOTORANTIM - PRUDENCIAL,2022-06-01,66588405.0,79834.0,6947788.0,0.1369,0.0828,177.81,2.215266379399994,25.546666666666667,0.1030026305498249,0,66693979.0,549531.0,6578968.0,0.1272,0.0767,172.06,21.46333333333333,504606.8456,4.847883980777879e-16,35.26281917088178,0
VOTORANTIM - PRUDENCIAL,2022-09-01,68461244.0,128415.0,7295298.0,0.1301,0.0801,179.54,-1.3245430992000151,27.44,0.099860739788068,0,69597819.0,587469.0,6937921.0,0.1293,0.081,172.27,21.08666666666667,561971.601,1.0731890926715325e-16,36.770726811856846,0
VOTORANTIM - PRUDENCIAL,2022-12-01,71566189.0,189061.0,7295298.0,0.1246,0.072,180.33,1.6286339977999995,29.036666666666665,0.0963127688539648,0,69307571.0,161919.0,6937921.0,0.1261999999999999,0.0802,174.3,22.62,556421.2642,1.186318210660374e-16,36.670506917632295,0
VOTORANTIM - PRUDENCIAL,2023-03-01,72512627.0,208712.0,6103443.0,0.1235,0.0668,182.74,2.094210609200031,30.19,0.0995490226796743,0,67967142.0,246471.0,6947788.0,0.1304,0.0775,175.72,24.72,538453.57,3.1094081679478274e-16,35.70692907961811,0
VOTORANTIM - PRUDENCIAL,2023-06-01,72867868.0,42980.0,6103443.0,0.1259,0.0648,184.28,0.760729877599986,32.02333333333333,0.0956182589642311,0,66588405.0,79834.0,6947788.0,0.1369,0.0828,177.81,25.546666666666667,575276.8464,7.3311524864456355e-16,34.84922875575513,0
VOTORANTIM - PRUDENCIAL,2023-09-01,71265816.0,116533.0,7086267.0,0.13,0.0735,184.44,0.6111867176000096,31.51333333333333,0.0970888380094991,0,68461244.0,128415.0,7295298.0,0.1301,0.0801,179.54,27.44,584353.3698,3.3452371143312675e-16,35.63382391073916,0
VOTORANTIM - PRUDENCIAL,2023-12-01,73620849.0,60022.0,7086267.0,0.1303,0.0699,185.03,1.083587763199989,30.41333333333333,0.0902666790468162,0,71566189.0,189061.0,7295298.0,0.1246,0.072,180.33,29.036666666666665,525261.456,6.30935336196872e-17,37.301913387990304,0
VOTORANTIM - PRUDENCIAL,2024-03-01,74221146.0,97464.0,6356369.0,0.1288,0.0775,186.65,1.415491577599992,29.896666666666665,0.0862451436428048,0,72512627.0,208712.0,6103443.0,0.1235,0.0668,182.74,30.19,407709.9924,3.162597436672843e-17,37.99255291740463,0
VOTORANTIM - PRUDENCIAL,2024-06-01,74322517.0,412645.0,6356369.0,0.1299,0.0798,189.49,1.053515670799987,29.07333333333333,0.0844577715928358,0,72867868.0,42980.0,6103443.0,0.1259,0.0648,184.28,32.02333333333333,395503.1064,2.780336373142344e-17,38.12137466308263,0
VOTORANTIM - PRUDENCIAL,2024-09-01,77393590.0,173778.0,6587615.0,0.1296,0.0803999999999999,190.99,0.8015076655999875,28.473333333333333,0.0830107035608451,0,71265816.0,116533.0,7086267.0,0.13,0.0735,184.44,31.51333333333333,520840.6245,9.286785031708385e-17,36.91535415569921,0
VOTORANTIM - PRUDENCIAL,2024-12-01,79228537.0,73016.0,6587615.0,0.1278999999999999,0.081,191.11,1.47713535680003,27.96,0.0829253698537925,0,73620849.0,60022.0,7086267.0,0.1303,0.0699,185.03,30.41333333333333,495330.06330000004,2.1427088878479478e-17,38.38187571701628,0
VOTORANTIM - PRUDENCIAL,2025-03-01,77240393.0,342236.0,9105720.0,0.122,0.0758,193.61,2.040339737600028,29.313333333333333,0.0469600053142249,0,74221146.0,97464.0,6356369.0,0.1288,0.0775,186.65,29.896666666666665,492618.5975,1.4302917301500056e-17,38.786068150435675,0
VOTORANTIM - PRUDENCIAL,2025-06-01,78927426.0,259442.0,9105720.0,0.1268,0.0733,194.33,0.9327766831999762,31.666666666666668,0.0564995970484747,0,74322517.0,412645.0,6356369.0,0.1299,0.0798,189.49,29.07333333333333,507238.2462,1.635176220841974e-17,38.65219600212596,0
VOTORANTIM - PRUDENCIAL,2025-09-01,78424597.0,102431.0,8814863.0,0.1286999999999999,0.0788,,0.6304326271999727,31.94666666666667,0.0563421061127749,0,77393590.0,173778.0,6587615.0,0.1296,0.0803999999999999,190.99,28.473333333333333,529644.2459999993,2.699634774548487e-18,40.45341517881792,0
VR - PRUDENCIAL,2019-12-01,172395.0,0.0,23941.0,0.4143,0.1386,171.91,1.767530865000011,29.096666666666664,1.0,1,145228.0,0.0,18335.0,0.4551,0.1517,169.09,28.71666666666667,2781.4195,0.5848530525539305,-0.342728075434386,0
VR - PRUDENCIAL,2020-03-01,177053.0,0.0,24690.0,0.4146,0.1364,168.09,0.5308473674999981,28.24,1.0,1,144879.0,0.0,24360.0,0.4376,0.1534,169.51,30.386666666666667,3736.824,0.6189855059223381,-0.48524444023504676,1
VR - PRUDENCIAL,2023-03-01,191430.0,0.0,18071.0,0.1562,0.1128999999999999,182.74,2.094210609200031,30.19,0.0,0,155799.0,0.0,24360.0,0.4165,0.1415,170.58,30.69666666666667,3446.9399999999996,0.6440387208748292,-0.5929368911637902,1
VR - PRUDENCIAL,2023-06-01,206096.0,0.0,18071.0,0.1503,0.1092,184.28,0.760729877599986,32.02333333333333,0.0,0,154236.0,0.0,23941.0,0.4334,0.1389,170.5,30.59,3325.4049,0.6424572778091678,-0.586045462970766,1
VR - PRUDENCIAL,2023-09-01,252693.0,0.0,20240.0,0.1229,0.0986,184.44,0.6111867176000096,31.51333333333333,0.0,0,172395.0,0.0,23941.0,0.4143,0.1386,171.91,29.096666666666664,3318.2226,0.624030153992503,-0.5066897472564419,1
VR - PRUDENCIAL,2023-12-01,280191.0,0.0,20240.0,0.1144,0.0975999999999999,185.03,1.083587763199989,30.41333333333333,0.0,0,177053.0,0.0,24690.0,0.4146,0.1364,168.09,28.24,3367.716,0.588357020221524,-0.35717752090678107,0
VR - PRUDENCIAL,2024-03-01,222110.0,0.0,510.0,0.1586,0.1113,186.65,1.415491577599992,29.896666666666665,0.0,0,191430.0,0.0,18071.0,0.1562,0.1128999999999999,182.74,30.19,2040.2158999999983,0.7485196916751503,-1.0907328217438736,1
VR - PRUDENCIAL,2024-06-01,263850.0,0.0,510.0,0.1338,0.095,189.49,1.053515670799987,29.07333333333333,0.0,0,206096.0,0.0,18071.0,0.1503,0.1092,184.28,32.02333333333333,1973.3532,0.7823661541980039,-1.2795088141200932,1
VR - PRUDENCIAL,2024-09-01,243720.0,0.0,0.0,0.1446,0.0819,190.99,0.8015076655999875,28.473333333333333,0.007887582553685,0,252693.0,0.0,20240.0,0.1229,0.0986,184.44,31.51333333333333,1995.6639999999998,0.7826064357879171,-1.280920562072022,1
VR - PRUDENCIAL,2024-12-01,263584.0,0.0,0.0,0.1326,0.0519,191.11,1.47713535680003,27.96,0.0075467315713692,0,280191.0,0.0,20240.0,0.1144,0.0975999999999999,185.03,30.41333333333333,1975.423999999998,0.7692864571135584,-1.2042865387994863,1
VR - PRUDENCIAL,2025-03-01,0.0,0.0,0.0,0.0,0.0,193.61,2.040339737600028,29.313333333333333,0.0,0,222110.0,0.0,510.0,0.1586,0.1113,186.65,29.896666666666665,56.763,0.7585390605512347,-1.144686575551583,1
VR - PRUDENCIAL,2025-06-01,261302.0,0.0,15480.0,0.1533,0.0717,194.33,0.9327766831999762,31.666666666666668,0.0,0,263850.0,0.0,510.0,0.1338,0.095,189.49,29.07333333333333,48.45,0.7708175004071278,-1.2129330124402078,1
VR - PRUDENCIAL,2025-09-01,302452.0,0.0,15982.0,0.1391,0.0699,,0.6304326271999727,31.94666666666667,0.0,0,243720.0,0.0,0.0,0.1446,0.0819,190.99,28.473333333333333,0.0,0.78028102502147,-1.2673047994916573,1
XP - PRUDENCIAL,2025-03-01,51114881.0,618090.0,15068534.0,0.1011,0.0436,193.61,2.040339737600028,29.313333333333333,0.01141034962632,0,34590048.0,211712.0,16324392.0,0.1016,0.0347,186.65,29.896666666666665,566456.4024,1.99585441809332e-07,15.4270232130706,0
XP - PRUDENCIAL,2025-06-01,53905666.0,83512.0,15068534.0,0.1043999999999999,0.0432,194.33,0.9327766831999762,31.666666666666668,0.0129614850238613,0,37407530.0,259327.0,16324392.0,0.0892,0.0346,189.49,29.07333333333333,564823.9632,4.22397232946565e-08,16.979904706219518,0
XP - PRUDENCIAL,2025-09-01,60130767.0,584972.0,16663435.0,0.0969,0.0382,,0.6304326271999727,31.94666666666667,0.015717956833538,0,34918021.0,156023.0,16382817.0,0.0925,0.0358,190.99,28.473333333333333,586504.8486,1.6829667007393074e-07,15.597537353405682,0
XP INVESTIMENTOS CCTVM S/A - PRUDENCIAL,2020-06-01,3851321.0,706507.0,4889351.0,0.2246999999999999,0.0624,153.27,-0.4306129372000034,24.44333333333333,1.2732152958096752e-06,0,1243797.0,45123.0,1368128.0,0.2304,0.0,166.12,36.16333333333333,0.0,0.7562721094603903,-1.1323488438720652,1
XP INVESTIMENTOS CCTVM S/A - PRUDENCIAL,2020-09-01,5816842.0,649678.0,6045389.0,0.1669,0.0401,165.34,1.2447095295999857,21.71666666666667,0.0003535072989928,0,1755921.0,27982.0,1368128.0,0.2014,0.0,167.13,33.526666666666664,0.0,0.6621415878396408,-0.6728525028975348,1
XP INVESTIMENTOS CCTVM S/A - PRUDENCIAL,2020-12-01,6628411.0,151892.0,6045389.0,0.1629,0.0321,171.47,3.131382328999988,20.72,1.230617606119839e-07,0,2193082.0,653830.0,3712650.0,0.1747,0.051,171.91,29.096666666666664,189345.15,0.707386630623473,-0.882725197743195,1
XP INVESTIMENTOS CCTVM S/A - PRUDENCIAL,2021-03-01,7573838.0,1222.0,7624135.0,0.1321,0.0252,173.12,2.052492994999988,22.403333333333336,0.0,0,4061583.0,109835.0,4889351.0,0.215,0.0554,168.09,28.24,270870.0454,0.4025210713554308,0.3949715708023914,0
XP INVESTIMENTOS CCTVM S/A - PRUDENCIAL,2021-06-01,10234152.0,51562.0,7624135.0,0.1464,0.0362,172.06,1.6786286369000036,21.46333333333333,3.062707444420574e-05,0,3851321.0,706507.0,4889351.0,0.2246999999999999,0.0624,153.27,24.44333333333333,305095.5024,0.361219417919784,0.5700754389747442,0
XP INVESTIMENTOS CCTVM S/A - PRUDENCIAL,2021-09-01,12530784.0,62565.0,9537097.0,0.1525,0.0433,172.27,3.0196768831999954,21.08666666666667,0.0001057114291891,0,5816842.0,649678.0,6045389.0,0.1669,0.0401,165.34,21.71666666666667,242420.09889999998,0.17305444906526618,1.56413257425987,0
XP INVESTIMENTOS CCTVM S/A - PRUDENCIAL,2021-12-01,15018135.0,180137.0,9537097.0,0.1402999999999999,0.0431,174.3,2.958021687500012,22.62,0.0003165046921334,0,6628411.0,151892.0,6045389.0,0.1629,0.0321,171.47,20.72,194056.9869,0.09270526931415911,2.2810420349704534,0
XP INVESTIMENTOS CCTVM S/A - PRUDENCIAL,2022-03-01,17327797.0,64008.0,10649124.0,0.1555,0.0409999999999999,175.72,3.2006523548000043,24.72,0.0004723952134027,0,7573838.0,1222.0,7624135.0,0.1321,0.0252,173.12,22.403333333333336,192128.202,0.07030744180131486,2.581976298033064,0
XP INVESTIMENTOS CCTVM S/A - PRUDENCIAL,2022-06-01,19828553.0,122975.0,10649124.0,0.1372,0.0383,177.81,2.215266379399994,25.546666666666667,0.000612912284526,0,10234152.0,51562.0,7624135.0,0.1464,0.0362,172.06,21.46333333333333,275993.68700000003,0.01764692963550145,4.0193889760409185,0
XP INVESTIMENTOS CCTVM S/A - PRUDENCIAL,2022-09-01,24035136.0,89974.0,11858551.0,0.1611,0.0475,179.54,-1.3245430992000151,27.44,0.0006971239831085,0,12530784.0,62565.0,9537097.0,0.1525,0.0433,172.27,21.08666666666667,412956.3001,0.007110316199031742,4.939072848854548,0
XP INVESTIMENTOS CCTVM S/A - PRUDENCIAL,2022-12-01,25532081.0,40823.0,11858551.0,0.1889,0.055,180.33,1.6286339977999995,29.036666666666665,0.0010761061620324,0,15018135.0,180137.0,9537097.0,0.1402999999999999,0.0431,174.3,22.62,411048.8807,0.002218658492417523,6.108631425183707,0
XP INVESTIMENTOS CCTVM S/A - PRUDENCIAL,2023-03-01,25982824.0,48701.0,13077461.0,0.187,0.0571,182.74,2.094210609200031,30.19,0.0014724517390037,0,17327797.0,64008.0,10649124.0,0.1555,0.0409999999999999,175.72,24.72,436614.0839999989,0.0007868436217922754,7.146693877706683,0
YAMAHA MOTOR - PRUDENCIAL,2017-03-01,497601.0,0.0,30404.0,0.321,0.2317,164.34,0.9630321349999972,41.17333333333333,0.0682341001750304,0,471429.0,0.0,29006.0,0.3054,0.2238,163.26,35.07,6491.5428,0.5673385971854686,-0.27100085597248663,0
YAMAHA MOTOR - PRUDENCIAL,2017-06-01,535393.0,0.0,30404.0,0.3214,0.2362,165.65,0.2193980018000196,36.63666666666666,0.0614726779877007,0,456818.0,0.0,29006.0,0.3394,0.2306,163.72,38.303333333333335,6688.7836,0.6199515859599863,-0.4893427375922255,1
YAMAHA MOTOR - PRUDENCIAL,2017-09-01,597325.0,0.0,31146.0,0.3067,0.2269999999999999,166.12,0.5911447296000016,36.16333333333333,0.050775894076682,0,467695.0,0.0,28460.0,0.3493,0.2547,162.92,39.71333333333333,7248.762,0.612810638215534,-0.45914209773493814,1
YAMAHA MOTOR - PRUDENCIAL,2017-12-01,639622.0,0.0,31146.0,0.3048,0.2238,167.13,1.144261174399985,33.526666666666664,0.0478182729951005,0,467109.0,0.0,28460.0,0.3288,0.2337999999999999,162.73,40.38,6653.947999999997,0.6479960417823644,-0.6102421672176438,1
YAMAHA MOTOR - PRUDENCIAL,2018-03-01,697832.0,0.0,35029.0,0.2864,0.2173,167.98,0.7014778351999817,33.15,0.0528011065405426,0,497601.0,0.0,30404.0,0.321,0.2317,164.34,41.17333333333333,7044.6068,0.6697415705852897,-0.7070164547094903,1
YAMAHA MOTOR - PRUDENCIAL,2018-06-01,744610.0,0.0,35029.0,0.2822,0.2246,167.89,1.8887030879999989,30.82333333333333,0.0621372849813814,0,535393.0,0.0,30404.0,0.3214,0.2362,165.65,36.63666666666666,7181.4248,0.5863886117275087,-0.34905587216329503,0
YAMAHA MOTOR - PRUDENCIAL,2018-09-01,791217.0,0.0,38188.0,0.2789999999999999,0.2202,169.35,0.7208535743999933,28.546666666666667,0.0653261072614272,0,597325.0,0.0,31146.0,0.3067,0.2269999999999999,166.12,36.16333333333333,7070.141999999997,0.5838166845872023,-0.3384612118091661,0
YAMAHA MOTOR - PRUDENCIAL,2018-12-01,819611.0,0.0,38188.0,0.2693,0.2139,169.09,0.3894135824999978,28.71666666666667,0.0630643503073264,0,639622.0,0.0,31146.0,0.3048,0.2238,167.13,33.526666666666664,6970.4748,0.537912435892953,-0.15194138231355672,0
YAMAHA MOTOR - PRUDENCIAL,2019-03-01,847580.0,0.0,46282.0,0.2725,0.2184,169.51,1.507011320000018,30.386666666666667,0.0643638414844513,0,697832.0,0.0,35029.0,0.2864,0.2173,167.98,33.15,7611.8017,0.5378286573366523,-0.15160433454117997,0
YAMAHA MOTOR - PRUDENCIAL,2019-06-01,915759.0,0.0,46282.0,0.2611,0.2122,170.58,0.710811074100004,30.69666666666667,0.0628735626636517,0,744610.0,0.0,35029.0,0.2822,0.2246,167.89,30.82333333333333,7867.5134,0.47867654369915646,0.08534559153883745,0
YAMAHA MOTOR - PRUDENCIAL,2019-09-01,969329.0,0.0,52711.0,0.2552,0.2075,170.5,0.2600889164000142,30.59,0.0595896023622979,0,791217.0,0.0,38188.0,0.2789999999999999,0.2202,169.35,28.546666666666667,8408.9976,0.4431973339562166,0.22819577736845872,0
YAMAHA MOTOR - PRUDENCIAL,2019-12-01,1031622.0,0.0,52711.0,0.2644,0.2004,171.91,1.767530865000011,29.096666666666664,0.0543894472920451,0,819611.0,0.0,38188.0,0.2693,0.2139,169.09,28.71666666666667,8168.4132,0.44913268201038564,0.20417562846009912,0
YAMAHA MOTOR - PRUDENCIAL,2020-03-01,1125246.0,0.0,60662.0,0.2532,0.1916,168.09,0.5308473674999981,28.24,0.0553186004225435,0,847580.0,0.0,46282.0,0.2725,0.2184,169.51,30.386666666666667,10107.988800000001,0.47524371411640975,0.09910618283212534,0
YAMAHA MOTOR - PRUDENCIAL,2020-06-01,1142001.0,0.0,60662.0,0.2548999999999999,0.1964,153.27,-0.4306129372000034,24.44333333333333,0.0711993446589054,0,915759.0,0.0,46282.0,0.2611,0.2122,170.58,30.69666666666667,9821.0404,0.48634242599131255,0.054643889184977625,0
YAMAHA MOTOR - PRUDENCIAL,2020-09-01,1147312.0,0.0,68674.0,0.268,0.2117,165.34,1.2447095295999857,21.71666666666667,0.0661342551512336,0,969329.0,0.0,52711.0,0.2552,0.2075,170.5,30.59,10937.5325,0.4831214010972272,0.06754005866053497,0
YAMAHA MOTOR - PRUDENCIAL,2020-12-01,1145678.0,0.0,68674.0,0.2927,0.2307,171.47,3.131382328999988,20.72,0.0527383971846625,0,1031622.0,0.0,52711.0,0.2644,0.2004,171.91,29.096666666666664,10563.2844,0.46079766556849816,0.1571318458811988,0
YAMAHA MOTOR - PRUDENCIAL,2021-03-01,1138401.0,0.0,75790.0,0.3263,0.2529,173.12,2.052492994999988,22.403333333333336,0.0506332953657586,0,1125246.0,0.0,60662.0,0.2532,0.1916,168.09,28.24,11622.8392,0.4211742632232758,0.3179547847581801,0
YAMAHA MOTOR - PRUDENCIAL,2021-06-01,1200654.0,0.0,75790.0,0.3275,0.2289999999999999,172.06,1.6786286369000036,21.46333333333333,0.0528241406623416,0,1142001.0,0.0,60662.0,0.2548999999999999,0.1964,153.27,24.44333333333333,11914.0168,0.2701146784483367,0.9940408243562425,0
YAMAHA MOTOR - PRUDENCIAL,2021-09-01,1279638.0,0.0,82839.0,0.3344,0.2458,172.27,3.0196768831999954,21.08666666666667,0.052928441423902,0,1147312.0,0.0,68674.0,0.268,0.2117,165.34,21.71666666666667,14538.2858,0.27135114710677866,0.9877782049181287,0
YAMAHA MOTOR - PRUDENCIAL,2021-12-01,1345230.0,0.0,82839.0,0.3331,0.2542999999999999,174.3,2.958021687500012,22.62,0.0672475709612558,0,1145678.0,0.0,68674.0,0.2927,0.2307,171.47,20.72,15843.091799999998,0.26634624874966206,1.0132400395597194,0
YAMAHA MOTOR - PRUDENCIAL,2022-03-01,1348644.0,0.0,90637.0,0.3442,0.2615,175.72,3.2006523548000043,24.72,0.0837839499165186,0,1138401.0,0.0,75790.0,0.3263,0.2529,173.12,22.403333333333336,19167.291,0.27861579515178153,0.9513381187627961,0
YAMAHA MOTOR - PRUDENCIAL,2022-06-01,1420857.0,0.0,90637.0,0.3379,0.2157,177.81,2.215266379399994,25.546666666666667,0.0920173960621419,0,1200654.0,0.0,75790.0,0.3275,0.2289999999999999,172.06,21.46333333333333,17355.909999999993,0.2728078132659892,0.9804232320643765,0
YAMAHA MOTOR - PRUDENCIAL,2022-09-01,1503652.0,0.0,98139.0,0.3197,0.2203999999999999,179.54,-1.3245430992000151,27.44,0.0875715232961576,0,1279638.0,0.0,82839.0,0.3344,0.2458,172.27,21.08666666666667,20361.8262,0.24578783810357194,1.1212049933078454,0
YAMAHA MOTOR - PRUDENCIAL,2022-12-01,1643966.0,0.0,98139.0,0.2864,0.2165,180.33,1.6286339977999995,29.036666666666665,0.0800496978778459,0,1345230.0,0.0,82839.0,0.3331,0.2542999999999999,174.3,22.62,21065.95769999999,0.2634164745005481,1.0282863053837161,0
YAMAHA MOTOR - PRUDENCIAL,2023-03-01,1924928.0,0.0,107197.0,0.2429,0.1809,182.74,2.094210609200031,30.19,0.07362209156754,0,1348644.0,0.0,90637.0,0.3442,0.2615,175.72,24.72,23701.575500000003,0.29577465728465346,0.867500522730592,0
YAMAHA MOTOR - PRUDENCIAL,2023-06-01,2181477.0,0.0,107197.0,0.2076,0.1643,184.28,0.760729877599986,32.02333333333333,0.0807728718432157,0,1420857.0,0.0,90637.0,0.3379,0.2157,177.81,25.546666666666667,19550.4009,0.3557562334593637,0.5938314152736315,0
YAMAHA MOTOR - PRUDENCIAL,2023-09-01,2390798.0,0.0,121258.0,0.193,0.1356,184.44,0.6111867176000096,31.51333333333333,0.0905754606655205,0,1503652.0,0.0,98139.0,0.3197,0.2203999999999999,179.54,27.44,21629.83559999999,0.3869161256600946,0.46029381276254816,0
YAMAHA MOTOR - PRUDENCIAL,2023-12-01,2442819.0,0.0,121258.0,0.1805999999999999,0.1292,185.03,1.083587763199989,30.41333333333333,0.1006111770806257,0,1643966.0,0.0,98139.0,0.2864,0.2165,180.33,29.036666666666665,21247.0935,0.41016809614460287,0.36327052148367317,0
YAMAHA MOTOR - PRUDENCIAL,2024-03-01,2686447.0,0.0,138306.0,0.1741,0.1325,186.65,1.415491577599992,29.896666666666665,0.0945803380705335,0,1924928.0,0.0,107197.0,0.2429,0.1809,182.74,30.19,19391.9373,0.45148122526258916,0.1946877195866111,0
YAMAHA MOTOR - PRUDENCIAL,2024-06-01,2717199.0,0.0,138306.0,0.1871999999999999,0.1447,189.49,1.053515670799987,29.07333333333333,0.100873439344031,0,2181477.0,0.0,107197.0,0.2076,0.1643,184.28,32.02333333333333,17612.4671,0.48208033888472607,0.07170935770671519,0
YAMAHA MOTOR - PRUDENCIAL,2024-09-01,2713206.0,0.0,157512.0,0.1689999999999999,0.1248,190.99,0.8015076655999875,28.473333333333333,0.1036631169997569,0,2390798.0,0.0,121258.0,0.193,0.1356,184.44,31.51333333333333,16442.5848,0.4777775533178868,0.08894838582458792,0
YAMAHA MOTOR - PRUDENCIAL,2024-12-01,2644282.0,0.0,157512.0,0.2193,0.1406,191.11,1.47713535680003,27.96,0.1127098810507588,0,2442819.0,0.0,121258.0,0.1805999999999999,0.1292,185.03,30.41333333333333,15666.5336,0.46143431910916277,0.15456973607195823,0
ZEMA CFI - PRUDENCIAL,2022-03-01,415454.0,0.0,641964.0,0.1994,0.0,175.72,3.2006523548000043,24.72,0.3690002554481756,1,422265.0,0.0,497845.0,0.192,0.0,173.12,22.403333333333336,0.0,0.6571190800986497,-0.6504820354286339,1
ZEMA CFI - PRUDENCIAL,2022-06-01,390601.0,0.0,641964.0,0.2034,0.0,177.81,2.215266379399994,25.546666666666667,0.3868086785168646,1,447592.0,0.0,497845.0,0.1701,0.0,172.06,21.46333333333333,0.0,0.6343036727463285,-0.5507245365382049,1
ZEMA CFI - PRUDENCIAL,2022-09-01,382829.0,0.0,707157.0,0.1864,0.0,179.54,-1.3245430992000151,27.44,0.3577440859684707,1,468351.0,0.0,566007.0,0.216,0.0,172.27,21.08666666666667,0.0,0.6211870225941106,-0.4945895799461046,1
ZEMA CFI - PRUDENCIAL,2022-12-01,419723.0,0.0,707157.0,0.1981,0.0,180.33,1.6286339977999995,29.036666666666665,0.174470514212376,1,445915.0,0.0,566007.0,0.2238,0.0,174.3,22.62,0.0,0.6612725407331165,-0.6689702412911089,1
ZEMA CFI - PRUDENCIAL,2023-03-01,433374.0,0.0,760084.0,0.1881,0.0,182.74,2.094210609200031,30.19,0.2091466929890545,1,415454.0,0.0,641964.0,0.1994,0.0,175.72,24.72,0.0,0.7107156751258518,-0.8988624275711222,1
ZEMA CFI - PRUDENCIAL,2023-06-01,492474.0,0.0,760084.0,0.1841,0.0,184.28,0.760729877599986,32.02333333333333,0.1906429189245272,1,390601.0,0.0,641964.0,0.2034,0.0,177.81,25.546666666666667,0.0,0.735737182166704,-1.0239288350927906,1
ZEMA CFI - PRUDENCIAL,2023-09-01,511491.0,0.0,788301.0,0.1830999999999999,0.0,184.44,0.6111867176000096,31.51333333333333,0.1702669958402315,1,382829.0,0.0,707157.0,0.1864,0.0,179.54,27.44,0.0,0.7734578427823866,-1.22794011400392,1
ZEMA CFI - PRUDENCIAL,2023-12-01,542955.0,0.0,788301.0,0.1747,0.0,185.03,1.083587763199989,30.41333333333333,0.1106462023144225,0,419723.0,0.0,707157.0,0.1981,0.0,180.33,29.036666666666665,0.0,0.7928311391130598,-1.3420760453528875,1
ZEMA CFI - PRUDENCIAL,2024-03-01,543254.0,0.0,793120.0,0.1785999999999999,0.0,186.65,1.415491577599992,29.896666666666665,0.1372925100760484,0,433374.0,0.0,760084.0,0.1881,0.0,182.74,30.19,0.0,0.8159275678571518,-1.4889962525018132,1
ZEMA CFI - PRUDENCIAL,2024-06-01,519679.0,0.0,793120.0,0.1887,0.0,189.49,1.053515670799987,29.07333333333333,0.1472314330713352,0,492474.0,0.0,760084.0,0.1841,0.0,184.28,32.02333333333333,0.0,0.8368755187562733,-1.6351617377484675,1
ZEMA CFI - PRUDENCIAL,2024-09-01,559732.0,0.0,779692.0,0.1914999999999999,0.0,190.99,0.8015076655999875,28.473333333333333,0.1410426768267675,0,511491.0,0.0,788301.0,0.1830999999999999,0.0,184.44,31.51333333333333,0.0,0.8308240131144734,-1.5914784789775034,1
ZEMA CFI - PRUDENCIAL,2024-12-01,459676.0,0.0,779692.0,0.1737,0.0,191.11,1.47713535680003,27.96,0.1061575116735376,0,542955.0,0.0,788301.0,0.1747,0.0,185.03,30.41333333333333,0.0,0.8187770616216176,-1.5080838611246898,1
